case_fan_id,product_id,mm_size,color,rpm,airflow,noise_level,pwm_4-pin
270101,108988,120,Black,600 - 1500 RPM,43.25 CFM,24.8 dB,Yes
270102,108989,120,Black,600 - 1500 RPM,43.25 CFM,24.8 dB,Yes
270103,108990,120,White,2200 RPM,63 CFM,36 dB,Yes
270104,108991,120,Multicolor,300 - 1500 RPM,54.97 CFM,22.4 dB,Yes
270105,108992,120,Black / Clear,500 - 1500 RPM,56.5 CFM,17.8 - 27 dB,Yes
270106,108993,120,Black,1450 RPM,50.5 CFM,16.4 dB,Yes
270107,108994,140,Multicolor,300 - 1500 RPM,82.52 CFM,24.6 dB,Yes
270108,108995,120,Gray,450 - 1700 RPM,70.75 CFM,25.1 dB,Yes
270109,108996,120,Black,500 - 1500 RPM,17.48 - 52.44 CFM,22 - 33 dB,Yes
270110,108997,120,Black,650 - 2000 RPM,59 CFM,31 dB,No
270111,108998,120,Black,500 - 1500 RPM,51.4 - 87 CFM,20.2 dB,Yes
270112,108999,120,White / Black,1300 RPM,74 CFM,,No
270113,109000,120,White,2200 RPM,63 CFM,36 dB,Yes
270114,109001,120,Brown,450 - 2000 RPM,49.73 - 60.1 CFM,18.8 - 22.6 dB,Yes
270115,109002,120,Brown,300 - 1500 RPM,43.73 - 54.97 CFM,18.6 - 22.4 dB,Yes
270116,109003,120,Brown / Black,750 - 3000 RPM,109.89 CFM,43.5 dB,Yes
270117,109004,120,Black,650 - 2000 RPM,59 CFM,31 dB,Yes
270118,109005,140,Brown,300 - 1500 RPM,68 - 82.5 CFM,19.2 - 24.6 dB,Yes
270119,109006,140,Black,600 - 1300 RPM,51.5 CFM,25 dB,Yes
270120,109007,140,Brown / Black,800 - 3000 RPM,158.5 CFM,41.3 dB,Yes
270121,109008,120,Black,1500 RPM,41.8 CFM,26 dB,Yes
270122,109009,140,Black,1000 RPM,59.5 CFM,15.5 dB,Yes
270123,109010,120,Black,400 - 2400 RPM,12 - 75 CFM,16 - 37 dB,Yes
270124,109011,120,Black,500 - 1500 RPM,17.48 - 52.44 CFM,22 - 33 dB,Yes
270125,109012,120,Black / White,500 - 1500 RPM,56.5 CFM,27 dB,Yes
270126,109013,140,Black,500 - 1500 RPM,30.39 - 91.19 CFM,22 - 33 dB,Yes
270127,109014,140,Black,600 - 1300 RPM,51.5 CFM,25 dB,Yes
270128,109015,140,Black / Gray,450 - 1500 RPM,78.69 CFM,25.8 dB,Yes
270129,109016,120,Black,200 - 1800 RPM,56.3 CFM,,Yes
270130,109017,120,Black,1400 RPM,52 CFM,26 dB,No
270131,109018,120,Black / White,1400 RPM,52 CFM,26 dB,No
270132,109019,140,Black,400 - 1000 RPM,61.2 CFM,19.8 dB,Yes
270133,109020,120,Black,500 - 1500 RPM,56.45 CFM,25.8 dB,Yes
270134,109021,120,Black / White,400 - 1600 RPM,47.3 CFM,25 dB,Yes
270135,109022,140,Black,500 - 1400 RPM,63.19 CFM,27.2 dB,Yes
270136,109023,120,Multicolor,300 - 1200 RPM,63.27 CFM,17.8 dB,Yes
270137,109024,120,Black,200 - 1800 RPM,56.3 CFM,,Yes
270138,109025,120,Brown,450 - 1850 RPM,41.67 - 55.44 CFM,16.8 - 23.9 dB,Yes
270139,109026,120,Black,2200 RPM,73.33 CFM,28.6 dB,Yes
270140,109027,120,Black / White,800 - 1725 RPM,54.4 CFM,18 - 30 dB,Yes
270141,109028,120,White,1500 RPM,52.19 CFM,25.2 dB,No
270142,109029,120,Black / White,1350 RPM,53 CFM,,Yes
270143,109030,120,White / Black,400 - 2400 RPM,12 - 75 CFM,16 - 37 dB,Yes
270144,109031,120,Black,1800 RPM,56.3 CFM,,No
270145,109032,120,Black,1400 RPM,52 CFM,26 dB,No
270146,109033,120,Black,,40.99 CFM,19.5 dB,No
270147,109034,120,Black / White,400 - 1600 RPM,47.3 CFM,25 dB,Yes
270148,109035,120,Black,1200 RPM,52.3 CFM,19.4 dB,No
270149,109036,80,Black / Gray,325 - 1800 RPM,31.37 CFM,17.1 dB,Yes
270150,109037,120,Black,1500 RPM,51.4 CFM,19.2 dB,No
270151,109038,140,Black,1600 RPM,77.57 CFM,28.1 dB,Yes
270152,109039,120,,500 - 1500 RPM,56.5 CFM,17.8 - 27 dB,No
270153,109040,140,White / Black,550 - 1350 RPM,77.3 CFM,,Yes
270154,109041,140,Black / Gray,1000 RPM,67.43 CFM,,No
270155,109042,120,Black,200 - 1800 RPM,56.3 CFM,22.5 dB,Yes
270156,109043,140,Black,400 - 2000 RPM,20 - 97 CFM,16 - 37 dB,Yes
270157,109044,120,Black / Gray,400 - 1200 RPM,59.1 CFM,18.1 dB,Yes
270158,109045,120,Black,500 - 1500 RPM,48.34 CFM,24.7 dB,Yes
270159,109046,120,White / Black,400 - 2400 RPM,12 - 75 CFM,16 - 37 dB,Yes
270160,109047,120,Brown / Black,450 - 2000 RPM,71.69 CFM,29.7 dB,Yes
270161,109048,140,Black,1000 RPM,61.2 CFM,18.8 dB,No
270162,109049,120,Black,500 - 1500 RPM,21.01 - 63.02 CFM,22 - 31 dB,Yes
270163,109050,140,Black,650 - 1500 RPM,90 CFM,33.5 dB,Yes
270164,109051,120,Black / White,1400 RPM,52 CFM,26 dB,No
270165,109052,120,Blue,1500 RPM,57.67 CFM,24.7 dB,No
270166,109053,120,Translucent Gray,2000 RPM,69.69 CFM,19 dB,No
270167,109054,120,Black,500 - 1500 RPM,48.34 CFM,24.7 dB,Yes
270168,109055,120,Black,500 - 1500 RPM,20 - 61.4 CFM,22 - 31 dB,Yes
270169,109056,120,Black / Multicolor,450 - 1850 RPM,55.44 CFM,23.9 dB,Yes
270170,109057,120,Clear,2000 RPM,69 CFM,19 dB,No
270171,109058,120,Red,1500 RPM,57.67 CFM,24.7 dB,No
270172,109059,140,Multicolor,300 - 1500 RPM,82.52 CFM,24.6 dB,Yes
270173,109060,140,Black,1250 RPM,50.2 CFM,26 dB,Yes
270174,109061,120,Brown,300 - 1200 RPM,,10.7 - 17.8 dB,Yes
270175,109062,140,Brown / Black,500 - 2000 RPM,107.41 CFM,31.5 dB,Yes
270176,109063,120,Black,1500 RPM,52.19 CFM,25.2 dB,No
270177,109064,140,Black / White,400 - 1200 RPM,55.4 CFM,20.4 dB,Yes
270178,109065,120,Black,1000 - 1800 RPM,54 CFM,,Yes
270179,109066,140,Black,500 - 1500 RPM,30.39 - 91.19 CFM,22 - 33 dB,Yes
270180,109067,120,Black,500 - 1500 RPM,17.48 - 52.44 CFM,22 - 33 dB,Yes
270181,109068,140,Black / White,1150 RPM,62 CFM,26 dB,No
270182,109069,80,Brown,450 - 2200 RPM,25.84 - 32.66 CFM,13.8 - 17.7 dB,Yes
270183,109070,92,Brown,300 - 2200 RPM,22.42 - 29.72 CFM,13.5 - 19.89 dB,Yes
270184,109071,140,Black,200 - 1700 RPM,72.8 CFM,22.5 dB,Yes
270185,109072,120,Black / Red,1500 RPM,52.19 CFM,25.2 dB,No
270186,109073,120,Black,650 - 2000 RPM,59 CFM,8 - 30 dB,Yes
270187,109074,120,Black,500 - 1500 RPM,41.13 CFM,25.2 dB,Yes
270188,109075,120,White / Black,1400 RPM,52 CFM,26 dB,Yes
270189,109076,140,Black,200 - 1700 RPM,72.8 CFM,22.5 dB,Yes
270190,109077,140,White / Black,400 - 2000 RPM,20 - 97 CFM,16 - 37 dB,Yes
270191,109078,120,White / Black,1350 RPM,53 CFM,22.5 dB,Yes
270192,109079,140,Black,500 - 1400 RPM,60.68 CFM,26.5 dB,Yes
270193,109080,120,Black / White,1400 RPM,52 CFM,26 dB,No
270194,109081,92,Black / Multicolor,600 - 2500 RPM,33.84 CFM,23.6 dB,Yes
270195,109082,92,Brown,400 - 2000 RPM,36.84 - 46.44 CFM,16.3 - 22.8 dB,Yes
270196,109083,120,Black / White,800 - 1725 RPM,54.4 CFM,18 - 30 dB,Yes
270197,109084,120,White / Black,500 - 2000 RPM,20.68 - 85.71 CFM,14.8 - 32.7 dB,Yes
270198,109085,140,Black,1200 RPM,118.2 CFM,26.5 dB,No
270199,109086,120,Gray,300 - 1300 RPM,54.32 CFM,19.8 dB,Yes
270200,109087,200,Brown,350 - 800 RPM,59.33 - 86.46 CFM,10.7 - 18.1 dB,Yes
270201,109088,140,Black / White,400 - 1200 RPM,55.4 CFM,20.4 dB,Yes
270202,109089,120,Black,500 - 2000 RPM,18.28 - 73.11 CFM,21 - 36 dB,Yes
270203,109090,120,Black / Blue,1000 - 1500 RPM,40.6 CFM,18.7 - 24.6 dB,No
270204,109091,120,Black / Red,400 - 2400 RPM,12 - 75 CFM,16 - 37 dB,Yes
270205,109092,120,Black,600 - 1350 RPM,74 CFM,,Yes
270206,109093,92,Black / Multicolor,400 - 2000 RPM,46.44 CFM,22.8 dB,Yes
270207,109094,120,Black,500 - 1800 RPM,53.3 CFM,25 dB,Yes
270208,109095,140,Black,500 - 1200 RPM,64.13 CFM,19.8 - 24 dB,No
270209,109096,120,Black,1450 RPM,50.5 CFM,16.4 dB,No
270210,109097,120,White / Black,300 - 1350 RPM,53 CFM,,Yes
270211,109098,140,Black,,34.48 - 103.43 CFM,21 - 35 dB,Yes
270212,109099,140,Black / White,400 - 2000 RPM,20 - 97 CFM,16 - 37 dB,Yes
270213,109100,120,Black / White,800 - 2050 RPM,57.2 CFM,,Yes
270214,109101,120,Black,500 - 1800 RPM,50 CFM,27 dB,Yes
270215,109102,140,Black,1150 RPM,62 CFM,26 dB,No
270216,109103,140,Black / Gray,350 - 1200 RPM,64.92 CFM,19.6 dB,Yes
270217,109104,120,Black,1300 RPM,44.71 CFM,26 dB,No
270218,109105,120,Black,950 RPM,40 CFM,19 dB,No
270219,109106,200,Black / Multicolor,350 - 800 RPM,86.46 CFM,18.1 dB,Yes
270220,109107,120,Black,600 - 2000 RPM,21.2 - 76.8 CFM,13 - 32 dB,Yes
270221,109108,120,Black / White,1000 - 1500 RPM,40.6 CFM,18.7 - 24.6 dB,No
270222,109109,140,Brown / Black,500 - 2000 RPM,107.41 CFM,31.5 dB,Yes
270223,109110,140,Black,500 - 1400 RPM,70.32 CFM,30.4 dB,Yes
270224,109111,120,Black,600 - 1500 RPM,43.54 CFM,26 dB,Yes
270225,109112,120,Black,650 - 2000 RPM,59 CFM,8 - 30 dB,No
270226,109113,200,,800 RPM,90 CFM,28 dB,No
270227,109114,120,Black,1200 RPM,38.2 CFM,22 dB,No
270228,109115,120,Brown / Black,450 - 2000 RPM,71.69 CFM,29.7 dB,Yes
270229,109116,120,Black,1800 RPM,61.4 CFM,31.7 dB,Yes
270230,109117,120,Black,2000 RPM,74.48 CFM,29.28 dB,No
270231,109118,120,White / Black,800 RPM,37 CFM,,No
270232,109119,140,Brown,900 - 1200 RPM,,13.8 - 19.2 dB,Yes
270233,109120,80,White / Black,850 - 2000 RPM,31 CFM,,Yes
270234,109121,120,White / Black,1200 RPM,52.3 CFM,19.4 dB,No
270235,109122,140,Black,1200 RPM,66.4 CFM,25.5 dB,No
270236,109123,120,Black,1200 RPM,32 CFM,25 dB,No
270237,109124,120,Black / White,500 - 2200 RPM,77 CFM,33.5 dB,Yes
270238,109125,120,White / Black,1400 RPM,52 CFM,26 dB,Yes
270239,109126,140,Black,500 - 1500 RPM,23.9 - 71.6 CFM,22 - 33 dB,Yes
270240,109127,140,Black,1000 RPM,68.4 CFM,18.9 dB,No
270241,109128,140,Black / White,1200 RPM,82.1 CFM,19 dB,No
270242,109129,120,Black,,40.99 CFM,19.5 dB,No
270243,109130,80,White / Black,2000 RPM,31 CFM,,No
270244,109131,120,Black,2000 RPM,45.03 CFM,32.6 dB,Yes
270245,109132,140,Black / White,600 - 1350 RPM,74 CFM,18 - 28.6 dB,Yes
270246,109133,120,Black,1350 RPM,57.67 CFM,24.7 dB,No
270247,109134,140,Black / Red,400 - 2000 RPM,20 - 97 CFM,16 - 37 dB,Yes
270248,109135,92,Black / Gray,350 - 1600 RPM,37.85 CFM,17.6 dB,Yes
270249,109136,120,Black / White,500 - 1800 RPM,53.3 CFM,25 dB,Yes
270250,109137,140,Black,1000 RPM,59.5 CFM,15.5 dB,No
270251,109138,120,Black,1500 RPM,35.2 CFM,24.7 dB,No
270252,109139,120,Black / White,1500 RPM,57.67 CFM,24.7 dB,No
270253,109140,80,Black,450 - 1900 RPM,33.15 CFM,19.2 dB,Yes
270254,109141,120,Black / White,200 - 1800 RPM,69 CFM,24.4 dB,Yes
270255,109142,40,Brown,1200 - 5000 RPM,4.89 - 5.53 CFM,12.2 - 14.9 dB,Yes
270256,109143,120,Brown / Black,2000 RPM,71.69 CFM,29.7 dB,No
270257,109144,120,Black / White,1400 RPM,52 CFM,26 dB,No
270258,109145,140,Black,1150 RPM,67.8 CFM,24 dB,No
270259,109146,80,Black,,21.8 CFM,20 dB,No
270260,109147,40,Brown,3700 - 4500 RPM,3.88 - 4.83 CFM,12.9 - 17.89 dB,No
270261,109148,200,Black,500 - 1000 RPM,117.96 CFM,29.2 dB,Yes
270262,109149,120,Black / White,200 - 1000 RPM,44 CFM,5 - 19 dB,Yes
270263,109150,120,Black,1200 RPM,41.8 CFM,24.8 dB,No
270264,109151,120,Black,650 - 1100 RPM,48.8 CFM,6 - 20 dB,Yes
270265,109152,120,Black / Blue,400 - 2400 RPM,12 - 75 CFM,16 - 37 dB,Yes
270266,109153,120,Black,500 - 1500 RPM,56.45 CFM,25.8 dB,Yes
270267,109154,120,Black,300 - 1500 RPM,24.53 - 68.27 CFM,12 - 23 dB,Yes
270268,109155,120,Black,1200 RPM,44.73 CFM,19.1 dB,No
270269,109156,140,Black,500 - 1400 RPM,63.19 CFM,27.2 dB,Yes
270270,109157,120,Black / Gray,1200 RPM,59.1 CFM,18.1 dB,No
270271,109158,120,Black,800 - 1800 RPM,41.2 CFM,27.8 dB,No
270272,109159,120,Black,1800 RPM,56.3 CFM,,No
270273,109160,120,Black / Clear,500 - 1600 RPM,53.08 CFM,14.7 - 28.3 dB,Yes
270274,109161,140,Black,500 - 1600 RPM,68.09 CFM,25.3 dB,Yes
270275,109162,120,Black,500 - 1800 RPM,50 CFM,27 dB,Yes
270276,109163,120,Black,650 - 1900 RPM,48.8 - 84.5 CFM,6 - 36 dB,Yes
270277,109164,80,Black,750 - 1900 RPM,26.3 CFM,18.2 dB,No
270278,109165,120,Black,1400 RPM,83.4 CFM,25.3 dB,No
270279,109166,120,Black,2350 RPM,62.74 CFM,35 dB,No
270280,109167,120,Black,1200 RPM,60.4 CFM,17.7 dB,No
270281,109168,140,Black / White,600 - 1350 RPM,74 CFM,18 - 28.6 dB,Yes
270282,109169,140,Black / White,1000 RPM,68.4 CFM,18.89 dB,No
270283,109170,80,Black,2000 RPM,23.96 CFM,22.3 dB,No
270284,109171,120,White / Black,500 - 2000 RPM,20.68 - 85.71 CFM,14.8 - 32.7 dB,Yes
270285,109172,120,Black,2200 RPM,73.33 CFM,28.6 dB,No
270286,109173,120,Black,1500 RPM,47 CFM,26.5 dB,No
270287,109174,120,Black / White,500 - 2000 RPM,87.6 CFM,32.2 dB,Yes
270288,109175,140,Black / White,500 - 1700 RPM,31.67 - 103.85 CFM,15.1 - 34.1 dB,Yes
270289,109176,120,White,1200 RPM,40.6 CFM,15 dB,No
270290,109177,140,Black,500 - 1800 RPM,27.27 - 98.17 CFM,21 - 38 dB,Yes
270291,109178,120,Black / Red,1000 - 1500 RPM,40.6 CFM,18.7 - 24.6 dB,No
270292,109179,120,Silver / Black,400 - 1500 RPM,37.1 CFM,26 dB,Yes
270293,109180,140,Brown / Black,2000 RPM,107.42 CFM,31.5 dB,No
270294,109181,120,Black,1500 RPM,52.19 CFM,25.2 dB,No
270295,109182,140,Black / White,1800 RPM,104 CFM,25.3 dB,No
270296,109183,120,Black / White,500 - 1500 RPM,56.5 CFM,17.8 - 27 dB,No
270297,109184,92,Black,500 - 1900 RPM,33.15 CFM,19.6 dB,Yes
270298,109185,120,Black,200 - 1300 RPM,9.8 - 74.25 CFM,3 - 26.5 dB,Yes
270299,109186,140,White / Black,220 - 800 RPM,46 CFM,27.2 dB,No
270300,109187,140,Brown,900 - 1200 RPM,52.2 - 68 CFM,13.8 - 19.2 dB,No
270301,109188,140,Black / Gray,1000 RPM,67.43 CFM,,No
270302,109189,140,Black,200 - 1700 RPM,72.8 CFM,22.5 dB,Yes
270303,109190,120,Black,1000 RPM,38.89 CFM,17.78 dB,No
270304,109191,120,Black,500 - 1500 RPM,56.5 CFM,17.8 - 27 dB,Yes
270305,109192,140,Black,1150 RPM,62 CFM,26 dB,No
270306,109193,120,Black,200 - 1800 RPM,56.3 CFM,,Yes
270307,109194,200,Black,500 - 1000 RPM,123.53 CFM,28 dB,Yes
270308,109195,140,Black / White,1350 RPM,74 CFM,,Yes
270309,109196,200,Black,,129.63 CFM,28.2 dB,No
270310,109197,140,Black,1500 RPM,78.09 CFM,30.1 dB,Yes
270311,109198,120,Clear,1000 RPM,40.99 CFM,19.5 dB,No
270312,109199,120,Black,2000 RPM,45.03 CFM,32.6 dB,Yes
270313,109200,140,Black / White,1150 RPM,62 CFM,26 dB,No
270314,109201,120,White / Black,900 RPM,38.5 - 65 CFM,15.9 dB,Yes
270315,109202,140,White / Black,500 - 1700 RPM,31.67 - 103.85 CFM,15.1 - 34.1 dB,Yes
270316,109203,120,Translucent Gray,2000 RPM,69.69 CFM,19 dB,No
270317,109204,120,Red,1200 - 1600 RPM,72.67 CFM,29.1 dB,No
270318,109205,120,Black / Red,1650 RPM,57.24 CFM,26.4 dB,No
270319,109206,120,Blue,2000 RPM,74.48 CFM,29.28 dB,No
270320,109207,120,Black,5500 RPM,252.85 CFM,66.5 dB,No
270321,109208,140,Black,500 - 800 RPM,53 CFM,6 - 20 dB,No
270322,109209,120,Black,1050 RPM,24.1 CFM,,No
270323,109210,120,Black,4000 RPM,190 CFM,59 dB,No
270324,109211,120,Black,1100 RPM,39.88 CFM,21 dB,No
270325,109212,120,Black,900 - 1500 RPM,48.31 CFM,28.2 dB,Yes
270326,109213,120,Clear,1800 - 2000 RPM,69.15 CFM,39.29 dB,No
270327,109214,120,White,500 - 2000 RPM,58 - 64 CFM,18 - 35 dB,Yes
270328,109215,140,White / Black,1000 RPM,68.4 CFM,18.9 dB,No
270329,109216,120,Black,500 - 2200 RPM,56 CFM,37.9 dB,Yes
270330,109217,120,Black / Red,200 - 1800 RPM,69 CFM,24.4 dB,Yes
270331,109218,120,Black,1100 RPM,38.5 CFM,15.7 dB,No
270332,109219,120,Black / Gray,700 RPM,33.49 CFM,6.8 dB,No
270333,109220,120,White / Black,1350 RPM,57 CFM,,No
270334,109221,140,Black,1200 RPM,82.1 CFM,19 dB,No
270335,109222,120,Black / White,1300 RPM,43.2 CFM,25.88 dB,No
270336,109223,120,Black,1450 RPM,37.85 CFM,23 dB,No
270337,109224,120,White / Black,200 - 2100 RPM,67.56 CFM,,Yes
270338,109225,120,Brown,600 - 800 RPM,,6.7 - 8.6 dB,No
270339,109226,120,Black / White,1400 RPM,52 CFM,26 dB,No
270340,109227,120,Black / Blue,1500 RPM,52.19 CFM,25.2 dB,No
270341,109228,120,Black,500 - 1500 RPM,47.53 CFM,22 dB,No
270342,109229,120,Brown,1350 - 2000 RPM,37.96 - 60.09 CFM,14.2 - 22.6 dB,No
270343,109230,120,Black,1100 RPM,39.88 CFM,21 dB,No
270344,109231,80,Black / Gray,1200 RPM,21.07 CFM,9.1 dB,No
270345,109232,120,White / Black,1400 RPM,52 CFM,26 dB,Yes
270346,109233,120,Black,1000 - 1500 RPM,40.6 CFM,26.4 dB,No
270347,109234,140,Black,1000 RPM,68.4 CFM,18.89 dB,No
270348,109235,120,Black,1500 RPM,57.67 CFM,24.7 dB,No
270349,109236,120,White,1200 RPM,52.3 CFM,19.4 dB,No
270350,109237,80,Black,2000 RPM,28.89 CFM,20.9 dB,No
270351,109238,200,Clear,700 RPM,110 CFM,19 dB,No
270352,109239,120,Black,600 - 1500 RPM,43.54 CFM,26 dB,Yes
270353,109240,140,Black / Gray,450 - 1500 RPM,78.69 CFM,25.8 dB,Yes
270354,109241,140,Black,650 - 2800 RPM,46.2 - 82.2 CFM,6 - 36 dB,Yes
270355,109242,120,Black,2000 RPM,45.03 CFM,32.6 dB,Yes
270356,109243,120,Black,1350 RPM,57.67 CFM,24.7 dB,Yes
270357,109244,140,Black / White,600 - 1200 RPM,40.9 - 85.19 CFM,19 dB,Yes
270358,109245,120,Black,1300 RPM,54.4 CFM,24.2 dB,No
270359,109246,120,Black,1900 RPM,110.31 CFM,37 dB,No
270360,109247,120,Black / Red,500 - 1800 RPM,19.79 - 71.27 CFM,17.2 - 33.6 dB,Yes
270361,109248,92,White / Black,1800 RPM,43 CFM,,No
270362,109249,120,Black,1350 RPM,57.67 CFM,24.7 dB,No
270363,109250,120,Black,800 - 1500 RPM,70.5 CFM,17.89 dB,No
270364,109251,120,Black,500 - 2400 RPM,74.81 CFM,16 - 39.9 dB,Yes
270365,109252,120,Clear,1200 RPM,41.9 CFM,23.2 dB,No
270366,109253,200,Black,700 RPM,110 CFM,19 dB,No
270367,109254,120,Black / White,600 - 2200 RPM,83 CFM,13 - 37 dB,Yes
270368,109255,140,Black / White,1150 RPM,62 CFM,26 dB,No
270369,109256,140,Black,1200 RPM,66.4 CFM,25.5 dB,No
270370,109257,200,Black,500 - 1000 RPM,117.96 CFM,29.2 dB,Yes
270371,109258,80,Black / White,2000 RPM,31 CFM,22.5 dB,Yes
270372,109259,140,Black / White,1000 - 1400 RPM,51.15 CFM,22.1 - 28.1 dB,No
270373,109260,140,Black,500 - 1500 RPM,23.9 - 71.6 CFM,22 - 33 dB,Yes
270374,109261,120,Black,500 - 1500 RPM,21.01 - 63.02 CFM,22 - 31 dB,Yes
270375,109262,92,White / Black,1800 RPM,43 CFM,,No
270376,109263,140,Black,1200 RPM,66.4 CFM,25.5 dB,No
270377,109264,140,Black,1100 - 1400 RPM,51.15 CFM,19 - 28.1 dB,Yes
270378,109265,140,Black / White,500 - 1600 RPM,68.09 CFM,17 - 25.3 dB,Yes
270379,109266,120,Black,650 - 2000 RPM,35 - 62 CFM,5.5 - 22 dB,Yes
270380,109267,120,Black,650 - 2000 RPM,59 CFM,8 - 30 dB,Yes
270381,109268,120,Black,1200 RPM,44 CFM,22.5 dB,No
270382,109269,120,Brown,950 - 1850 RPM,27.37 - 55.44 CFM,10.2 - 23.9 dB,No
270383,109270,80,Brown,1200 - 2000 RPM,17 - 29.67 CFM,7.9 - 16.1 dB,No
270384,109271,120,Black / White,330 - 1600 RPM,49 CFM,10 - 25 dB,Yes
270385,109272,120,Black / White,1500 RPM,57.67 CFM,24.7 dB,No
270386,109273,140,White / Black,1100 RPM,49.8 - 85 CFM,14.7 dB,No
270387,109274,140,Black / Red,1800 RPM,104 CFM,25.3 dB,No
270388,109275,120,Gray,1300 RPM,54.32 CFM,19.8 dB,No
270389,109276,120,Black,1900 RPM,110.31 CFM,37 dB,No
270390,109277,140,Black / Gray,900 RPM,49.26 CFM,13.2 dB,No
270391,109278,120,Black,1100 RPM,38.5 CFM,15.9 dB,Yes
270392,109279,120,Black,500 - 1500 RPM,47.53 CFM,22 dB,No
270393,109280,120,Black / White,650 - 1300 RPM,42.7 CFM,6 - 20 dB,Yes
270394,109281,120,Black,500 - 1500 RPM,20 - 61.4 CFM,22 - 31 dB,Yes
270395,109282,120,Brown,700 - 1200 RPM,,7.4 - 17.8 dB,No
270396,109283,120,Black / Green,1650 RPM,57.24 CFM,26.4 dB,No
270397,109284,120,Black,1000 - 1500 RPM,40.6 CFM,26.4 dB,No
270398,109285,120,White / Transparent,200 - 1800 RPM,56.3 CFM,,Yes
270399,109286,120,Gray,1850 RPM,57.68 CFM,28 dB,No
270400,109287,120,Black,650 - 2500 RPM,42.7 - 83.1 CFM,6 - 36 dB,Yes
270401,109288,140,White / Black,500 - 1700 RPM,47.9 - 105.9 CFM,33.7 dB,Yes
270402,109289,140,Black / White,1150 RPM,62 CFM,26 dB,No
270403,109290,120,Black / Transparent,800 - 2000 RPM,13.1 - 32.6 CFM,14.7 - 24.6 dB,Yes
270404,109291,80,Black,2000 RPM,26 - 44.2 CFM,15.5 dB,Yes
270405,109292,120,Black,3000 RPM,107 CFM,42 dB,Yes
270406,109293,120,White / Black,1200 RPM,50.63 CFM,19.5 dB,No
270407,109294,120,Black / Blue,500 - 1500 RPM,63.1 CFM,6.9 - 26.2 dB,Yes
270408,109295,200,Brown,550 - 800 RPM,59.33 - 86.46 CFM,10.7 - 18.1 dB,No
270409,109296,120,Black / Gray,1850 RPM,63 CFM,29.5 dB,Yes
270410,109297,120,Brown,900 - 1300 RPM,,12.6 - 19.8 dB,Yes
270411,109298,120,Black,500 - 1500 RPM,47.53 CFM,22 dB,No
270412,109299,120,Black / Red,500 - 1500 RPM,63.1 CFM,6.9 - 26.2 dB,Yes
270413,109300,140,Black,500 - 1200 RPM,64.13 CFM,19.8 - 24 dB,Yes
270414,109301,140,Black,600 - 1300 RPM,89.55 CFM,12.5 - 22.19 dB,Yes
270415,109302,120,Black / White,1200 RPM,46.5 CFM,20.5 dB,No
270416,109303,120,Black,1300 RPM,42.7 CFM,20 dB,Yes
270417,109304,120,Black,500 - 1400 RPM,5 - 14 CFM,24.7 dB,Yes
270418,109305,120,Blue,600 - 1000 RPM,21.5 - 35.79 CFM,8.9 - 19.89 dB,No
270419,109306,120,Black,,53.65 CFM,26.6 dB,No
270420,109307,120,Black,5200 RPM,240.96 CFM,62 dB,No
270421,109308,120,Black / Transparent,200 - 1800 RPM,56.3 CFM,,Yes
270422,109309,140,Black / Red,1440 RPM,49.49 CFM,29.3 dB,No
270423,109310,140,Black,900 RPM,49.8 CFM,14.9 dB,Yes
270424,109311,230,Black / White,900 RPM,156.72 CFM,25.6 dB,No
270425,109312,120,Black,2350 RPM,62.74 CFM,35 dB,Yes
270426,109313,80,Black / Gray,1800 RPM,31.37 CFM,17.1 dB,No
270427,109314,120,Brown,900 - 1200 RPM,23.19 - 32.78 CFM,7.6 - 12.1 dB,No
270428,109315,92,White / Black,550 - 1800 RPM,43 CFM,,Yes
270429,109316,140,White / Black,1000 RPM,63.33 CFM,19.4 dB,No
270430,109317,120,Black,650 - 2000 RPM,43 CFM,8 - 30 dB,Yes
270431,109318,140,Black,1000 RPM,60.9 CFM,16 dB,No
270432,109319,120,Black,1500 RPM,52.19 CFM,25.2 dB,No
270433,109320,120,White / Black,1350 RPM,53 CFM,,No
270434,109321,140,Black / Red,1000 - 1400 RPM,51.15 CFM,22.1 - 28.1 dB,No
270435,109322,120,Black,600 - 1200 RPM,30.54 CFM,19 dB,Yes
270436,109323,120,Black / Red,1500 RPM,57.67 CFM,24.7 dB,No
270437,109324,120,Black / Orange,1000 - 1500 RPM,40.6 CFM,18.7 - 24.6 dB,No
270438,109325,140,Brown,650 - 800 RPM,,9.1 - 11.9 dB,No
270439,109326,120,Black,650 - 1500 RPM,35 CFM,6 - 20 dB,Yes
270440,109327,120,Black,600 - 1500 RPM,43.54 CFM,26 dB,Yes
270441,109328,92,Black,1800 RPM,32.6 - 55.4 CFM,17.4 dB,Yes
270442,109329,140,Black,500 - 800 RPM,53 CFM,6 - 20 dB,Yes
270443,109330,120,Black / Blue,1500 RPM,57.67 CFM,24.7 dB,No
270444,109331,140,Black,700 - 1300 RPM,76 CFM,23 dB,Yes
270445,109332,140,Black / White,1500 RPM,85 CFM,29 dB,Yes
270446,109333,80,Black,850 - 2000 RPM,31 CFM,,Yes
270447,109334,140,Black,650 - 1550 RPM,46.2 CFM,6 - 20 dB,Yes
270448,109335,120,Gray,900 RPM,37.31 CFM,12.6 dB,No
270449,109336,120,Black,1350 RPM,57.67 CFM,24.7 dB,No
270450,109337,140,Black / Blue,400 - 2000 RPM,20 - 97 CFM,16 - 37 dB,Yes
270451,109338,120,Black,1200 RPM,58.47 CFM,25.15 dB,No
270452,109339,120,Black / Translucent Black,200 - 1800 RPM,56.3 CFM,,Yes
270453,109340,200,Clear,700 RPM,110 CFM,19 dB,No
270454,109341,120,Black / White,1200 RPM,52.3 CFM,19.39 dB,No
270455,109342,140,Green,1000 RPM,73.18 CFM,18 dB,No
270456,109343,140,Black,1600 RPM,77.57 CFM,28.1 dB,No
270457,109344,120,Black,2000 RPM,69 CFM,19 dB,No
270458,109345,140,White / Black,600 - 1850 RPM,128 CFM,13 - 38 dB,Yes
270459,109346,92,Black,8000 RPM,175.03 CFM,66.5 dB,No
270460,109347,80,Black,2000 RPM,24.2 CFM,20 dB,No
270461,109348,140,Black,600 - 2200 RPM,113.5 CFM,16 - 39.5 dB,Yes
270462,109349,120,Black,1200 RPM,52.3 CFM,19.39 dB,No
270463,109350,140,Black / Blue,1000 - 1400 RPM,51.15 CFM,22.1 - 28.1 dB,No
270464,109351,120,Blue,1500 RPM,50.28 CFM,21.1 dB,No
270465,109352,120,Black,500 - 1500 RPM,47.53 CFM,22 dB,No
270466,109353,120,Black / Translucent White,500 - 1280 RPM,43.31 CFM,20.2 dB,Yes
270467,109354,80,Black / White,1600 RPM,20.2 CFM,18.1 dB,No
270468,109355,120,Red / Black,200 - 2100 RPM,67.56 CFM,,Yes
270469,109356,120,Black,1500 RPM,25.06 CFM,18 dB,No
270470,109357,120,Clear,1200 RPM,59.1 CFM,26.8 dB,No
270471,109358,200,Black,850 RPM,110.1 CFM,25 dB,No
270472,109359,140,Black,1100 - 1400 RPM,51.15 CFM,19 - 28.1 dB,No
270473,109360,140,White / Black,900 RPM,49.8 - 85 CFM,14.9 dB,Yes
270474,109361,120,Orange,1700 RPM,63.85 CFM,29.67 dB,No
270475,109362,120,Black,2000 RPM,59.8 CFM,37 dB,No
270476,109363,120,Black / White,1500 RPM,50 CFM,29 dB,Yes
270477,109364,140,Black / Purple,1440 RPM,49.49 CFM,29.3 dB,No
270478,109365,120,Black / White,1200 RPM,56.22 CFM,18.9 dB,No
270479,109366,120,Clear,1200 RPM,59.1 CFM,26.8 dB,No
270480,109367,140,Black / Gray,1200 RPM,64.92 CFM,19.6 dB,No
270481,109368,120,Orange,800 - 1500 RPM,70.5 CFM,17.9 dB,No
270482,109369,140,Black,1700 RPM,72.8 CFM,22.5 dB,No
270483,109370,120,Black / White,1100 RPM,36 CFM,25 dB,No
270484,109371,140,Black,700 - 1300 RPM,65 CFM,24 dB,Yes
270485,109372,140,Black,650 - 1600 RPM,53 - 106 CFM,6 - 36 dB,Yes
270486,109373,120,Black / Transparent,700 - 1800 RPM,74.5 CFM,18 - 35.2 dB,Yes
270487,109374,200,Black / White,900 RPM,148.72 CFM,27.5 dB,No
270488,109375,120,Clear,950 RPM,40 CFM,19 dB,No
270489,109376,140,Black / White,400 - 1350 RPM,74 CFM,,No
270490,109377,140,Black,500 - 1500 RPM,34.48 - 103.43 CFM,21 - 35 dB,Yes
270491,109378,140,Black,950 RPM,29.8 CFM,20 dB,No
270492,109379,140,Black / Clear,500 - 1500 RPM,69.03 CFM,18.1 - 32.5 dB,Yes
270493,109380,80,Black,800 - 3000 RPM,10.9 - 40.79 CFM,13 - 28 dB,Yes
270494,109381,120,White / Blue,500 - 1500 RPM,66.3 CFM,17.6 - 27.8 dB,Yes
270495,109382,120,Black / White,800 - 1725 RPM,54.4 CFM,18 - 30 dB,Yes
270496,109383,92,White / Black,1800 RPM,35 CFM,,Yes
270497,109384,120,Black,1000 RPM,66 CFM,18.5 dB,No
270498,109385,120,Black,1650 RPM,63.47 CFM,30 dB,No
270499,109386,120,Black,1350 RPM,57.67 CFM,24.7 dB,No
270500,109387,140,White,1000 RPM,68.4 CFM,18.9 dB,No
270501,109388,120,Black / White,1200 RPM,45 CFM,21 dB,No
270502,109389,120,Black,2200 RPM,81.02 CFM,25 dB,No
270503,109390,40,Black,13000 RPM,24 CFM,54.5 dB,No
270504,109391,120,Black,1400 RPM,16.39 - 44 CFM,6.5 - 14 dB,Yes
270505,109392,120,Green,,64.37 CFM,16.6 dB,No
270506,109393,120,Black,4000 RPM,150.33 CFM,56.4 dB,No
270507,109394,120,White,1200 - 1800 RPM,53.02 - 86.69 CFM,,Yes
270508,109395,120,Black / White,1500 RPM,50 CFM,29 dB,Yes
270509,109396,140,Black,,55.4 CFM,22 dB,No
270510,109397,140,Black / Orange,1000 - 1400 RPM,51.15 CFM,22.1 - 28.1 dB,No
270511,109398,120,White,2200 RPM,77 CFM,33.5 dB,Yes
270512,109399,140,Black,200 - 1700 RPM,72.8 CFM,22.5 dB,Yes
270513,109400,120,Black / White,400 - 1500 RPM,58.1 CFM,21.2 dB,Yes
270514,109401,80,Blue,2500 RPM,33.21 CFM,22.41 dB,No
270515,109402,140,Black,500 - 1200 RPM,64.13 CFM,19.8 - 24 dB,Yes
270516,109403,120,Black,1450 RPM,37.85 CFM,23 dB,No
270517,109404,80,Black,200 - 3000 RPM,23.4 CFM,,Yes
270518,109405,120,Black / Red,1200 RPM,50.44 CFM,20.7 dB,No
270519,109406,140,Black,1200 RPM,66.4 CFM,25.5 dB,No
270520,109407,120,Black / Green,200 - 1800 RPM,69 CFM,24.4 dB,Yes
270521,109408,120,Black,1200 RPM,60.4 CFM,17.7 dB,No
270522,109409,120,White / Black,1100 RPM,38.5 - 65 CFM,15.7 dB,No
270523,109410,92,Black,900 - 1900 RPM,33.15 CFM,18.6 dB,No
270524,109411,120,Orange,1200 RPM,60.4 CFM,17.7 dB,No
270525,109412,140,Black / White,600 RPM,43.33 CFM,5.71 dB,No
270526,109413,120,Black / Red,1500 RPM,57.67 CFM,24.7 dB,No
270527,109414,230,Black,900 RPM,97.8 CFM,20 dB,No
270528,109415,140,Black / Blue,1440 RPM,49.49 CFM,29.3 dB,No
270529,109416,120,Black,1200 - 2000 RPM,95 CFM,36 dB,Yes
270530,109417,120,Black,600 - 1300 RPM,57.53 CFM,6.9 - 16.05 dB,Yes
270531,109418,120,Black / White,1300 RPM,54.4 CFM,24.2 dB,No
270532,109419,140,Clear,1000 RPM,83.6 CFM,24.5 dB,No
270533,109420,120,,1200 RPM,45.8 CFM,14.5 dB,No
270534,109421,140,White,500 - 1600 RPM,68.1 CFM,25 dB,Yes
270535,109422,120,Black,1500 RPM,47 CFM,26.5 dB,No
270536,109423,120,Black / Green,1000 - 1500 RPM,40.6 CFM,18.7 - 24.6 dB,No
270537,109424,140,Black / White,300 - 1200 RPM,83.92 CFM,24.28 dB,Yes
270538,109425,120,Black,1600 RPM,54.55 CFM,11 - 30.32 dB,Yes
270539,109426,140,,300 - 1000 RPM,98 CFM,9 - 18 dB,Yes
270540,109427,120,Black / Yellow,200 - 1800 RPM,69 CFM,24.4 dB,Yes
270541,109428,140,Black,1700 RPM,72.8 CFM,22.5 dB,No
270542,109429,120,Black,1200 RPM,68.54 CFM,24 dB,No
270543,109430,140,Black / White,1150 RPM,62 CFM,26 dB,No
270544,109431,120,Black,1500 RPM,47 CFM,28.7 dB,No
270545,109432,140,Black / White,1440 RPM,49.49 CFM,29.3 dB,No
270546,109433,120,Black,1200 - 2000 RPM,95 CFM,36 dB,Yes
270547,109434,120,Black,1500 RPM,50.5 CFM,18.9 dB,Yes
270548,109435,80,Black,2000 RPM,26 CFM,14.5 dB,No
270549,109436,120,Brown,600 - 1200 RPM,28.95 - 59.21 CFM,6 - 18.1 dB,No
270550,109437,140,Black / Gray,1600 RPM,84 CFM,31.6 dB,Yes
270551,109438,120,Black,1500 RPM,52.19 CFM,25.2 dB,No
270552,109439,120,Black / Red,1500 RPM,57.67 CFM,24.7 dB,No
270553,109440,140,Clear,1000 RPM,60.9 CFM,16 dB,No
270554,109441,80,Black,2000 RPM,25.64 CFM,22.05 dB,No
270555,109442,120,Red,1400 RPM,74 CFM,15 dB,No
270556,109443,120,Black,400 - 1300 RPM,55.7 CFM,7 - 17 dB,Yes
270557,109444,120,Black,1200 RPM,44.73 CFM,19.1 dB,No
270558,109445,120,Black / White,500 - 1500 RPM,23 - 61.6 CFM,21 - 27 dB,Yes
270559,109446,200,Black / White,900 RPM,148.72 CFM,27.5 dB,No
270560,109447,120,Black / Green,1650 RPM,57.24 CFM,26.4 dB,No
270561,109448,140,Black / White,1150 RPM,62 CFM,26 dB,No
270562,109449,200,White,1300 RPM,166.2 CFM,37.25 dB,No
270563,109450,140,Black,1000 RPM,67.02 CFM,20 dB,No
270564,109451,120,Black / Red,1200 RPM,36.72 CFM,24.3 dB,No
270565,109452,120,Red,800 - 1500 RPM,32.5 - 82.6 CFM,12.6 - 26.5 dB,No
270566,109453,120,Black,1200 RPM,42.58 CFM,19.7 dB,No
270567,109454,120,Silver,900 - 1500 RPM,48.31 CFM,28.2 dB,Yes
270568,109455,120,Black,6000 RPM,210.38 CFM,64 dB,Yes
270569,109456,120,Black / White,1500 RPM,57.67 CFM,24.7 dB,No
270570,109457,120,Black,1650 RPM,63.47 CFM,30 dB,No
270571,109458,140,White / Black,200 - 1000 RPM,42.1 CFM,9 - 19.5 dB,Yes
270572,109459,140,Black,2500 RPM,144 CFM,48.4 dB,Yes
270573,109460,140,Black / White,1000 RPM,66 CFM,18.5 dB,No
270574,109461,120,Clear,950 RPM,40 CFM,19 dB,No
270575,109462,120,Translucent Gray,900 RPM,42.13 CFM,11 dB,No
270576,109463,180,Black,400 - 1500 RPM,24.49 - 140.13 CFM,18 - 37 dB,Yes
270577,109464,120,White,1000 RPM,43.5 CFM,20 dB,No
270578,109465,120,White,800 - 1500 RPM,32.5 - 82.6 CFM,12.6 - 26.5 dB,No
270579,109466,80,Black,2500 RPM,31.73 CFM,28 dB,No
270580,109467,140,Black,5000 - 1200 RPM,64.13 CFM,19.8 - 24 dB,No
270581,109468,140,Brown,750 - 1200 RPM,41.93 - 64.95 CFM,10.1 - 19.6 dB,No
270582,109469,120,Black / White,1200 RPM,64.37 CFM,16.6 dB,No
270583,109470,120,White / Black,1500 RPM,57 CFM,,Yes
270584,109471,120,Black / Gray,1150 RPM,40 CFM,23.7 dB,Yes
270585,109472,92,Brown,1050 - 1600 RPM,25.25 - 38.02 CFM,8.4 - 17.1 dB,No
270586,109473,120,Black / White,2000 RPM,32.6 CFM,23.5 dB,No
270587,109474,120,Yellow / Black,300 - 1500 RPM,16.6 - 82.1 CFM,4 - 29.8 dB,Yes
270588,109475,120,Black,650 - 2750 RPM,35 - 62.1 CFM,6 - 36 dB,Yes
270589,109476,200,Clear,800 RPM,129.63 CFM,28.2 dB,No
270590,109477,200,Black / White,850 RPM,110.1 CFM,25 dB,No
270591,109478,120,White / Black,1500 RPM,54 CFM,,No
270592,109479,120,Clear,1300 RPM,44.71 CFM,26 dB,No
270593,109480,140,Black / White,1000 RPM,63.33 CFM,19.4 dB,No
270594,109481,140,Blue,1200 RPM,59.6 CFM,29.4 dB,No
270595,109482,140,Black / White,1100 - 1500 RPM,71.2 - 93.4 CFM,15.5 - 23.4 dB,No
270596,109483,120,Black / Gray,1100 - 1500 RPM,62.5 - 81.5 CFM,14.8 - 23.1 dB,No
270597,109484,140,Black / White,1000 RPM,56.1 CFM,21.6 dB,No
270598,109485,140,Black,500 - 1400 RPM,73.91 CFM,29.4 dB,No
270599,109486,200,Blue,800 RPM,76 CFM,18 dB,No
270600,109487,120,Black,800 - 1500 RPM,32.5 - 82.6 CFM,12.6 - 26.5 dB,No
270601,109488,92,Clear,2300 RPM,31.62 CFM,26 dB,No
270602,109489,140,White,700 - 1800 RPM,56.1 CFM,24.2 dB,Yes
270603,109490,140,Black,500 - 1800 RPM,122.2 CFM,29.2 dB,Yes
270604,109491,120,Black,500 - 1400 RPM,48.79 CFM,18.2 - 24.8 dB,Yes
270605,109492,120,Black / White,500 - 1800 RPM,6.37 - 25.5 CFM,19.25 - 23.54 dB,Yes
270606,109493,120,Black / Red,1500 RPM,57.67 CFM,24.7 dB,No
270607,109494,120,Clear,1000 RPM,36.86 CFM,18 dB,No
270608,109495,92,Black,1900 RPM,32.53 CFM,20.8 dB,No
270609,109496,120,White,600 - 1000 RPM,21.2 - 35.3 CFM,8.9 - 19.89 dB,No
270610,109497,120,Black,1200 - 2000 RPM,95 CFM,36 dB,Yes
270611,109498,140,Gray,600 - 1350 RPM,74 CFM,22.5 dB,Yes
270612,109499,120,Blue,1700 RPM,63.85 CFM,29.67 dB,No
270613,109500,120,White / Transparent,200 - 1800 RPM,56.3 CFM,,Yes
270614,109501,120,Black,650 - 2000 RPM,49 CFM,30 dB,Yes
270615,109502,120,Black / Yellow,1000 - 1500 RPM,40.6 CFM,18.7 - 24.6 dB,No
270616,109503,120,Clear,500 - 1500 RPM,26.51 - 71.25 CFM,8 dB,Yes
270617,109504,120,Black / White,1300 RPM,41.4 CFM,21 dB,No
270618,109505,120,White,1200 RPM,59.1 CFM,26.8 dB,No
270619,109506,120,Black,500 - 1800 RPM,79.81 CFM,17.6 - 32.5 dB,Yes
270620,109507,120,Black,1200 RPM,32 CFM,25 dB,No
270621,109508,120,Clear,1200 RPM,41.9 CFM,23.2 dB,No
270622,109509,140,Black / Green,1000 - 1400 RPM,51.15 CFM,22.1 - 28.1 dB,No
270623,109510,120,Red,1500 RPM,50.28 CFM,21.1 dB,No
270624,109511,120,Black / White,1650 RPM,57.24 CFM,26.4 dB,No
270625,109512,140,Black,900 RPM,49.8 CFM,14.7 dB,No
270626,109513,140,Black,1200 RPM,48.7 CFM,23 dB,No
270627,109514,140,White,500 - 1800 RPM,122.2 CFM,29.2 dB,Yes
270628,109515,120,Black,1200 - 2000 RPM,95 CFM,36 dB,Yes
270629,109516,120,Black / White,1500 RPM,94.8 CFM,23.8 dB,No
270630,109517,120,Black / White,1200 RPM,56.22 CFM,18.9 dB,No
270631,109518,120,Orange,1200 RPM,60.4 CFM,17.7 dB,No
270632,109519,140,White / Black,1300 RPM,77.3 CFM,,No
270633,109520,140,Brown / Black,900 - 1200 RPM,60.23 - 82 CFM,14.5 - 21.5 dB,No
270634,109521,120,Black / White,1200 RPM,50.63 CFM,19.5 dB,No
270635,109522,120,Black,650 - 1500 RPM,35 CFM,6 - 20 dB,Yes
270636,109523,140,Black / White,1000 RPM,50 CFM,21 dB,No
270637,109524,120,Red,1500 RPM,52.05 CFM,25 dB,No
270638,109525,80,Black,2050 RPM,25.46 CFM,23.5 dB,No
270639,109526,120,Blue,1500 RPM,57.67 CFM,24.7 dB,No
270640,109527,120,Clear,1300 RPM,44.71 CFM,26 dB,No
270641,109528,140,Black / White,500 - 1500 RPM,13.62 - 44.2 CFM,19.25 - 23.54 dB,Yes
270642,109529,92,Black,800 - 2800 RPM,15.7 - 54.8 CFM,17 - 35 dB,Yes
270643,109530,80,Black,2500 RPM,33.21 CFM,22.41 dB,No
270644,109531,140,Black,1700 RPM,65.03 CFM,32 dB,Yes
270645,109532,140,Black,1200 RPM,48 CFM,22 dB,No
270646,109533,120,Black,1450 RPM,37.85 CFM,23 dB,Yes
270647,109534,120,Purple,1500 RPM,52.19 CFM,25.2 dB,No
270648,109535,120,Black / White,500 - 1800 RPM,58.39 - 76.52 CFM,17.6 - 31.8 dB,Yes
270649,109536,120,White,1300 RPM,47.27 CFM,25.35 dB,No
270650,109537,140,Black,500 - 1300 RPM,37.37 - 97.18 CFM,13 - 30.7 dB,Yes
270651,109538,120,Black / Pink,1500 RPM,57.67 CFM,24.7 dB,Yes
270652,109539,140,Black,,55.4 CFM,22 dB,No
270653,109540,80,Black,200 - 3000 RPM,23.4 CFM,,Yes
270654,109541,120,Clear,950 RPM,40 CFM,19 dB,No
270655,109542,120,Black / White,1100 - 1500 RPM,62.5 - 81.5 CFM,14.8 - 23.1 dB,No
270656,109543,140,Black / White,900 - 1300 RPM,28.3 - 73.6 CFM,17 - 21 dB,Yes
270657,109544,120,Black,1000 RPM,43.5 CFM,20 dB,No
270658,109545,120,Gray / Black,300 - 1200 RPM,16.6 - 51.17 CFM,4 - 24.9 dB,Yes
270659,109546,120,Black / Red,1200 RPM,50.44 CFM,20.7 dB,No
270660,109547,140,,1700 RPM,65.03 CFM,32 dB,Yes
270661,109548,120,Black,1100 RPM,36 CFM,25 dB,No
270662,109549,92,Black / White,1300 RPM,24.6 CFM,12.5 dB,No
270663,109550,140,White / Black,1000 RPM,63.33 CFM,19.4 dB,No
270664,109551,140,Black / White,1200 RPM,86.73 CFM,22.8 dB,No
270665,109552,120,Black,1400 RPM,90 CFM,18 dB,No
270666,109553,120,Black,1800 RPM,35.2 CFM,26.8 dB,Yes
270667,109554,120,Black / Blue,1500 RPM,57.67 CFM,24.7 dB,No
270668,109555,80,White / Black,2000 RPM,33 CFM,,No
270669,109556,120,Black / Green,1500 RPM,57.67 CFM,24.7 dB,No
270670,109557,140,White / Black,400 - 1500 RPM,24 - 78.1 CFM,10 - 30.1 dB,Yes
270671,109558,80,Red,2500 RPM,33.21 CFM,22.41 dB,No
270672,109559,120,Gray / White,1800 RPM,61.93 CFM,18.2 - 31.4 dB,Yes
270673,109560,120,Clear,2000 RPM,79 CFM,30 dB,No
270674,109561,140,White / Black,850 - 1200 RPM,78.5 - 118.2 CFM,18.3 - 26.5 dB,No
270675,109562,120,Black,700 - 1600 RPM,54.5 CFM,23.5 dB,Yes
270676,109563,140,Black / Gray,1100 - 1500 RPM,71.2 - 93.4 CFM,15.5 - 23.4 dB,No
270677,109564,140,Black / White,1200 RPM,82.1 CFM,19 dB,No
270678,109565,120,Clear,2000 RPM,79 CFM,30 dB,No
270679,109566,120,Red,2000 RPM,74.48 CFM,29.28 dB,No
270680,109567,120,Black,2350 RPM,62.74 CFM,35 dB,No
270681,109568,140,Black,700 - 1200 RPM,71.8 CFM,17.6 - 26.7 dB,Yes
270682,109569,140,Black,500 - 1800 RPM,18.77 - 60.54 CFM,18.48 - 23.33 dB,Yes
270683,109570,230,White,900 RPM,156.27 CFM,25.6 dB,No
270684,109571,200,Transparent,700 RPM,103 CFM,20 dB,No
270685,109572,120,Black / Red,1650 RPM,57.24 CFM,26.4 dB,No
270686,109573,80,White / Black,850 - 2000 RPM,31 CFM,,Yes
270687,109574,140,Black / White,1500 RPM,85 CFM,29 dB,Yes
270688,109575,140,Black,1200 RPM,47.1 CFM,23.3 dB,No
270689,109576,140,Red,800 - 1500 RPM,50 - 96.5 CFM,14.5 - 29.6 dB,No
270690,109577,120,Black / Red,1200 RPM,50.44 CFM,20.7 dB,No
270691,109578,140,Black / Red,1440 RPM,49.49 CFM,29.3 dB,No
270692,109579,120,Black,1200 RPM,41.8 CFM,24.8 dB,No
270693,109580,120,Black / White,1300 RPM,54.4 CFM,24.2 dB,No
270694,109581,120,Red / Black,1200 RPM,51.02 CFM,19.6 - 25.2 dB,No
270695,109582,120,Yellow / Gray,600 - 1000 RPM,21.5 - 35.79 CFM,8.9 - 19.89 dB,No
270696,109583,120,Black,600 - 1200 RPM,21.3 - 42.6 CFM,17 - 23.7 dB,No
270697,109584,140,Black,1200 RPM,41.2 CFM,26.8 dB,No
270698,109585,120,Black,600 - 1600 RPM,81.45 CFM,8 - 18 dB,Yes
270699,109586,120,Transparent,2000 RPM,79 CFM,30 dB,No
270700,109587,120,Blue / White,800 - 2000 RPM,13.1 - 32.6 CFM,14.7 - 24.6 dB,Yes
270701,109588,120,Black,1800 RPM,35.2 CFM,26.8 dB,Yes
270702,109589,120,Clear,1000 RPM,40.99 CFM,19.5 dB,No
270703,109590,140,Black / White,1000 RPM,63.33 CFM,19.4 dB,No
270704,109591,140,Black,500 - 2000 RPM,42.8 - 171 CFM,13.4 - 43.5 dB,Yes
270705,109592,120,,650 - 1100 RPM,48.8 CFM,6 - 20 dB,Yes
270706,109593,120,Black,1500 RPM,52.05 CFM,25 dB,No
270707,109594,120,Black,1450 RPM,37.85 CFM,23 dB,Yes
270708,109595,120,Clear,1200 - 2200 RPM,43.5 - 87.5 CFM,23.5 - 38.15 dB,No
270709,109596,40,Black,4200 RPM,4.5 CFM,18.89 dB,No
270710,109597,120,Black,1000 RPM,43.5 CFM,20 dB,No
270711,109598,120,White,700 - 2200 RPM,77.9 CFM,36.8 dB,Yes
270712,109599,80,White / Black,1200 RPM,15.1 CFM,,No
270713,109600,80,Black,1400 RPM,14.8 - 23.8 CFM,8.4 dB,No
270714,109601,120,Black,600 - 1600 RPM,81.45 CFM,8 - 18 dB,Yes
270715,109602,120,Black,1500 RPM,50.5 CFM,16.5 dB,Yes
270716,109603,140,Black,750 RPM,45.4 CFM,15 dB,No
270717,109604,92,Brown,300 - 1600 RPM,30.96 - 37.85 CFM,13.1 - 17.6 dB,No
270718,109605,120,Transparent,1000 - 1800 RPM,,20 - 32 dB,No
270719,109606,80,Black,5000 RPM,67.09 CFM,43.8 dB,No
270720,109607,140,White / Black,500 - 1600 RPM,68.1 CFM,25 dB,Yes
270721,109608,80,Silver,2000 RPM,21.5 CFM,20.3 dB,No
270722,109609,140,Black / Red,1100 - 1500 RPM,71.2 - 93.4 CFM,15.5 - 23.4 dB,No
270723,109610,80,,3000 RPM,23.4 CFM,,No
270724,109611,120,Black,2400 RPM,38 CFM,11 dB,Yes
270725,109612,92,Black / Gray,350 - 1600 RPM,37.85 CFM,17.6 dB,No
270726,109613,120,Black,1500 RPM,58.85 CFM,24 dB,Yes
270727,109614,120,Black / Blue,1100 - 1500 RPM,62.5 - 81.5 CFM,14.8 - 23.1 dB,No
270728,109615,120,White / Silver,800 - 2400 RPM,110.03 CFM,17 - 39.5 dB,No
270729,109616,120,,800 - 1800 RPM,42.17 CFM,26.5 dB,Yes
270730,109617,140,Black,500 - 1200 RPM,56.89 CFM,21 dB,No
270731,109618,140,Black / White,1200 RPM,86.73 CFM,22.8 dB,No
270732,109619,120,Transparent,1800 - 2000 RPM,69.15 CFM,39.29 dB,No
270733,109620,140,Black / White,1200 RPM,82.1 CFM,19 dB,No
270734,109621,80,Black,800 - 2500 RPM,9.74 - 25.02 CFM,10 - 28 dB,No
270735,109622,80,Clear,2700 RPM,32.95 CFM,26.5 dB,No
270736,109623,120,Black,1200 RPM,60 CFM,26 dB,No
270737,109624,80,,200 - 3000 RPM,23.4 CFM,,Yes
270738,109625,120,Translucent Gray,1250 RPM,51.2 CFM,16 dB,No
270739,109626,80,Black,3000 RPM,37.27 CFM,27 dB,No
270740,109627,140,Black / Red,1000 RPM,60.55 CFM,21.8 dB,No
270741,109628,120,Black / Blue,1400 RPM,27.53 CFM,24 dB,No
270742,109629,80,Red,1500 - 2600 RPM,20 - 34 CFM,18 - 30 dB,No
270743,109630,230,Black,900 RPM,156.27 CFM,25.6 dB,No
270744,109631,140,Black,1000 RPM,58 CFM,23 dB,No
270745,109632,120,Black,2200 RPM,77 CFM,33.5 dB,Yes
270746,109633,120,Black / Gray,2200 RPM,77 CFM,33.5 dB,Yes
270747,109634,40,Translucent Blue,3800 RPM,3.94 CFM,14 dB,No
270748,109635,140,Black / White,1000 RPM,63.33 CFM,19.4 dB,No
270749,109636,140,Orange,700 - 1200 RPM,55.5 - 70.5 CFM,16.4 - 19.2 dB,No
270750,109637,120,Black / Blue,1500 RPM,64.3 CFM,12 - 25 dB,No
270751,109638,80,Translucent Black,4000 RPM,52.8 CFM,45.6 dB,No
270752,109639,120,Black / White,1000 RPM,36.86 CFM,18 dB,No
270753,109640,120,Transparent,2000 RPM,79.8 CFM,38 dB,No
270754,109641,120,Brown,900 - 1300 RPM,37.33 - 54.36 CFM,12.6 - 19.8 dB,No
270755,109642,120,Black,500 - 1800 RPM,70.52 CFM,26.1 dB,Yes
270756,109643,120,Blue,800 - 1500 RPM,32.5 - 82.6 CFM,12.6 - 26.5 dB,No
270757,109644,140,Black / Green,1440 RPM,49.49 CFM,29.3 dB,No
270758,109645,120,Black / White,1200 RPM,50.63 CFM,19.5 dB,No
270759,109646,92,Transparent,2200 RPM,38 CFM,27 dB,No
270760,109647,40,Black / White,4000 RPM,4.34 CFM,18 dB,No
270761,109648,92,Black,1600 RPM,28.8 - 48.9 CFM,18 dB,No
270762,109649,120,Black / Multicolor,1500 RPM,57.67 CFM,24.7 dB,No
270763,109650,120,Clear,1000 RPM,40.99 CFM,19.5 dB,No
270764,109651,140,Black / Blue,1100 - 1500 RPM,71.2 - 93.4 CFM,15.5 - 23.4 dB,No
270765,109652,120,Black,1500 RPM,57.67 CFM,24.7 dB,No
270766,109653,120,Black / Pink,1500 RPM,57.67 CFM,24.7 dB,No
270767,109654,120,Red,1700 RPM,,29.67 dB,No
270768,109655,140,Red,1200 RPM,59.6 CFM,29.4 dB,No
270769,109656,120,Black,600 - 1300 RPM,57.53 CFM,6.9 - 16.05 dB,Yes
270770,109657,140,Black,800 - 1500 RPM,50 - 96.5 CFM,14.5 - 29.6 dB,No
270771,109658,120,Green,600 - 1000 RPM,21.2 - 35.3 CFM,8.9 - 19.89 dB,No
270772,109659,140,Black,700 - 1200 RPM,55.5 - 70.5 CFM,16.4 - 19.2 dB,No
270773,109660,230,Clear,900 RPM,156.27 CFM,25.6 dB,No
270774,109661,120,Black / Green,1500 RPM,57.67 CFM,24.7 dB,No
270775,109662,120,Black,700 - 2200 RPM,77.9 CFM,36.8 dB,Yes
270776,109663,140,White,1000 RPM,83.6 CFM,24.5 dB,No
270777,109664,80,Black,2000 RPM,26 - 44.1 CFM,15.8 dB,No
270778,109665,140,Black / White,1000 RPM,46.87 CFM,15 - 20 dB,No
270779,109666,120,Black,1000 RPM,43.5 CFM,20 dB,No
270780,109667,120,Black / Orange,1500 RPM,50.28 CFM,21.1 dB,No
270781,109668,230,Black / White,900 RPM,156.72 CFM,25.6 dB,No
270782,109669,200,Black,800 RPM,134 CFM,30 dB,No
270783,109670,120,Translucent Black,500 - 1200 RPM,27.6 - 68.4 CFM,60.8 - 14.6 dB,Yes
270784,109671,120,Black,900 - 1800 RPM,,20 - 34 dB,No
270785,109672,120,Blue,1200 RPM,64.37 CFM,16.6 dB,No
270786,109673,200,Red,800 RPM,76 CFM,18 dB,No
270787,109674,120,Transparent,1200 RPM,38.2 CFM,22 dB,No
270788,109675,140,Black / Green,1800 RPM,104 CFM,25.3 dB,No
270789,109676,120,Green,1700 RPM,63.85 CFM,29.67 dB,No
270790,109677,80,Black,3000 RPM,23.4 CFM,,No
270791,109678,120,Clear,2000 RPM,76 CFM,15.5 - 26.9 dB,Yes
270792,109679,120,Black / Green,1500 RPM,57.67 CFM,24.7 dB,No
270793,109680,120,Blue,1200 RPM,43.2 CFM,19.8 dB,No
270794,109681,140,Black,600 - 1300 RPM,89.55 CFM,12.5 - 22.19 dB,Yes
270795,109682,120,Black,600 - 2000 RPM,26.4 - 85.6 CFM,13 - 30 dB,No
270796,109683,140,Black,500 - 1200 RPM,56.89 CFM,21 dB,No
270797,109684,120,Clear,1800 - 2000 RPM,69.15 CFM,39.29 dB,No
270798,109685,120,Black / White,200 - 1000 RPM,44 CFM,5 - 19 dB,Yes
270799,109686,120,Black / Blue,950 - 2000 RPM,66 CFM,30 dB,No
270800,109687,140,Black / Red,1000 RPM,60.55 CFM,21.8 dB,No
270801,109688,140,White / Blue,700 - 1200 RPM,71.8 CFM,17.6 - 26.7 dB,Yes
270802,109689,120,Black / White,800 - 2000 RPM,40.26 - 57.64 CFM,23.7 - 39.2 dB,Yes
270803,109690,120,Black / Blue,1650 RPM,57.24 CFM,26.4 dB,No
270804,109691,120,Red,500 - 1800 RPM,20.42 - 75.98 CFM,14 - 25 dB,Yes
270805,109692,200,Blue,800 RPM,125 CFM,20 dB,No
270806,109693,120,Black,1500 - 3500 RPM,72.47 - 155.08 CFM,23 - 38 dB,Yes
270807,109694,120,Clear,1400 RPM,74 CFM,15 dB,No
270808,109695,140,Green,800 - 1500 RPM,50 - 96.5 CFM,14.5 - 29.6 dB,No
270809,109696,92,Black / White,550 - 1800 RPM,43 CFM,,Yes
270810,109697,140,White,1200 RPM,86.73 CFM,22.8 dB,No
270811,109698,120,Black,1200 RPM,56.22 CFM,18.89 dB,No
270812,109699,140,Translucent Blue,800 RPM,35.31 CFM,13 dB,No
270813,109700,80,Black,1700 RPM,30 CFM,25 dB,No
270814,109701,80,Brown,800 - 1800 RPM,,7 - 17 dB,No
270815,109702,140,Black / Purple,1440 RPM,49.49 CFM,29.3 dB,No
270816,109703,120,Black / White,1800 RPM,55 CFM,33 dB,No
270817,109704,120,Black,1400 RPM,56.5 CFM,23 dB,No
270818,109705,120,Yellow / Black,200 - 2100 RPM,67.56 CFM,,Yes
270819,109706,120,Black,1500 RPM,50.5 CFM,15.7 dB,No
270820,109707,120,Black,1600 RPM,81.45 CFM,18 dB,No
270821,109708,120,Yellow,1100 RPM,44 CFM,12 dB,No
270822,109709,140,Black,2000 RPM,108 CFM,40.7 dB,Yes
270823,109710,140,Clear,200 RPM,83.6 CFM,24.5 dB,No
270824,109711,120,White,700 - 1600 RPM,54.5 CFM,23.5 dB,Yes
270825,109712,140,Silver,1000 RPM,54.7 CFM,17 - 19.6 dB,No
270826,109713,140,White,800 - 1500 RPM,50 - 96.5 CFM,14.5 - 29.6 dB,No
270827,109714,120,Black / White,1300 RPM,54.4 CFM,24.2 dB,No
270828,109715,120,White,750 - 1500 RPM,58 CFM,12 - 25.5 dB,Yes
270829,109716,120,Clear,2000 RPM,74.48 CFM,29.28 dB,No
270830,109717,140,Black / White,1400 RPM,104.93 CFM,28.5 dB,No
270831,109718,120,Black / Red,1100 - 1500 RPM,62.5 - 81.5 CFM,14.8 - 23.1 dB,No
270832,109719,140,Black / White,1200 RPM,82.1 CFM,19 dB,No
270833,109720,140,Black / White,1000 RPM,73.18 CFM,18 dB,No
270834,109721,80,White,1500 - 3500 RPM,15 - 36.87 CFM,18.1 - 34.8 dB,No
270835,109722,120,White,1300 RPM,51.14 CFM,17 dB,No
270836,109723,140,Black / Yellow,1000 - 1400 RPM,51.15 CFM,22.1 - 28.1 dB,No
270837,109724,92,Blue / White,1500 - 2800 RPM,26.8 - 49.5 CFM,14.1 - 27.7 dB,Yes
270838,109725,120,Black / Blue,1500 RPM,57.67 CFM,24.7 dB,No
270839,109726,120,,1200 RPM,36.72 CFM,24.3 dB,No
270840,109727,80,Clear,1500 RPM,24 CFM,14 dB,No
270841,109728,200,Black,900 RPM,148.72 CFM,27.5 dB,No
270842,109729,120,Black,1100 RPM,36 CFM,25 dB,No
270843,109730,120,Orange,1700 RPM,63.85 CFM,29.67 dB,No
270844,109731,120,Black,1200 RPM,56.22 CFM,18.89 dB,No
270845,109732,120,Black,1500 RPM,53 CFM,28 dB,No
270846,109733,120,Clear,2000 RPM,59.8 CFM,36 dB,No
270847,109734,92,Transparent,1300 - 2500 RPM,47 CFM,18.6 - 28 dB,No
270848,109735,140,Black,1000 RPM,60.4 CFM,15.8 dB,No
270849,109736,140,Black,1000 RPM,64.5 CFM,17.89 dB,No
270850,109737,120,Black / Purple,1650 RPM,57.24 CFM,26.4 dB,No
270851,109738,92,Black,4100 RPM,90.02 CFM,50 dB,No
270852,109739,120,Black / White,1500 RPM,47 CFM,28.7 dB,No
270853,109740,120,Black / Purple,1650 RPM,57.24 CFM,26.4 dB,No
270854,109741,120,Brown / Black,500 - 1500 RPM,64.75 CFM,10 - 21.5 dB,Yes
270855,109742,120,Clear,1300 - 2500 RPM,97.5 CFM,24.6 - 38.79 dB,No
270856,109743,120,White,1200 RPM,56.22 CFM,18.89 dB,No
270857,109744,140,Black,1000 RPM,66 CFM,18.5 dB,No
270858,109745,120,Black / Pink,1500 RPM,57.67 CFM,24.7 dB,No
270859,109746,140,Black,500 - 1500 RPM,78.9 CFM,25.6 dB,Yes
270860,109747,200,White,700 RPM,103 CFM,20 - 25 dB,No
270861,109748,140,Black / White,1440 RPM,49.49 CFM,29.3 dB,No
270862,109749,120,White,1400 RPM,74 CFM,15 dB,No
270863,109750,120,Clear,1200 RPM,39.77 CFM,19.3 dB,No
270864,109751,120,Black,1500 RPM,47 CFM,26.5 dB,No
270865,109752,92,Black,550 - 1800 RPM,43 CFM,,No
270866,109753,120,Clear,1000 RPM,36.86 CFM,18 dB,No
270867,109754,230,Black,900 RPM,156.27 CFM,25.6 dB,No
270868,109755,120,White / Black,1500 RPM,54 CFM,,No
270869,109756,140,Transparent,600 - 1600 RPM,32.04 - 62.68 CFM,15 - 20 dB,Yes
270870,109757,120,Black / Gray,600 - 1900 RPM,79.13 CFM,6.4 - 27.2 dB,Yes
270871,109758,120,Black / Orange,1500 RPM,50.28 CFM,21.1 dB,No
270872,109759,120,Black,1200 RPM,46.4 CFM,22.3 dB,No
270873,109760,220,Clear,600 RPM,110 CFM,21 dB,No
270874,109761,120,Black / White,1650 RPM,57.24 CFM,26.4 dB,No
270875,109762,120,White,700 - 1600 RPM,54.5 CFM,23.5 dB,Yes
270876,109763,120,Transparent,1200 RPM,58.47 CFM,25.15 dB,No
270877,109764,120,Black,2350 RPM,62.74 CFM,35 dB,Yes
270878,109765,120,Black / Gray,600 - 2400 RPM,24.2 - 96.8 CFM,13.5 - 39.5 dB,Yes
270879,109766,230,Black / Red,900 RPM,156.27 CFM,25.6 dB,No
270880,109767,80,Transparent,1700 RPM,30 CFM,25 dB,No
270881,109768,140,Black / Yellow,1800 RPM,104 CFM,25.3 dB,No
270882,109769,120,Black,1200 RPM,32 CFM,25 dB,No
270883,109770,120,Black / Gray,900 - 2150 RPM,20 - 68 CFM,15 - 34 dB,Yes
270884,109771,120,Black,500 - 1800 RPM,23.81 - 80 CFM,14 - 25 dB,Yes
270885,109772,120,Black,2000 RPM,78 CFM,36 dB,No
270886,109773,40,Black,5000 RPM,5.62 CFM,21 dB,No
270887,109774,140,Black / Green,800 - 1100 RPM,52.4 - 68.5 CFM,9.1 - 14.4 dB,No
270888,109775,120,White,1500 RPM,71.25 CFM,18 dB,No
270889,109776,140,Black / White,1200 RPM,82.1 CFM,19 dB,No
270890,109777,120,Orange,1200 RPM,64.37 CFM,16.6 dB,No
270891,109778,40,Black,3800 RPM,5.3 CFM,18 dB,No
270892,109779,120,Clear,1200 RPM,59.1 CFM,26.8 dB,No
270893,109780,40,Black,5000 - 5499 RPM,1 - 5 CFM,20 - 25 dB,No
270894,109781,80,Clear,2500 RPM,33.21 CFM,22.41 dB,No
270895,109782,120,Black / Yellow,600 - 1900 RPM,83.63 CFM,6.9 - 28.9 dB,Yes
270896,109783,120,Black,600 - 1400 RPM,38.73 CFM,25 dB,Yes
270897,109784,80,Black / White,1600 RPM,27.96 CFM,15 dB,No
270898,109785,120,Red,600 - 1000 RPM,21.2 - 35.3 CFM,8.9 - 19.89 dB,No
270899,109786,80,Black,1600 RPM,15.6 CFM,,No
270900,109787,120,Black,1500 RPM,50.28 CFM,21.1 dB,No
270901,109788,120,Black,1200 RPM,36.72 CFM,24.3 dB,No
270902,109789,200,Black / Red,800 RPM,129.63 CFM,28.2 dB,No
270903,109790,120,Green,1500 RPM,50.28 CFM,21.1 dB,No
270904,109791,140,Black,1200 RPM,83.93 CFM,24 dB,Yes
270905,109792,120,White,1800 RPM,51.3 CFM,22.5 dB,No
270906,109793,120,Black,500 - 1800 RPM,10.95 - 42.41 CFM,19.25 - 23.54 dB,Yes
270907,109794,120,Black / Red,1500 RPM,57.9 CFM,28 dB,Yes
270908,109795,140,Clear,1000 RPM,83.6 CFM,24.5 dB,No
270909,109796,80,Transparent,,,,No
270910,109797,120,Black,1500 - 3500 RPM,72.46 - 154.53 CFM,23 - 38 dB,No
270911,109798,200,Transparent,700 RPM,103 CFM,20 dB,No
270912,109799,120,Black,950 - 2000 RPM,66 CFM,30 dB,No
270913,109800,140,Black / Yellow,600 - 1600 RPM,109.55 CFM,7 - 21.7 dB,Yes
270914,109801,230,Black,900 RPM,97.8 CFM,20 dB,No
270915,109802,120,Black,700 - 1600 RPM,54.5 CFM,23.5 dB,Yes
270916,109803,120,Transparent,600 - 1600 RPM,24.85 - 63.91 CFM,15 - 25 dB,Yes
270917,109804,120,Black,1200 RPM,39.7 CFM,24.7 dB,No
270918,109805,120,Black / Green,950 - 2000 RPM,66 CFM,30 dB,No
270919,109806,120,Black / White,950 - 2000 RPM,66 CFM,30 dB,No
270920,109807,140,Yellow / Black,800 RPM,43.5 CFM,14.3 dB,No
270921,109808,120,Black,1200 RPM,,20 - 23 dB,No
270922,109809,140,Translucent Black,1800 RPM,56.1 CFM,24.2 dB,No
270923,109810,140,Black / White,900 RPM,64.28 CFM,16.95 dB,No
270924,109811,120,Transparent,600 - 1600 RPM,24.85 - 63.91 CFM,15 - 25 dB,Yes
270925,109812,120,Black / Green,1200 RPM,38 CFM,22 dB,No
270926,109813,120,White / Black,1100 - 1400 RPM,65.8 - 83.4 CFM,19 - 25.3 dB,No
270927,109814,120,Black,1200 RPM,56.22 CFM,18.89 dB,No
270928,109815,120,Clear,1200 - 1600 RPM,72.67 CFM,29.1 dB,No
270929,109816,120,Green / Black,200 - 2100 RPM,67.56 CFM,,Yes
270930,109817,120,White,1900 RPM,71.33 CFM,27 dB,No
270931,109818,120,Black / White,1300 RPM,54.4 CFM,24.2 dB,No
270932,109819,120,Black / White,1300 RPM,54.4 CFM,24.2 dB,No
270933,109820,120,Black,1200 RPM,39.7 CFM,24.7 dB,No
270934,109821,80,Transparent,1300 - 2500 RPM,32.92 CFM,17 - 28 dB,No
270935,109822,120,Blue / White,1000 - 1800 RPM,42.6 - 76.5 CFM,18.39 - 28.1 dB,Yes
270936,109823,92,Black,1600 RPM,31.84 CFM,25 dB,No
270937,109824,120,Black,1500 RPM,52.05 CFM,25 dB,No
270938,109825,200,White,700 RPM,47.4 CFM,20 dB,No
270939,109826,120,White / Blue,1800 RPM,67.5 CFM,24 dB,Yes
270940,109827,92,Black / White,1500 RPM,24.4 CFM,18.3 dB,No
270941,109828,120,White / Black,1200 RPM,50.63 CFM,19.5 dB,No
270942,109829,120,Orange,250 - 1500 RPM,66.55 CFM,19 - 33.5 dB,No
270943,109830,140,Black / Green,1440 RPM,49.49 CFM,29.3 dB,No
270944,109831,140,Black,300 - 1200 RPM,66.57 CFM,7 - 14.9 dB,Yes
270945,109832,92,Black,2850 RPM,48.7 CFM,37.6 dB,No
270946,109833,120,Black,700 - 1800 RPM,51.3 CFM,22.5 dB,Yes
270947,109834,120,Blue,950 RPM,37.44 CFM,19.66 dB,No
270948,109835,120,Black,1500 RPM,75.3 CFM,24 dB,No
270949,109836,120,Clear,1200 RPM,58.47 CFM,25.15 dB,No
270950,109837,140,Black,500 - 1500 RPM,78.9 CFM,25.6 dB,Yes
270951,109838,120,Black / White,150 - 1500 RPM,52.95 CFM,5 - 28.6 dB,No
270952,109839,230,Black,900 RPM,156.27 CFM,25.6 dB,No
270953,109840,120,Green,1500 RPM,50.28 CFM,21.1 dB,No
270954,109841,120,White,800 RPM,33.72 CFM,8 dB,No
270955,109842,180,Black / Red,600 - 1200 RPM,115 - 210 CFM,15 - 20 dB,No
270956,109843,180,Black / Blue,600 - 1200 RPM,116 - 210 CFM,15 - 20 dB,No
270957,109844,140,White,1000 RPM,47.7 CFM,20 dB,No
270958,109845,120,Clear,1200 RPM,38.4 CFM,17.5 dB,No
270959,109846,120,White,500 - 1800 RPM,70.52 CFM,26.1 dB,Yes
270960,109847,180,Black,700 - 1200 RPM,80 - 130 CFM,18 - 34 dB,No
270961,109848,140,White,1300 RPM,62.5 CFM,26.52 dB,No
270962,109849,120,Black / Green,900 - 1300 RPM,26.5 - 60.1 CFM,8.6 - 14.2 dB,No
270963,109850,80,Clear,2800 RPM,38 CFM,16.2 dB,Yes
270964,109851,140,Black / White,1000 RPM,63.33 CFM,19.4 dB,No
270965,109852,120,Black,300 - 1500 RPM,63.89 CFM,7 - 15.8 dB,Yes
270966,109853,200,Black,700 RPM,86.57 CFM,26.3 dB,No
270967,109854,140,Black,500 - 2000 RPM,43.75 - 173.5 CFM,16.5 - 41.5 dB,Yes
270968,109855,120,Black,1600 RPM,88.11 CFM,33 dB,No
270969,109856,140,Black / White,1200 RPM,82.1 CFM,19 dB,No
270970,109857,80,Black,1300 - 3000 RPM,47.28 CFM,17 - 31 dB,No
270971,109858,140,Black,750 - 1200 RPM,74.5 CFM,12 - 25.1 dB,Yes
270972,109859,120,Black / Orange,1500 RPM,50.28 CFM,21.1 dB,No
270973,109860,140,Red,1000 RPM,73.18 CFM,18 dB,No
270974,109861,120,Green,600 - 1800 RPM,75.59 CFM,10 - 26.8 dB,Yes
270975,109862,120,Green,800 - 1500 RPM,32.5 - 82.6 CFM,12.6 - 26.5 dB,No
270976,109863,120,Clear,1700 RPM,63.85 CFM,29.67 dB,No
270977,109864,230,Black,900 RPM,97.8 CFM,20 dB,No
270978,109865,80,Blue / White,1200 - 3000 RPM,12 - 29.5 CFM,15.3 - 30 dB,Yes
270979,109866,120,Black,1000 RPM,43.5 CFM,20 dB,No
270980,109867,140,Black,1200 RPM,59.6 CFM,29.4 dB,No
270981,109868,80,White,800 - 1600 RPM,24.4 CFM,18.2 dB,No
270982,109869,120,Black,2000 RPM,72.94 CFM,30 dB,No
270983,109870,120,Black,1200 RPM,53.24 CFM,26.6 dB,No
270984,109871,120,Black / White,330 - 1600 RPM,59 CFM,10 - 25 dB,Yes
270985,109872,80,Blue,2000 RPM,28.1 CFM,10 - 21 dB,No
270986,109873,140,Green,1200 RPM,59.6 CFM,29.4 dB,No
270987,109874,200,Green,800 RPM,125 CFM,20 dB,No
270988,109875,92,Black,1800 RPM,38.25 CFM,20 dB,Yes
270989,109876,120,White,700 - 2200 RPM,77.9 CFM,36.8 dB,Yes
270990,109877,120,Black / White,600 - 2200 RPM,83 CFM,13 - 37 dB,Yes
270991,109878,120,Black / Red,800 - 2000 RPM,40.26 - 57.64 CFM,23.7 - 39.2 dB,Yes
270992,109879,120,Clear,1500 RPM,47 CFM,26.5 dB,No
270993,109880,120,Transparent,1000 - 1800 RPM,,20 - 32 dB,No
270994,109881,140,Black,1200 RPM,65.2 CFM,23.2 dB,No
270995,109882,140,Black / Gray,1150 RPM,64 CFM,26 dB,Yes
270996,109883,80,Black,2400 RPM,24.72 CFM,27.5 dB,No
270997,109884,120,Black,1500 RPM,57.67 CFM,24.7 dB,No
270998,109885,120,Black / Green,1000 RPM,33 CFM,19 dB,No
270999,109886,120,Black / Red,800 - 2200 RPM,34.02 - 93.74 CFM,15 - 38 dB,Yes
271000,109887,120,Black / Gray,1450 RPM,52 CFM,25.6 dB,Yes
271001,109888,200,Black / Blue,800 RPM,76 CFM,18 dB,No
271002,109889,120,Black,2000 RPM,45.47 CFM,37 dB,No
271003,109890,120,Black / Blue,1650 RPM,57.24 CFM,26.4 dB,No
271004,109891,140,Transparent,1200 RPM,48.7 CFM,23 dB,No
271005,109892,92,Black,2200 RPM,38.35 CFM,25 dB,No
271006,109893,120,Black,1000 - 1800 RPM,90.3 CFM,26 dB,No
271007,109894,80,Black,2000 RPM,,20 - 23 dB,No
271008,109895,140,Blue,800 - 1500 RPM,50 - 96.5 CFM,14.5 - 29.6 dB,No
271009,109896,80,Black,2500 RPM,32.11 CFM,26 dB,No
271010,109897,120,Clear,1200 RPM,58.47 CFM,25.15 dB,No
271011,109898,140,Red,1000 RPM,87 CFM,18.1 dB,No
271012,109899,140,Clear,1200 RPM,86.73 CFM,22.8 dB,No
271013,109900,80,Black,200 - 3000 RPM,23.4 CFM,,Yes
271014,109901,120,White,800 - 2400 RPM,110.03 CFM,17 - 39.5 dB,No
271015,109902,120,Black,800 RPM,40.17 CFM,10.7 dB,No
271016,109903,120,Yellow / Black,2000 RPM,106.7 CFM,36.6 dB,No
271017,109904,80,Clear,2600 RPM,34 CFM,30 dB,No
271018,109905,92,Clear,2600 RPM,42.4 CFM,33 dB,No
271019,109906,180,White,500 - 2000 RPM,60 - 170 CFM,17 - 34 dB,No
271020,109907,120,,800 - 1800 RPM,42.17 CFM,26.5 dB,Yes
271021,109908,40,Black,5000 RPM,6.24 CFM,21 dB,No
271022,109909,92,White,1200 - 3000 RPM,21.4 - 53.6 CFM,9.3 - 29.2 dB,No
271023,109910,120,Green,1700 RPM,,29.67 dB,No
271024,109911,140,Black,1000 RPM,47.7 CFM,20 dB,No
271025,109912,120,Red,1500 RPM,60 CFM,23.5 dB,No
271026,109913,80,White / Black,2000 RPM,31 CFM,,No
271027,109914,92,White / Black,1000 RPM,21.2 CFM,,No
271028,109915,140,Black,800 - 1200 RPM,33.6 CFM,21.8 - 26 dB,No
271029,109916,140,Green,1200 RPM,59.6 CFM,29.4 dB,No
271030,109917,40,Black,4700 RPM,5.5 CFM,12.8 dB,No
271031,109918,120,Clear,2000 RPM,59.8 CFM,36 dB,No
271032,109919,80,Clear,2600 RPM,34 CFM,30 dB,No
271033,109920,80,Black / Red,,,,No
271034,109921,120,Clear,2000 RPM,79 CFM,30 dB,No
271035,109922,120,Black / White,950 RPM,40 CFM,19 dB,No
271036,109923,140,Black / Yellow,500 - 800 RPM,20.3 - 32.4 CFM,9.8 - 20 dB,No
271037,109924,120,Black / White,1200 RPM,50.63 CFM,19.5 dB,No
271038,109925,120,Clear,1600 RPM,56 CFM,28 dB,No
271039,109926,120,Blue,1500 RPM,50.28 CFM,21.1 dB,No
271040,109927,92,White / Blue,1000 - 2500 RPM,19.8 - 44.2 CFM,15.3 - 24.8 dB,Yes
271041,109928,120,Clear,1200 RPM,59.1 CFM,26.8 dB,No
271042,109929,92,White,1800 RPM,32.6 - 54.4 CFM,17.8 dB,Yes
271043,109930,80,Black,200 - 3000 RPM,23.4 CFM,,No
271044,109931,92,Green,1200 RPM,,16 dB,No
271045,109932,120,Black / Orange,1500 RPM,50.28 CFM,21.1 dB,No
271046,109933,80,Black / Clear,2000 RPM,22.9 CFM,21.8 dB,No
271047,109934,140,White / Gray,600 - 1300 RPM,40.9 - 88.6 CFM,15.22 - 19 dB,No
271048,109935,200,Black / Red,800 RPM,129.63 CFM,28.2 dB,No
271049,109936,92,Black,1750 RPM,28 CFM,20 dB,No
271050,109937,120,Black,800 - 2200 RPM,33.2 - 78.41 CFM,17.2 - 39 dB,No
271051,109938,200,White,900 RPM,148.72 CFM,27.5 dB,No
271052,109939,80,Black / Clear,2000 RPM,,20 - 23 dB,No
271053,109940,80,Black,2500 RPM,29.07 CFM,26 dB,No
271054,109941,140,Black / Blue,1440 RPM,49.49 CFM,29.3 dB,No
271055,109942,120,Black,1200 RPM,41.8 CFM,24.8 dB,No
271056,109943,200,Transparent,700 RPM,103 CFM,20 dB,No
271057,109944,92,Transparent,1500 - 2800 RPM,,20 - 35 dB,No
271058,109945,140,Orange,600 - 1200 RPM,70.5 CFM,19.2 dB,Yes
271059,109946,120,Black,1200 RPM,39.7 CFM,24.7 dB,No
271060,109947,120,White,1300 RPM,65.16 CFM,26 dB,No
271061,109948,230,Black,900 RPM,97.8 CFM,20 dB,No
271062,109949,120,White,500 - 1800 RPM,20.42 - 75.98 CFM,14 - 25 dB,Yes
271063,109950,120,,800 - 1800 RPM,42.17 CFM,26.5 dB,Yes
271064,109951,140,Black / White,800 - 2000 RPM,54 - 98.3 CFM,21 - 37 dB,Yes
271065,109952,120,Black / Multicolor,1500 RPM,57.67 CFM,24.7 dB,No
271066,109953,120,Black,1500 RPM,57.67 CFM,24.7 dB,No
271067,109954,140,Black,1000 RPM,60.4 CFM,16.4 dB,Yes
271068,109955,120,Black,3000 RPM,107 CFM,42 dB,Yes
271069,109956,120,Black,1800 RPM,80.3 CFM,30.5 dB,No
271070,109957,80,Clear,1800 RPM,21.7 CFM,19 dB,No
271071,109958,140,White,2000 RPM,49.1 - 98.3 CFM,22.1 - 37 dB,No
271072,109959,120,Blue,1500 RPM,61 CFM,20 dB,No
271073,109960,200,Black,900 RPM,148.72 CFM,27.5 dB,No
271074,109961,80,Brown,300 - 1800 RPM,23.19 - 31.37 CFM,10.19 - 17.1 dB,No
271075,109962,140,Orange,600 - 2500 RPM,31.4 - 130 CFM,21 - 45 dB,Yes
271076,109963,120,Black,600 - 1200 RPM,21.3 - 42.6 CFM,17 - 23.7 dB,No
271077,109964,80,Black,5700 RPM,84.1 CFM,55.2 dB,No
271078,109965,80,Red,1700 RPM,32 CFM,15 dB,No
271079,109966,120,Gray,500 RPM,18.25 CFM,5 dB,No
271080,109967,120,Translucent Gray,750 RPM,34.13 CFM,8 dB,No
271081,109968,140,,1200 RPM,86.73 CFM,22.8 dB,No
271082,109969,120,Clear,1200 RPM,53.02 CFM,14 dB,No
271083,109970,80,Clear,2600 RPM,34 CFM,30 dB,No
271084,109971,120,Black,1200 RPM,45.2 CFM,18 dB,No
271085,109972,140,Clear,,55.4 CFM,21 dB,No
271086,109973,120,Clear,1000 RPM,44 CFM,17 dB,No
271087,109974,80,Green,1500 RPM,17.21 CFM,20 dB,No
271088,109975,120,Black / Green,650 - 1400 RPM,67.3 CFM,16.89 dB,Yes
271089,109976,140,Blue,1000 RPM,73.18 CFM,18 dB,No
271090,109977,92,Black,2600 RPM,48.43 CFM,33 dB,No
271091,109978,80,White,1700 RPM,32 CFM,15 dB,No
271092,109979,120,Black / White,1200 RPM,50.63 CFM,19.5 dB,No
271093,109980,120,Transparent,600 - 1600 RPM,24.85 - 63.91 CFM,15 - 25 dB,Yes
271094,109981,140,Black / Yellow,600 - 1600 RPM,110.61 CFM,12.5 - 26.01 dB,Yes
271095,109982,80,Black,2050 RPM,27 CFM,21 dB,No
271096,109983,140,Black,1200 - 2000 RPM,42.8 - 171 CFM,43.5 dB,No
271097,109984,120,Translucent Black,1800 RPM,51.3 CFM,22.5 dB,Yes
271098,109985,120,Black,700 - 2200 RPM,77.9 CFM,36.8 dB,Yes
271099,109986,140,Translucent Black,700 - 1800 RPM,56.1 CFM,24.2 dB,Yes
271100,109987,140,Translucent Black,700 - 1800 RPM,56.1 CFM,24.2 dB,Yes
271101,109988,140,Black,1200 RPM,86.73 CFM,22.8 dB,No
271102,109989,120,White,1400 RPM,50 CFM,14 dB,No
271103,109990,180,Black,700 - 1200 RPM,80 - 130 CFM,18 - 34 dB,No
271104,109991,80,Green,2000 RPM,25.64 CFM,22.05 dB,No
271105,109992,120,Clear,1500 RPM,35.36 CFM,22.4 dB,No
271106,109993,120,Blue,1500 RPM,48.3 CFM,24.6 dB,No
271107,109994,80,White,1600 RPM,20.72 CFM,18 dB,No
271108,109995,200,Transparent,700 RPM,103 CFM,20 dB,No
271109,109996,140,Black,1200 RPM,84.59 CFM,29.5 dB,No
271110,109997,120,Black,1000 RPM,43.5 CFM,20 dB,No
271111,109998,140,Black,1000 RPM,47.7 CFM,20 dB,No
271112,109999,120,Translucent Black,700 - 1800 RPM,51.3 CFM,22.5 dB,Yes
271113,110000,120,Clear,950 RPM,40 CFM,19 dB,No
271114,110001,120,Red / Black,950 RPM,40 CFM,19 dB,No
271115,110002,80,Red,2000 RPM,25.64 CFM,22.05 dB,No
271116,110003,120,Blue,1500 RPM,31.4 CFM,31.4 dB,No
271117,110004,80,UV Green,2000 RPM,25.64 CFM,22.05 dB,No
271118,110005,120,Gray,1150 RPM,37 CFM,16 dB,No
271119,110006,140,Translucent Black,1800 RPM,56.1 CFM,24.2 dB,Yes
271120,110007,140,White,300 - 1000 RPM,98 CFM,9 - 18 dB,Yes
271121,110008,80,White / Black,700 - 2000 RPM,,,Yes
271122,110009,120,Transparent,1800 RPM,35.7 CFM,25 dB,Yes
271123,110010,140,Black,1000 RPM,47.7 CFM,20 dB,No
271124,110011,120,Black / Blue,500 - 1800 RPM,58.39 - 76.52 CFM,17.6 - 31.8 dB,Yes
271125,110012,140,Black,1200 RPM,47.1 CFM,23.3 dB,No
271126,110013,92,Black,2850 RPM,48.7 CFM,37.6 dB,No
271127,110014,120,White,400 - 1300 RPM,56 CFM,7 - 13 dB,Yes
271128,110015,140,Black,1200 RPM,68.23 CFM,22.1 dB,No
271129,110016,92,Black / Yellow,1100 RPM,,11.5 dB,Yes
271130,110017,120,White,1000 - 2600 RPM,35.79 - 96 CFM,22 - 36.5 dB,No
271131,110018,230,White,900 RPM,156.27 CFM,25.6 dB,No
271132,110019,120,Black / White,1200 RPM,45 CFM,21 dB,No
271133,110020,140,Black / White,1000 RPM,50 CFM,21 dB,No
271134,110021,120,Black / Orange,1400 RPM,53.34 CFM,14 dB,No
271135,110022,80,Black,600 - 2500 RPM,8.2 - 30.6 CFM,6.2 - 25.8 dB,Yes
271136,110023,120,Black,900 - 1500 RPM,60.29 CFM,21.4 - 32.1 dB,Yes
271137,110024,140,White / Blue,600 - 1300 RPM,40.9 - 88.6 CFM,15.22 - 19 dB,No
271138,110025,92,Clear,2600 RPM,42.4 CFM,33 dB,No
271139,110026,80,Black,4000 RPM,,,Yes
271140,110027,120,Transparent,2000 RPM,79 CFM,29.8 dB,No
271141,110028,200,White,800 RPM,31.21 CFM,19.87 dB,No
271142,110029,140,White,750 - 1200 RPM,45.1 - 78.09 CFM,13.4 - 19 dB,No
271143,110030,80,Black,2500 RPM,32.4 CFM,28 dB,No
271144,110031,120,Black,2000 RPM,72.94 CFM,36 dB,No
271145,110032,120,Clear,1800 RPM,70.2 CFM,31.7 dB,No
271146,110033,120,White,800 - 1300 RPM,58.3 CFM,16 dB,No
271147,110034,140,Clear,1000 RPM,83.6 CFM,24.5 dB,No
271148,110035,140,Clear,1000 RPM,60.46 CFM,16 dB,No
271149,110036,120,Clear,1500 RPM,68.33 CFM,20 dB,No
271150,110037,120,Translucent Black,1800 RPM,51.3 CFM,22.5 dB,No
271151,110038,120,Clear,1200 RPM,56.22 CFM,18.89 dB,No
271152,110039,92,Clear,2200 RPM,38 CFM,27 dB,No
271153,110040,120,Clear,1200 RPM,58.47 CFM,25.15 dB,No
271154,110041,200,Red,800 RPM,125 CFM,20 dB,No
271155,110042,140,Red,750 - 1200 RPM,45.1 - 78.09 CFM,13.4 - 19 dB,No
271156,110043,140,Black / Red,1200 RPM,71.8 CFM,17.6 - 26.7 dB,Yes
271157,110044,140,Black,1700 RPM,90.05 CFM,33 - 3 dB,No
271158,110045,120,Black,2900 RPM,120.07 CFM,44 dB,No
271159,110046,92,Black / Silver,2200 RPM,38.4 CFM,25 dB,No
271160,110047,140,Black / Green,650 - 1400 RPM,76.5 CFM,16.89 dB,Yes
271161,110048,140,Black,1000 RPM,47.7 CFM,20 dB,No
271162,110049,140,Black,1000 RPM,47.7 CFM,20 dB,No
271163,110050,120,Clear,1400 RPM,74 CFM,15 dB,No
271164,110051,80,White / Blue,1200 - 2800 RPM,12 - 27.53 CFM,19 - 28.5 dB,Yes
271165,110052,140,Translucent Black,700 - 1800 RPM,56.1 CFM,24.2 dB,Yes
271166,110053,120,Black / Red,600 - 1400 RPM,38.73 CFM,25 dB,Yes
271167,110054,120,Red,2000 RPM,80 CFM,25 dB,No
271168,110055,140,Yellow / Black,300 - 1700 RPM,16.3 - 92.4 CFM,5.8 - 36.4 dB,Yes
271169,110056,140,Clear,,55.4 CFM,21 dB,No
271170,110057,120,Blue,1700 RPM,63.85 CFM,29.67 dB,No
271171,110058,120,Black,1800 RPM,75 CFM,20 dB,No
271172,110059,80,Clear,1800 RPM,21.71 CFM,20 dB,No
271173,110060,140,Black,1000 RPM,47.7 CFM,20 dB,No
271174,110061,92,Black,1800 RPM,32.6 - 54.4 CFM,16.9 dB,No
271175,110062,140,Black,1200 RPM,86.73 CFM,22.8 dB,No
271176,110063,120,Black,1600 RPM,62.1 CFM,31.8 dB,No
271177,110064,200,Black / Red,800 RPM,129.63 CFM,28.2 dB,No
271178,110065,120,Black,4000 RPM,150.33 CFM,56.4 dB,Yes
271179,110066,80,White,900 - 2000 RPM,27 CFM,10 - 21.5 dB,No
271180,110067,120,Red,1500 RPM,57.67 CFM,24.7 dB,No
271181,110068,200,Black,700 RPM,47.4 CFM,20 dB,No
271182,110069,92,Clear,2400 RPM,45.18 CFM,28.6 dB,No
271183,110070,80,Yellow,1400 RPM,25 CFM,12 dB,No
271184,110071,140,White,1200 RPM,86.73 CFM,22.8 dB,No
271185,110072,92,Black,2200 RPM,39.35 CFM,26 dB,No
271186,110073,120,White / Blue,800 - 1500 RPM,37.79 - 63.8 CFM,15.9 - 24.9 dB,Yes
271187,110074,120,Black,500 RPM,4.5 CFM,7.5 dB,No
271188,110075,120,Transparent,950 RPM,40 CFM,19 dB,No
271189,110076,120,Blue,600 - 1000 RPM,21.2 - 35.3 CFM,8.9 - 19.89 dB,No
271190,110077,120,Black / Pink,1500 RPM,57.67 CFM,24.7 dB,No
271191,110078,92,Black,1000 - 3000 RPM,,35 dB,Yes
271192,110079,120,Black / Red,1000 - 1800 RPM,47.67 - 83.03 CFM,13 - 20 dB,No
271193,110080,140,Black / Green,1100 - 1800 RPM,64.8 - 98.3 CFM,12.3 - 20.8 dB,No
271194,110081,120,Black,2600 RPM,88 CFM,48 dB,No
271195,110082,120,Red,1500 RPM,69.15 CFM,18 dB,No
271196,110083,120,Blue,1500 RPM,75.3 CFM,24 dB,No
271197,110084,80,White,1500 RPM,20.2 CFM,17.6 dB,No
271198,110085,80,Clear,1700 RPM,32 CFM,15 dB,No
271199,110086,80,Clear,1500 RPM,16.85 CFM,16.6 dB,No
271200,110087,120,Black,2300 RPM,79.9 CFM,38 dB,No
271201,110088,92,Brown,1000 - 1600 RPM,24.19 - 37.84 CFM,7.9 - 17.6 dB,No
271202,110089,120,Translucent White,1500 RPM,59.12 CFM,29.58 dB,No
271203,110090,120,Transparent,900 RPM,40.18 CFM,16 dB,No
271204,110091,120,Black / Red,500 - 1800 RPM,58.39 - 76.52 CFM,17.6 - 31.8 dB,Yes
271205,110092,120,Black,1200 RPM,39.7 CFM,24.7 dB,No
271206,110093,120,Black / White,1400 RPM,27.53 CFM,24 dB,No
271207,110094,120,Black / Red,1400 RPM,27.53 CFM,24 dB,No
271208,110095,80,Black,1800 RPM,24.7 - 42 CFM,17.5 dB,No
271209,110096,80,Black,2000 RPM,26 - 44.1 CFM,16.6 dB,Yes
271210,110097,140,Black,500 - 1700 RPM,27 - 92 CFM,9.6 - 36.4 dB,Yes
271211,110098,120,Blue,500 - 1800 RPM,20.42 - 75.98 CFM,14 - 25 dB,Yes
271212,110099,80,Black,1700 - 3000 RPM,20.6 - 36.5 CFM,20 - 34.2 dB,No
271213,110100,80,Black,4000 RPM,52 CFM,42 dB,No
271214,110101,120,Black,1200 RPM,56.12 CFM,33.8 dB,Yes
271215,110102,120,Black,800 - 1800 RPM,56.12 CFM,29.8 dB,Yes
271216,110103,120,Transparent,1000 - 1600 RPM,46.1 - 76 CFM,8 dB,No
271217,110104,92,Black,4800 RPM,102.59 CFM,53 dB,Yes
271218,110105,40,Black,9500 RPM,9.19 CFM,42 dB,No
271219,110106,40,Black,9500 RPM,15.79 CFM,41.9 dB,No
271220,110107,140,Yellow / Black,1200 RPM,65.2 CFM,23.2 dB,No
271221,110108,120,Black / Multicolor,1500 RPM,57.67 CFM,24.7 dB,No
271222,110109,120,Black / Yellow,1400 RPM,53.34 CFM,14 dB,No
271223,110110,120,Black / Red,1000 RPM,33 CFM,19 dB,No
271224,110111,120,Black / Blue,1000 RPM,33 CFM,19 dB,No
271225,110112,200,White,900 RPM,148.72 CFM,27.5 dB,No
271226,110113,120,Black / Orange,600 - 1000 RPM,21.1 - 46.3 CFM,8.9 - 19.9 dB,No
271227,110114,80,White / Blue,900 - 2200 RPM,25.13 CFM,17.8 - 24.7 dB,No
271228,110115,40,Black,4500 RPM,4.82 CFM,24.3 dB,No
271229,110116,120,Black / Gray,1200 RPM,38 CFM,22 dB,No
271230,110117,140,White,600 - 1300 RPM,40.9 - 88.6 CFM,15.22 - 19 dB,No
271231,110118,140,White / Red,600 - 1300 RPM,40.9 - 88.6 CFM,15.22 - 19 dB,No
271232,110119,140,Black,,55.4 CFM,21 dB,No
271233,110120,92,Black,2800 RPM,47.2 CFM,36 dB,No
271234,110121,140,Clear,1000 RPM,67.02 CFM,20 dB,No
271235,110122,140,Clear,1000 RPM,67.02 CFM,20 dB,No
271236,110123,120,Blue,2000 RPM,77.26 CFM,35.47 dB,No
271237,110124,80,Black,3250 RPM,37.43 CFM,,Yes
271238,110125,80,Black,2900 RPM,38.2 CFM,31.3 dB,No
271239,110126,80,White,900 - 2000 RPM,27 CFM,10 - 21.5 dB,Yes
271240,110127,140,Blue,750 - 1200 RPM,45.1 - 78.09 CFM,13.4 - 19 dB,No
271241,110128,120,Green,800 RPM,30.51 CFM,16 dB,No
271242,110129,120,White,1500 RPM,,23 dB,No
271243,110130,92,White,2000 RPM,,23 dB,No
271244,110131,120,Black,1300 - 2200 RPM,54.3 - 92 CFM,29 - 39 dB,No
271245,110132,193,Black / White,700 RPM,89.5 CFM,20.16 dB,No
271246,110133,193,Black / White,800 RPM,89.5 CFM,20 dB,No
271247,110134,140,Clear,1000 RPM,60.46 CFM,16 dB,No
271248,110135,140,Blue,800 - 1300 RPM,90.3 CFM,18 dB,No
271249,110136,140,White,800 - 1300 RPM,90.3 CFM,18 dB,No
271250,110137,200,Blue,800 RPM,76 CFM,18 dB,No
271251,110138,120,Clear,1500 RPM,61 CFM,20 dB,No
271252,110139,140,Orange,800 - 1300 RPM,90.3 CFM,18 dB,No
271253,110140,120,Black,1000 RPM,43.5 CFM,20 dB,No
271254,110141,200,Clear,900 RPM,148.72 CFM,27.5 dB,No
271255,110142,120,Clear,1500 RPM,35.36 CFM,22.4 dB,No
271256,110143,120,Clear,1200 RPM,,20 - 23 dB,No
271257,110144,120,Clear,2000 RPM,79 CFM,30 dB,No
271258,110145,92,White,1500 RPM,27 CFM,19.2 dB,No
271259,110146,80,Clear,1700 - 3000 RPM,23.38 - 41.8 CFM,19.25 - 29 dB,No
271260,110147,120,Red,1200 - 2200 RPM,87.5 CFM,38.15 dB,No
271261,110148,180,White,500 - 1300 RPM,65 - 150 CFM,17 - 36 dB,No
271262,110149,120,Blue,1200 - 1600 RPM,72.67 CFM,29.1 dB,No
271263,110150,120,Black / Green,700 - 1000 RPM,24.8 - 55.4 CFM,8.1 - 12.8 dB,No
271264,110151,120,Blue,1500 RPM,52.05 CFM,25 dB,No
271265,110152,92,Yellow,1300 RPM,32 CFM,12 dB,No
271266,110153,120,Red,1500 RPM,50.28 CFM,21.1 dB,No
271267,110154,80,Red,1500 RPM,17.21 CFM,20 dB,No
271268,110155,140,Red,1200 RPM,59.6 CFM,20.6 dB,No
271269,110156,140,Clear,1200 RPM,59.6 CFM,20.6 dB,No
271270,110157,120,Black,4500 RPM,147.69 CFM,54.9 dB,No
271271,110158,120,Clear,1500 RPM,,23 dB,No
271272,110159,92,Translucent Blue,1500 RPM,29.42 CFM,17 dB,No
271273,110160,80,Clear,2200 RPM,,,No
271274,110161,140,Black / Green,1200 RPM,71.8 CFM,17.6 - 26.7 dB,Yes
271275,110162,80,Translucent Gray,2200 RPM,34.72 CFM,19 dB,No
271276,110163,120,White,2400 RPM,88.46 CFM,34 dB,No
271277,110164,120,Black,2000 RPM,72.94 CFM,36 dB,No
271278,110165,140,Blue,1200 RPM,80 CFM,26 dB,No
271279,110166,80,Blue,1500 RPM,17.21 CFM,20 dB,No
271280,110167,40,Black,3000 - 10000 RPM,,32 dB,No
271281,110168,80,Black,2700 RPM,32.95 CFM,26.5 dB,No
271282,110169,140,Black,800 RPM,49.95 CFM,21.4 dB,No
271283,110170,120,White,1000 RPM,37 CFM,20.2 dB,No
271284,110171,200,Black,900 RPM,148.72 CFM,27.5 dB,No
271285,110172,92,Clear,2500 RPM,43.5 CFM,15.8 dB,Yes
271286,110173,120,Black,1500 RPM,50.28 CFM,21.1 dB,No
271287,110174,140,White / Blue,500 - 1000 RPM,31.4 - 62 CFM,15.1 - 20.7 dB,Yes
271288,110175,140,Black,1200 RPM,86.73 CFM,22.8 dB,No
271289,110176,40,Black,2000 - 6500 RPM,,26 dB,No
271290,110177,80,Black / White,1400 RPM,19.5 CFM,14.3 dB,No
271291,110178,120,Silver,950 RPM,37.44 CFM,19.66 dB,No
271292,110179,120,White / Black,1500 RPM,57 CFM,,Yes
271293,110180,92,Black,,80 CFM,,No
271294,110181,80,Black / Green,700 - 1200 RPM,14.4 - 15.8 CFM,6.8 - 13.6 dB,No
271295,110182,140,Clear,1000 RPM,67.02 CFM,20 dB,No
271296,110183,200,Black / Red,800 RPM,76 CFM,18 dB,No
271297,110184,40,Black,3000 - 9000 RPM,,32 dB,No
271298,110185,120,Translucent Yellow,1500 RPM,64.3 CFM,12 - 25 dB,No
271299,110186,120,Silver,2000 RPM,79.14 CFM,,No
271300,110187,80,Blue,2000 RPM,25.64 CFM,22.05 dB,No
271301,110188,92,Black,1850 - 3100 RPM,34.79 - 58.5 CFM,29 - 40 dB,No
271302,110189,180,Clear,700 RPM,100 CFM,18 dB,No
271303,110190,92,Red,1600 RPM,42 CFM,15 dB,No
271304,110191,140,Black / White,800 - 2000 RPM,42.4 - 106.1 CFM,20 - 37 dB,No
271305,110192,120,Transparent,1200 - 2000 RPM,39 - 79 CFM,,No
271306,110193,120,Black / Red,700 - 1300 RPM,64.52 CFM,30.6 dB,Yes
271307,110194,120,Clear,1200 RPM,59.1 CFM,26.8 dB,No
271308,110195,140,Black,700 - 1800 RPM,56.1 CFM,24.2 dB,Yes
271309,110196,80,UV Blue,2000 RPM,25.64 CFM,22.05 dB,No
271310,110197,120,Black / Red,950 - 2000 RPM,66 CFM,30 dB,No
271311,110198,40,Black,3000 RPM,6 CFM,14 dB,No
271312,110199,120,,800 - 1800 RPM,42.17 CFM,26.5 dB,Yes
271313,110200,120,Yellow / Black,500 - 2000 RPM,27.6 - 106.7 CFM,4.3 - 36.3 dB,Yes
271314,110201,80,Black,2000 RPM,26.8 CFM,21.6 dB,No
271315,110202,140,Blue,1000 RPM,54.7 CFM,19.6 dB,No
271316,110203,92,Black / Green,2000 RPM,39.79 CFM,22.5 dB,No
271317,110204,80,Black / Green,2000 RPM,28.1 CFM,10 - 21 dB,No
271318,110205,80,Black,2500 RPM,12.66 - 29.58 CFM,34 dB,No
271319,110206,40,Black,3000 - 12000 RPM,,46 dB,No
271320,110207,80,Black,2000 - 6500 RPM,37.1 CFM,22 - 56.2 dB,No
271321,110208,120,Black / Green,1100 - 1800 RPM,34.7 - 72.1 CFM,12.2 - 19.89 dB,No
271322,110209,120,Black,900 - 1600 RPM,25 - 52.4 CFM,12.3 - 25.4 dB,No
271323,110210,92,Red,2200 RPM,41 CFM,22 dB,No
271324,110211,40,Black,5500 RPM,4.8 CFM,25 dB,No
271325,110212,80,Black,1700 - 2800 RPM,,20 dB,No
271326,110213,80,Black,2000 RPM,26.6 CFM,27 dB,No
271327,110214,80,Red,2200 RPM,34.15 CFM,21 dB,No
271328,110215,140,Clear,1000 RPM,60.46 CFM,16 dB,No
271329,110216,120,Black,1500 RPM,75.3 CFM,24 dB,No
271330,110217,80,Clear,2600 RPM,34 CFM,30 dB,No
271331,110218,140,Clear,1500 RPM,57.12 CFM,24.7 dB,No
271332,110219,120,Clear,1500 RPM,60 CFM,23.5 dB,No
271333,110220,80,Clear,1700 RPM,32 CFM,15 dB,No
271334,110221,140,Yellow,900 RPM,48 CFM,12 dB,No
271335,110222,120,Gray,1450 RPM,50.03 CFM,21 dB,No
271336,110223,230,Black,900 RPM,97.8 CFM,20 dB,No
271337,110224,140,Black / Red,1000 RPM,60.55 CFM,21.8 dB,No
271338,110225,120,White,400 - 1300 RPM,56 CFM,7 - 17 dB,Yes
271339,110226,80,Clear,2700 RPM,31.73 CFM,28 dB,No
271340,110227,140,Clear,1000 RPM,83.6 CFM,24.5 dB,No
271341,110228,200,Black,700 RPM,86.57 CFM,26.3 dB,No
271342,110229,80,Black / Red,1500 RPM,17.21 CFM,20 dB,No
271343,110230,120,Black / White,150 - 1500 RPM,52.95 CFM,5 - 28.6 dB,Yes
271344,110231,80,Clear,1500 RPM,17.21 CFM,20 dB,No
271345,110232,140,Brown / Black,500 - 1200 RPM,82 CFM,13 - 21.5 dB,Yes
271346,110233,120,Red / Black,1400 RPM,50 CFM,17 dB,No
271347,110234,120,Black / White,1000 RPM,36.86 CFM,18 dB,No
271348,110235,120,Transparent,900 RPM,40.18 CFM,16 dB,No
271349,110236,120,Black,1600 RPM,,24 dB,No
271350,110237,80,Black,1200 RPM,23.27 - 42.64 CFM,17 - 25 dB,No
271351,110238,120,Black,1200 RPM,51.02 CFM,19.6 - 25.2 dB,No
271352,110239,200,Transparent,700 RPM,103 CFM,20 dB,No
271353,110240,120,Transparent,1200 RPM,53.24 CFM,26.6 dB,No
271354,110241,120,Brown / Black,1000 - 1500 RPM,45.25 - 64.75 CFM,18 - 25 dB,No
271355,110242,92,Transparent,1500 - 2800 RPM,,20 - 35 dB,No
271356,110243,92,Transparent,1500 - 2800 RPM,,,No
271357,110244,120,Transparent,1000 - 1800 RPM,,20 - 32 dB,No
271358,110245,80,Clear,2500 RPM,32.37 CFM,23.5 dB,No
271359,110246,140,Black,1600 RPM,106 CFM,36 dB,No
271360,110247,120,Translucent Black,700 - 1800 RPM,51.3 CFM,22.5 dB,Yes
271361,110248,120,Translucent Black,700 - 1800 RPM,51.3 CFM,22.5 dB,Yes
271362,110249,200,Black,900 RPM,148.72 CFM,27.5 dB,No
271363,110250,140,Black / White,600 - 1200 RPM,40 - 70 CFM,23 dB,Yes
271364,110251,140,Black / Red,1200 RPM,38.59 CFM,24 dB,No
271365,110252,140,Black / White,1200 RPM,38.59 CFM,24 dB,No
271366,110253,140,Black / Blue,1200 RPM,38.59 CFM,24 dB,No
271367,110254,120,White / Blue,800 - 2200 RPM,24.23 - 66.62 CFM,15 - 35 dB,Yes
271368,110255,120,Silver,2200 RPM,79.2 CFM,34 dB,No
271369,110256,80,Black,2500 RPM,29.18 CFM,26 dB,No
271370,110257,120,Silver,2200 RPM,79.2 CFM,34 dB,No
271371,110258,140,Black,1000 RPM,59.6 CFM,18.6 - 23.3 dB,No
271372,110259,230,Clear,900 RPM,156.27 CFM,25.6 dB,No
271373,110260,200,Clear / Blue,900 RPM,148.72 CFM,27.5 dB,No
271374,110261,140,Translucent Blue,1200 RPM,59.6 CFM,29.4 dB,No
271375,110262,80,Black / Red,1800 RPM,32.1 CFM,22 dB,Yes
271376,110263,140,Black / Silver,900 - 1600 RPM,65 - 127 CFM,15 - 28 dB,No
271377,110264,140,Black,1200 RPM,47.1 CFM,23.3 dB,No
271378,110265,120,Black / Orange,1500 RPM,66.55 CFM,19 - 33.5 dB,No
271379,110266,140,Orange,1000 RPM,64.5 CFM,17.89 dB,No
271380,110267,80,Silver,2500 RPM,32.4 CFM,,No
271381,110268,140,Green,600 RPM,38.58 CFM,16 dB,No
271382,110269,80,Red,2500 RPM,32.5 CFM,20 dB,No
271383,110270,80,Black,,66.09 CFM,,No
271384,110271,120,Black,1200 - 1800 RPM,50.68 - 75.98 CFM,20 - 25 dB,Yes
271385,110272,120,Black,3700 RPM,151.85 CFM,58 dB,Yes
271386,110273,120,Black,3400 RPM,113.11 CFM,46.5 dB,Yes
271387,110274,80,Black,4500 RPM,66.09 CFM,,Yes
271388,110275,92,Black,4000 RPM,83 CFM,43.5 dB,Yes
271389,110276,80,Black,4000 RPM,46.62 CFM,40 dB,No
271390,110277,120,Orange,1700 RPM,63.85 CFM,29.67 dB,No
271391,110278,120,Yellow / Black,800 RPM,43 CFM,14.5 dB,No
271392,110279,40,Black,5000 RPM,6.5 CFM,18.5 dB,No
271393,110280,140,Yellow / Black,1700 RPM,92.4 CFM,36.4 dB,No
271394,110281,120,Black,800 RPM,30.2 CFM,12.9 dB,No
271395,110282,120,Black,2000 RPM,77.8 CFM,38.3 dB,No
271396,110283,120,Black,500 - 1200 RPM,18.8 - 46.4 CFM,9.8 - 22.3 dB,Yes
271397,110284,120,Black,500 - 1600 RPM,18.8 - 62.1 CFM,9.8 - 31.8 dB,Yes
271398,110285,120,Black,800 - 2000 RPM,30.2 - 77.8 CFM,12.9 - 38.3 dB,No
271399,110286,92,Black / Red,1800 RPM,32.1 CFM,22 dB,Yes
271400,110287,120,Black / Multicolor,1500 RPM,57.67 CFM,24.7 dB,No
271401,110288,120,Black / Multicolor,1500 RPM,57.67 CFM,24.7 dB,No
271402,110289,80,Silver,2000 RPM,26.8 CFM,21.6 dB,No
271403,110290,140,Green,1200 RPM,,,No
271404,110291,120,Black,2550 - 2750 RPM,114 - 123 CFM,40 - 45 dB,No
271405,110292,80,White,2300 RPM,23 CFM,26 dB,No
271406,110293,120,Black / Blue,1400 RPM,53.34 CFM,14 dB,No
271407,110294,120,Black / Red,1400 RPM,53.34 CFM,14 dB,No
271408,110295,120,Black / Green,1400 RPM,53.34 CFM,14 dB,No
271409,110296,140,Black / Red,1200 RPM,,22 dB,No
271410,110297,120,Black / Blue,800 - 1500 RPM,33.21 - 61.92 CFM,16 - 22 dB,Yes
271411,110298,120,Black,800 - 1500 RPM,33.21 - 61.92 CFM,16 - 22 dB,Yes
271412,110299,120,Black / Yellow,1000 RPM,33 CFM,19 dB,No
271413,110300,120,Black / Orange,600 - 1000 RPM,21.1 - 46.3 CFM,8.9 - 19.9 dB,No
271414,110301,120,Black,2500 RPM,82.67 CFM,38.5 dB,No
271415,110302,120,Black / Orange,600 - 1000 RPM,21.1 - 46.3 CFM,8.9 - 19.9 dB,No
271416,110303,92,Black / Green,400 - 1400 RPM,23.6 CFM,13.7 dB,Yes
271417,110304,92,Black / Green,800 - 1400 RPM,21.5 - 23.6 CFM,7.2 - 13.7 dB,No
271418,110305,80,Translucent Black,1800 RPM,21.8 CFM,20 dB,No
271419,110306,200,Black,700 RPM,86.57 CFM,26.3 dB,No
271420,110307,120,Black / Blue,1400 RPM,53.34 CFM,14 dB,No
271421,110308,140,Clear,1200 RPM,48.7 CFM,23 dB,No
271422,110309,120,Black,2000 RPM,59.8 CFM,37 dB,No
271423,110310,120,Clear,1500 RPM,61.37 CFM,20 dB,No
271424,110311,120,Clear,1500 RPM,61.37 CFM,20 dB,No
271425,110312,120,Clear,1500 RPM,61.37 CFM,20 dB,No
271426,110313,120,Black,800 - 2200 RPM,,17.2 - 39 dB,Yes
271427,110314,140,Clear,1200 RPM,48.7 CFM,23 dB,No
271428,110315,120,Black,2000 RPM,59.8 CFM,36 dB,No
271429,110316,120,Black,2000 RPM,59.8 CFM,36 dB,No
271430,110317,140,Black,,55.4 CFM,21 dB,No
271431,110318,120,Black,2000 RPM,59.8 CFM,36 dB,No
271432,110319,120,Black,2000 RPM,59.8 CFM,36 dB,No
271433,110320,80,Black / Clear,1400 - 2000 RPM,,18 - 23 dB,No
271434,110321,80,Clear,2000 RPM,,20 - 23 dB,No
271435,110322,120,Transparent,1600 RPM,56 CFM,28 dB,No
271436,110323,80,Black,3500 RPM,12.66 - 29.58 CFM,34 dB,No
271437,110324,80,Transparent,2600 RPM,34 CFM,30 dB,No
271438,110325,120,Black,2000 RPM,72.94 CFM,36 dB,No
271439,110326,140,Transparent,1200 RPM,48.7 CFM,23 dB,No
271440,110327,120,Black,1500 RPM,60 CFM,23.5 dB,No
271441,110328,120,Black / Blue,600 - 1800 RPM,75.59 CFM,10 - 26.8 dB,Yes
271442,110329,92,White,900 - 2000 RPM,37.89 CFM,11 - 23.5 dB,Yes
271443,110330,120,White,750 - 1500 RPM,58 CFM,12 - 25.5 dB,No
271444,110331,140,Orange,750 - 1200 RPM,45.1 - 78.09 CFM,13.4 - 19 dB,No
271445,110332,80,Black,2500 RPM,28.49 CFM,26 dB,No
271446,110333,80,Black,2500 RPM,32.4 CFM,12 dB,No
271447,110334,120,White,800 - 1400 RPM,,19 - 26 dB,No
271448,110335,92,Black,2200 - 2800 RPM,15.19 CFM,26 dB,No
271449,110336,92,Silver,2200 RPM,40.9 CFM,,No
271450,110337,80,Green,1400 RPM,,16 dB,No
271451,110338,120,Red,1800 RPM,70.2 CFM,31.7 dB,No
271452,110339,140,Orange,1000 RPM,64.5 CFM,17.9 dB,No
271453,110340,140,White,1000 RPM,59.6 CFM,18.6 - 23.3 dB,No
271454,110341,120,Translucent Black,1200 RPM,51.02 CFM,19.6 - 25.2 dB,No
271455,110342,120,Blue,1200 RPM,51.02 CFM,19.6 - 25.2 dB,No
271456,110343,80,White,2000 RPM,25.65 CFM,17.2 - 22 dB,No
271457,110344,120,White,1200 RPM,51.02 CFM,19.6 - 25.2 dB,No
271458,110345,193,Black / White,700 RPM,89.5 CFM,20.16 dB,No
271459,110346,193,Black / White,700 RPM,89.5 CFM,20.16 dB,No
271460,110347,80,Black,2000 RPM,24.81 CFM,23 dB,No
271461,110348,140,Black / Green,900 - 1400 RPM,60.1 - 76.5 CFM,10.5 - 16.2 dB,No
271462,110349,92,Black,700 - 2200 RPM,12.78 - 39.35 CFM,10 - 25 dB,No
271463,110350,140,Clear,700 - 1500 RPM,42.37 - 90.8 CFM,15 dB,No
271464,110351,92,Black / White,900 - 2000 RPM,37.89 CFM,11 - 23.5 dB,No
271465,110352,120,Clear,800 - 1700 RPM,33.26 - 71.76 CFM,16 dB,No
271466,110353,140,Blue,750 RPM,45.4 CFM,15 dB,No
271467,110354,120,Clear,1200 RPM,53.02 CFM,14 dB,No
271468,110355,80,Clear,900 - 2500 RPM,16.59 - 38.52 CFM,17 dB,No
271469,110356,120,Translucent Black,500 - 1600 RPM,20.42 - 67.48 CFM,14 dB,No
271470,110357,120,Orange,1500 RPM,61 CFM,20 dB,No
271471,110358,80,Orange,2200 RPM,29.2 CFM,25 dB,No
271472,110359,80,Black,2200 RPM,36 CFM,24 dB,No
271473,110360,120,Black,1800 RPM,75 CFM,20 dB,No
271474,110361,92,Black,2000 RPM,37.79 CFM,24 dB,No
271475,110362,140,Black,1000 RPM,65 CFM,18 dB,No
271476,110363,120,Clear,1500 RPM,61.37 CFM,20 dB,No
271477,110364,120,Clear,1500 RPM,61.37 CFM,20 dB,No
271478,110365,80,Clear,2200 RPM,29.24 CFM,25 dB,No
271479,110366,80,Clear,2200 RPM,32.6 CFM,25 dB,No
271480,110367,120,Black,800 - 1500 RPM,61 CFM,20 dB,Yes
271481,110368,80,Clear,2200 RPM,32.6 CFM,25 dB,No
271482,110369,140,Clear,1000 RPM,60.46 CFM,16 dB,No
271483,110370,140,Black,800 - 1300 RPM,90.3 CFM,18 dB,No
271484,110371,120,White,1500 RPM,75.3 CFM,24 dB,No
271485,110372,140,Black,800 - 1300 RPM,90.3 CFM,18 dB,No
271486,110373,200,Black,800 RPM,76 CFM,18 dB,No
271487,110374,140,Orange,1000 RPM,63.5 CFM,16 dB,No
271488,110375,140,Black,1000 RPM,63.5 CFM,16 dB,No
271489,110376,200,Clear,800 RPM,76 CFM,18 dB,No
271490,110377,200,Clear,800 RPM,76 CFM,18 dB,No
271491,110378,140,Clear,1000 RPM,63.5 CFM,16 dB,No
271492,110379,200,Clear,800 RPM,76 CFM,18 dB,No
271493,110380,140,Clear,1000 RPM,60.46 CFM,16 dB,No
271494,110381,200,Clear,800 RPM,76 CFM,18 dB,No
271495,110382,200,Clear,800 RPM,76 CFM,18 dB,No
271496,110383,120,Orange,1500 RPM,75.3 CFM,24 dB,No
271497,110384,80,Clear,2200 RPM,32.6 CFM,25 dB,No
271498,110385,200,Orange,800 RPM,76 CFM,18 dB,No
271499,110386,120,Clear,1500 RPM,68.33 CFM,20 dB,No
271500,110387,120,Clear,1500 RPM,68.33 CFM,20 dB,No
271501,110388,120,Clear,1500 RPM,68.33 CFM,20 dB,No
271502,110389,120,Clear,1500 RPM,68.33 CFM,20 dB,No
271503,110390,120,Black,1500 RPM,57.91 CFM,26.6 dB,No
271504,110391,230,Black,900 RPM,97.8 CFM,20 dB,No
271505,110392,200,Black,700 RPM,47.4 CFM,20 dB,No
271506,110393,200,Black,700 RPM,47.4 CFM,20 dB,No
271507,110394,120,Black,1200 RPM,56.22 CFM,18.89 dB,No
271508,110395,200,Black,700 RPM,47.4 CFM,20 dB,No
271509,110396,200,Black,700 RPM,47.4 CFM,20 dB,No
271510,110397,200,Black,700 RPM,47.4 CFM,20 dB,No
271511,110398,40,Black,3500 RPM,5 CFM,14 dB,No
271512,110399,120,Clear,1500 RPM,35.36 CFM,22.4 dB,No
271513,110400,120,Clear,1500 RPM,35.36 CFM,22.4 dB,No
271514,110401,92,Clear,1500 RPM,,20 - 23 dB,No
271515,110402,120,Clear,1500 RPM,35.36 CFM,22.4 dB,No
271516,110403,140,Clear,1100 RPM,52.15 CFM,19.5 dB,No
271517,110404,120,Blue,1500 RPM,70.5 CFM,17.6 - 27.8 dB,No
271518,110405,80,UV Blue,1800 RPM,21.71 CFM,20 dB,No
271519,110406,80,Green,1800 RPM,21.71 CFM,20 dB,No
271520,110407,80,Red,1800 RPM,21.71 CFM,20 dB,No
271521,110408,80,Gray / Blue,900 - 2200 RPM,22.6 CFM,17.6 - 23.4 dB,No
271522,110409,80,Green,1300 RPM,,,No
271523,110410,92,Black,1500 RPM,,20 - 23 dB,No
271524,110411,92,Black / Clear,1500 RPM,,20 - 23 dB,No
271525,110412,120,Black / Clear,1200 RPM,,20 - 23 dB,No
271526,110413,92,Clear,2200 RPM,38 CFM,27 dB,No
271527,110414,80,Clear,2600 RPM,34 CFM,30 dB,No
271528,110415,120,Clear,2000 RPM,79 CFM,30 dB,No
271529,110416,140,Brown / Black,900 - 1300 RPM,28.3 - 73.6 CFM,17 - 21 dB,Yes
271530,110417,140,Brown,900 - 1300 RPM,28.3 - 73.6 CFM,17 - 21 dB,Yes
271531,110418,120,Clear,2000 RPM,79 CFM,29.8 dB,No
271532,110419,120,Translucent Black,1000 RPM,29.7 CFM,17.3 dB,No
271533,110420,80,Blue,2000 RPM,25.64 CFM,22.05 dB,No
271534,110421,80,Clear,2000 RPM,25.64 CFM,22.05 dB,No
271535,110422,120,Clear,1700 RPM,63.85 CFM,29.67 dB,No
271536,110423,80,Clear,1800 RPM,21.71 CFM,20 dB,No
271537,110424,80,Clear,2700 RPM,31.73 CFM,28 dB,No
271538,110425,80,Green,2700 RPM,31.73 CFM,28 dB,No
271539,110426,92,Black,4800 RPM,119 CFM,56.4 dB,No
271540,110427,80,Black,1950 - 3400 RPM,23.8 - 41.6 CFM,25.5 - 37.5 dB,No
271541,110428,80,Red,1800 - 3000 RPM,38.08 CFM,32.31 dB,No
271542,110429,80,Blue,900 - 1750 RPM,14.68 - 28.55 CFM,15 - 19 dB,No
271543,110430,120,Blue,400 - 950 RPM,17.75 - 42.15 CFM,15 - 18 dB,No
271544,110431,140,Clear,1000 RPM,87 CFM,18.1 dB,No
271545,110432,140,Blue,1000 RPM,87 CFM,18.1 dB,No
271546,110433,80,Clear,2700 RPM,32.65 CFM,26.5 dB,No
271547,110434,140,Clear,1500 RPM,57.12 CFM,24.7 dB,No
271548,110435,140,Clear,1000 RPM,45.32 CFM,20 dB,No
271549,110436,120,Black,2700 RPM,107.54 CFM,41.51 dB,No
271550,110437,140,Black,1500 RPM,57.12 CFM,24.7 dB,No
271551,110438,80,Black,1600 RPM,18 CFM,11 dB,No
271552,110439,120,Black,1500 RPM,50.28 CFM,21.1 dB,No
271553,110440,120,Black,1500 RPM,50.28 CFM,21.1 dB,No
271554,110441,140,Blue,1200 RPM,59.6 CFM,20.6 dB,No
271555,110442,120,Clear,1500 RPM,50.28 CFM,21.1 dB,No
271556,110443,140,Green,1200 RPM,59.6 CFM,20.6 dB,No
271557,110444,92,Translucent Blue,2000 RPM,39.79 CFM,22.5 dB,No
271558,110445,92,White,1500 RPM,31.32 CFM,20 dB,No
271559,110446,120,Green,,44.71 CFM,26 dB,No
271560,110447,140,Black / Blue,700 - 1200 RPM,71.8 CFM,17.6 - 26.7 dB,No
271561,110448,80,Clear,1800 RPM,21.71 CFM,20 dB,No
271562,110449,80,Clear,1800 RPM,21.71 CFM,20 dB,No
271563,110450,120,Gray,800 RPM,28.25 CFM,9 dB,No
271564,110451,140,Black,1200 RPM,86.73 CFM,22.8 dB,No
271565,110452,230,White,900 RPM,97.8 CFM,20 dB,No
271566,110453,140,Translucent Black,1000 RPM,59.6 CFM,18.6 - 23.3 dB,No
271567,110454,40,Translucent Blue,2800 RPM,2.88 CFM,9 dB,No
271568,110455,120,Translucent Blue,1000 RPM,40.61 CFM,13 dB,No
271569,110456,120,Translucent Blue,1500 RPM,57.68 CFM,24 dB,No
271570,110457,120,Translucent Blue,2000 RPM,75.33 CFM,31 dB,Yes
271571,110458,140,Translucent Blue,1100 RPM,50.02 CFM,20 dB,No
271572,110459,92,Translucent Blue,1800 RPM,38.25 CFM,21 dB,No
271573,110460,80,Translucent Blue,1300 RPM,15.3 CFM,10 dB,No
271574,110461,80,Translucent Blue,1800 RPM,26.48 CFM,18 dB,No
271575,110462,80,Translucent Gray,1200 RPM,17.65 CFM,8 dB,No
271576,110463,80,Translucent Gray,1700 RPM,27.66 CFM,15 dB,No
271577,110464,80,Translucent Gray,2000 RPM,31.78 CFM,17 dB,Yes
271578,110465,120,Translucent Gray,1800 RPM,72.98 CFM,27 dB,No
271579,110466,120,Translucent Gray,2000 RPM,78.28 CFM,29 dB,Yes
271580,110467,120,Translucent Gray,1500 RPM,58.85 CFM,23 dB,Yes
271581,110468,120,White,1500 RPM,58.09 CFM,21 dB,Yes
271582,110469,120,White,2000 RPM,77.92 CFM,28 dB,Yes
271583,110470,40,Black,2800 RPM,4.12 CFM,14 dB,No
271584,110471,140,Black,1500 RPM,71.22 CFM,29 dB,Yes
271585,110472,80,Black,2500 RPM,30.6 CFM,26 dB,Yes
271586,110473,80,Black,1500 RPM,17.24 CFM,15 dB,No
271587,110474,80,Black,2000 RPM,31.78 CFM,18 dB,Yes
271588,110475,92,Black,1300 RPM,24.72 CFM,14 dB,No
271589,110476,120,Black,900 RPM,40.02 CFM,12 dB,No
271590,110477,140,Black,700 RPM,28.84 CFM,9 dB,No
271591,110478,140,Black,1200 RPM,32.37 CFM,22 dB,No
271592,110479,80,Clear,2300 RPM,31.62 CFM,26 dB,No
