cpu_id,product_id,core_count,core_clock,boost_clock,tdp,integrated_graphics,smt
275101,110480,6,3.6 GHz,4.2 GHz,65 W,None,Yes
275102,110481,6,3.4 GHz,3.9 GHz,65 W,None,Yes
275103,110482,8,3.7 GHz,4.3 GHz,105 W,None,Yes
275104,110483,8,3.6 GHz,4.4 GHz,65 W,None,Yes
275105,110484,8,3.6 GHz,4.9 GHz,95 W,Intel UHD Graphics 630,No
275106,110485,6,3.8 GHz,4.4 GHz,95 W,None,Yes
275107,110486,12,3.8 GHz,4.6 GHz,105 W,None,Yes
275108,110487,6,3.7 GHz,4.6 GHz,95 W,Intel UHD Graphics 630,No
275109,110488,8,3.6 GHz,5 GHz,95 W,Intel UHD Graphics 630,Yes
275110,110489,6,3.6 GHz,4.2 GHz,95 W,None,Yes
275111,110490,4,3.5 GHz,3.7 GHz,65 W,Radeon Vega 8,No
275112,110491,8,3.9 GHz,4.5 GHz,105 W,None,Yes
275113,110492,16,3.5 GHz,4.7 GHz,105 W,None,Yes
275114,110493,8,3.2 GHz,4.1 GHz,65 W,None,Yes
275115,110494,6,2.9 GHz,4.1 GHz,65 W,None,No
275116,110495,4,3.6 GHz,4 GHz,65 W,Radeon Vega 8,No
275117,110496,4,3.7 GHz,4.2 GHz,65 W,Radeon Vega 11,Yes
275118,110497,8,4 GHz,5 GHz,127 W,Intel UHD Graphics 630,Yes
275119,110498,32,3.7 GHz,4.5 GHz,280 W,None,Yes
275120,110499,4,3.1 GHz,3.4 GHz,65 W,None,No
275121,110500,4,3.6 GHz,4.2 GHz,65 W,None,No
275122,110501,6,3.7 GHz,4.7 GHz,95 W,Intel UHD Graphics 630,Yes
275123,110502,6,3.2 GHz,3.6 GHz,65 W,None,Yes
275124,110503,2,3.5 GHz,,35 W,Radeon Vega 3,Yes
275125,110504,4,4 GHz,4.2 GHz,91 W,Intel HD Graphics 530,Yes
275126,110505,4,3.5 GHz,3.7 GHz,65 W,None,Yes
275127,110506,4,3.6 GHz,3.9 GHz,65 W,Radeon Vega 11,Yes
275128,110507,4,4.2 GHz,4.5 GHz,91 W,Intel HD Graphics 630,Yes
275129,110508,22,2.2 GHz,3.6 GHz,145 W,None,Yes
275130,110509,6,3.2 GHz,4.6 GHz,65 W,Intel UHD Graphics 630,Yes
275131,110510,6,2.9 GHz,4.1 GHz,65 W,Intel UHD Graphics 630,No
275132,110511,6,3.7 GHz,4.6 GHz,95 W,None,No
275133,110512,8,3 GHz,4.7 GHz,65 W,Intel HD Graphics 630,No
275134,110513,6,2.8 GHz,4 GHz,65 W,Intel UHD Graphics 630,No
275135,110514,24,3.8 GHz,4.5 GHz,280 W,None,Yes
275136,110515,4,3.5 GHz,3.9 GHz,91 W,Intel HD Graphics 530,No
275137,110516,12,3.5 GHz,4 GHz,180 W,None,Yes
275138,110517,8,3.6 GHz,5 GHz,95 W,None,Yes
275139,110518,8,3.6 GHz,4.9 GHz,95 W,None,No
275140,110519,4,3.6 GHz,,65 W,Intel UHD Graphics 630,No
275141,110520,18,3 GHz,4.8 GHz,165 W,None,Yes
275142,110521,8,3 GHz,4.7 GHz,65 W,None,No
275143,110522,4,3.6 GHz,4.2 GHz,65 W,Intel HD Graphics 630,Yes
275144,110523,2,3.2 GHz,,35 W,Radeon Vega 3,Yes
275145,110524,6,3.6 GHz,4.3 GHz,95 W,Intel UHD Graphics 630,No
275146,110525,4,4 GHz,4.4 GHz,88 W,Intel HD Graphics 4600,Yes
275147,110526,8,4 GHz,,125 W,None,No
275148,110527,4,3 GHz,3.5 GHz,65 W,Intel HD Graphics 630,No
275149,110528,8,3.4 GHz,3.8 GHz,95 W,None,Yes
275150,110529,4,3.6 GHz,4.2 GHz,65 W,Intel UHD Graphics 630,No
275151,110530,2,3.7 GHz,,58 W,Intel UHD Graphics 610,Yes
275152,110531,4,3.5 GHz,3.9 GHz,88 W,Intel HD Graphics 4600,No
275153,110532,6,3.6 GHz,4 GHz,95 W,None,Yes
275154,110533,2,2.5 GHz,,65 W,Radeon HD 6410D,No
275155,110534,8,3 GHz,3.7 GHz,65 W,None,Yes
275156,110535,16,3.5 GHz,4.4 GHz,180 W,None,Yes
275157,110536,6,3.5 GHz,,95 W,None,No
275158,110537,18,3 GHz,4.4 GHz,165 W,None,Yes
275159,110538,4,3.4 GHz,,77 W,Intel HD Graphics 4000,Yes
275160,110539,4,3.8 GHz,4.2 GHz,91 W,Intel HD Graphics 630,No
275161,110540,8,3.1 GHz,5 GHz,65 W,Intel UHD Graphics 630,Yes
275162,110541,10,3.7 GHz,4.7 GHz,165 W,None,Yes
275163,110542,4,3.2 GHz,3.6 GHz,65 W,Intel HD Graphics 530,No
275164,110543,8,3.8 GHz,4 GHz,180 W,None,Yes
275165,110544,4,3.2 GHz,,77 W,Intel HD Graphics 2500,No
275166,110545,4,2.7 GHz,3.3 GHz,65 W,Intel HD Graphics 530,No
275167,110546,4,3.2 GHz,3.4 GHz,65 W,None,Yes
275168,110547,32,3 GHz,4.2 GHz,250 W,None,Yes
275169,110548,4,3.4 GHz,4 GHz,65 W,Intel HD Graphics 530,Yes
275170,110549,4,3.4 GHz,3.8 GHz,65 W,Intel HD Graphics 630,No
275171,110550,4,3.6 GHz,4 GHz,84 W,Intel HD Graphics 4600,Yes
275172,110551,2,3.5 GHz,3.8 GHz,65 W,Radeon R5 (on die),No
275173,110552,16,3.4 GHz,4 GHz,180 W,None,Yes
275174,110553,2,3.7 GHz,,51 W,Intel HD Graphics 530,Yes
275175,110554,4,3.1 GHz,,95 W,Intel HD Graphics 2000,No
275176,110555,4,3.2 GHz,,84 W,Intel HD Graphics 4600,No
275177,110556,4,3.5 GHz,3.7 GHz,65 W,None,No
275178,110557,4,3.5 GHz,,84 W,Intel HD Graphics 4600,Yes
275179,110558,6,3.7 GHz,4.6 GHz,95 W,None,No
275180,110559,8,3.6 GHz,4 GHz,95 W,None,Yes
275181,110560,4,3.4 GHz,,77 W,Intel HD Graphics 4000,No
275182,110561,4,3.5 GHz,,77 W,Intel HD Graphics 4000,Yes
275183,110562,8,4.7 GHz,5 GHz,220 W,None,No
275184,110563,4,3.4 GHz,,95 W,Intel HD Graphics 2000,Yes
275185,110564,6,3.6 GHz,4.1 GHz,95 W,None,No
275186,110565,8,3.5 GHz,,125 W,None,No
275187,110566,2,3.5 GHz,,54 W,Intel HD Graphics 610,Yes
275188,110567,4,3.4 GHz,,84 W,Intel HD Graphics 4600,Yes
275189,110568,4,3.4 GHz,,84 W,Intel HD Graphics 4600,No
275190,110569,4,4 GHz,4.4 GHz,88 W,Intel HD Graphics 4600,Yes
275191,110570,4,3.3 GHz,,95 W,Intel HD Graphics 3000,No
275192,110571,12,3.5 GHz,4.3 GHz,180 W,None,Yes
275193,110572,12,3.5 GHz,4.8 GHz,165 W,None,Yes
275194,110573,2,3.9 GHz,,51 W,Intel HD Graphics 630,Yes
275195,110574,6,3.3 GHz,3.6 GHz,140 W,None,Yes
275196,110575,4,3.3 GHz,3.9 GHz,65 W,Intel HD Graphics 530,No
275197,110576,18,3 GHz,4.4 GHz,165 W,None,Yes
275198,110577,24,3 GHz,4.2 GHz,250 W,None,Yes
275199,110578,4,2.9 GHz,,65 W,Intel HD Graphics 4000,No
275200,110579,10,3.5 GHz,4.4 GHz,165 W,None,Yes
275201,110580,8,2 GHz,2.8 GHz,95 W,None,Yes
275202,110581,6,3.6 GHz,4.1 GHz,95 W,None,No
275203,110582,6,4 GHz,5 GHz,95 W,Intel UHD Graphics 630,Yes
275204,110583,8,3.8 GHz,4.5 GHz,165 W,None,Yes
275205,110584,4,3.4 GHz,,95 W,Intel HD Graphics 3000,Yes
275206,110585,4,3.8 GHz,,95 W,None,No
275207,110586,4,3.6 GHz,3.9 GHz,65 W,Radeon Vega 11,Yes
275208,110587,6,3.1 GHz,4.6 GHz,65 W,Intel UHD Graphics 630,No
275209,110588,4,3.5 GHz,3.8 GHz,65 W,None,No
275210,110589,2,3.1 GHz,,65 W,Intel UHD Graphics 610,No
275211,110590,4,3.1 GHz,3.4 GHz,65 W,Radeon R7 (on-die),No
275212,110591,4,3.5 GHz,4.1 GHz,65 W,Intel HD Graphics 630,No
275213,110592,4,4 GHz,,91 W,Intel UHD Graphics 630,No
275214,110593,8,3.6 GHz,5 GHz,95 W,Intel UHD Graphics 630,Yes
275215,110594,6,3 GHz,4.1 GHz,65 W,Intel UHD Graphics 630,No
275216,110595,4,3.4 GHz,,77 W,Intel HD Graphics 2500,No
275217,110596,4,3.1 GHz,3.3 GHz,84 W,Intel HD Graphics 4600,No
275218,110597,10,3.3 GHz,4.1 GHz,165 W,None,Yes
275219,110598,8,3.4 GHz,4 GHz,150 W,None,Yes
275220,110599,14,3.3 GHz,4.8 GHz,165 W,None,Yes
275221,110600,2,2.9 GHz,,51 W,Intel HD Graphics 610,No
275222,110601,6,3.1 GHz,4.3 GHz,65 W,Intel UHD Graphics 630,No
275223,110602,6,3.4 GHz,3.6 GHz,140 W,None,Yes
275224,110603,4,4 GHz,4.6 GHz,91 W,None,No
275225,110604,4,3.5 GHz,,84 W,Intel HD Graphics 4600,Yes
275226,110605,4,3 GHz,,95 W,Intel HD Graphics 2000,No
275227,110606,2,2.8 GHz,,65 W,None,No
275228,110607,4,2.5 GHz,,95 W,None,No
275229,110608,2,1.45 GHz,,25 W,Radeon HD 8240,No
275230,110609,16,2.3 GHz,3.6 GHz,135 W,None,Yes
275231,110610,2,2.7 GHz,,35 W,Intel HD Graphics 610,No
275232,110611,2,3.3 GHz,,54 W,Intel HD Graphics 510,No
275233,110612,6,3.9 GHz,,125 W,None,No
275234,110613,8,3.6 GHz,4.9 GHz,95 W,Intel UHD Graphics 630,No
275235,110614,6,3 GHz,4.4 GHz,65 W,Intel UHD Graphics 630,No
275236,110615,6,3.5 GHz,,95 W,None,No
275237,110616,6,2.8 GHz,4 GHz,65 W,Intel UHD Graphics 630,No
275238,110617,2,3.4 GHz,,55 W,Intel HD Graphics 2500,Yes
275239,110618,4,3.5 GHz,3.9 GHz,84 W,Intel HD Graphics 4600,No
275240,110619,2,2.8 GHz,,65 W,Intel HD Graphics,No
275241,110620,4,3.2 GHz,3.4 GHz,84 W,Intel HD Graphics 4600,No
275242,110621,2,3.4 GHz,,35 W,Radeon Vega 3,Yes
275243,110622,4,3.5 GHz,3.8 GHz,65 W,Radeon R7 (on-die),No
275244,110623,2,3.9 GHz,,65 W,Radeon HD 8470D,No
275245,110624,6,3.7 GHz,4.7 GHz,95 W,Intel UHD Graphics 630,Yes
275246,110625,4,3.3 GHz,,95 W,Intel HD Graphics 2000,No
275247,110626,12,3.8 GHz,4.6 GHz,105 W,None,Yes
275248,110627,8,3.6 GHz,4 GHz,95 W,None,Yes
275249,110628,4,3.5 GHz,3.7 GHz,65 W,Radeon Vega 8,No
275250,110629,16,3.1 GHz,4.4 GHz,165 W,None,Yes
275251,110630,2,2.8 GHz,,51 W,Intel HD Graphics 510,No
275252,110631,4,3.5 GHz,,95 W,Intel HD Graphics 3000,Yes
275253,110632,2,2.66 GHz,,65 W,None,No
275254,110633,4,2.8 GHz,,130 W,None,Yes
275255,110634,8,3.6 GHz,4.5 GHz,140 W,None,Yes
275256,110635,6,3.7 GHz,4.6 GHz,95 W,Intel UHD Graphics 630,No
275257,110636,4,3.2 GHz,3.6 GHz,65 W,Intel HD Graphics 530,No
275258,110637,18,2.6 GHz,4.4 GHz,165 W,None,Yes
275259,110638,8,3.6 GHz,4.4 GHz,65 W,None,Yes
275260,110639,2,3.4 GHz,,54 W,Intel HD Graphics 4400,Yes
275261,110640,6,3.5 GHz,3.7 GHz,140 W,None,Yes
275262,110641,12,3.5 GHz,4.4 GHz,165 W,None,Yes
275263,110642,10,3 GHz,3.5 GHz,140 W,None,Yes
275264,110643,8,3.3 GHz,,95 W,None,No
275265,110644,4,4 GHz,4.2 GHz,112 W,None,No
275266,110645,6,3.2 GHz,4.6 GHz,65 W,Intel UHD Graphics 630,Yes
275267,110646,6,3.6 GHz,4.2 GHz,65 W,None,Yes
275268,110647,2,3.3 GHz,,55 W,Intel HD Graphics 2500,Yes
275269,110648,2,3.1 GHz,,65 W,Intel HD Graphics 2000,Yes
275270,110649,2,3.9 GHz,,54 W,Intel UHD Graphics 630,Yes
275271,110650,4,3.6 GHz,4.2 GHz,65 W,Intel HD Graphics 630,Yes
275272,110651,2,3 GHz,,65 W,None,No
275273,110652,2,3.5 GHz,3.8 GHz,65 W,Radeon R5 (on die),No
275274,110653,4,2.66 GHz,,130 W,None,Yes
275275,110654,4,3.3 GHz,3.7 GHz,84 W,Intel HD Graphics 4600,No
275276,110655,2,3.5 GHz,,35 W,Radeon Vega 3,Yes
275277,110656,2,2.5 GHz,,65 W,None,No
275278,110657,10,3.3 GHz,4.5 GHz,140 W,None,Yes
275279,110658,4,3.4 GHz,,84 W,Intel HD Graphics 4600,No
275280,110659,4,4.2 GHz,4.5 GHz,91 W,Intel HD Graphics 630,Yes
275281,110660,6,1.7 GHz,3.3 GHz,35 W,Intel UHD Graphics 630,No
275282,110661,14,2.3 GHz,3.3 GHz,120 W,None,Yes
275283,110662,4,3.7 GHz,3.9 GHz,130 W,None,Yes
275284,110663,2,3.3 GHz,,65 W,Intel HD Graphics 2000,Yes
275285,110664,18,2.3 GHz,3.6 GHz,145 W,None,Yes
275286,110665,6,3 GHz,4.4 GHz,65 W,None,No
275287,110666,8,4 GHz,,125 W,None,No
275288,110667,8,2.7 GHz,3.5 GHz,130 W,None,Yes
275289,110668,8,2.1 GHz,3 GHz,85 W,None,Yes
275290,110669,4,3.7 GHz,4 GHz,95 W,None,No
275291,110670,2,3.5 GHz,3.9 GHz,65 W,Radeon R5 (on die),No
275292,110671,6,3.8 GHz,4.4 GHz,95 W,None,Yes
275293,110672,2,3.2 GHz,,53 W,Intel HD Graphics,No
275294,110673,6,3.6 GHz,3.8 GHz,140 W,None,Yes
275295,110674,4,2.93 GHz,,95 W,None,Yes
275296,110675,4,3 GHz,,77 W,Intel HD Graphics 2500,No
275297,110676,4,3.1 GHz,3.8 GHz,65 W,Radeon R7 (on-die),No
275298,110677,2,3.2 GHz,,73 W,Intel HD Graphics,Yes
275299,110678,4,3.3 GHz,3.7 GHz,80 W,None,Yes
275300,110679,2,3.6 GHz,,54 W,Intel HD Graphics 4400,Yes
275301,110680,8,3.2 GHz,4.1 GHz,65 W,None,Yes
275302,110681,12,2.6 GHz,3.5 GHz,135 W,None,Yes
275303,110682,4,3.4 GHz,3.8 GHz,65 W,Intel HD Graphics 630,No
275304,110683,4,4.3 GHz,4.5 GHz,112 W,None,Yes
275305,110684,2,4.2 GHz,,60 W,Intel HD Graphics 630,Yes
275306,110685,4,3.7 GHz,4.2 GHz,65 W,Radeon Vega 11,Yes
275307,110686,1,1.6 GHz,,35 W,Intel HD Graphics,No
275308,110687,2,3.7 GHz,,54 W,Intel HD Graphics 4400,Yes
275309,110688,2,3.2 GHz,,54 W,Intel UHD Graphics 610,No
275310,110689,4,3.6 GHz,4 GHz,84 W,Intel HD Graphics 4600,Yes
275311,110690,6,3.2 GHz,,130 W,None,Yes
275312,110691,8,3.2 GHz,4 GHz,95 W,None,No
275313,110692,4,3.6 GHz,,65 W,Intel UHD Graphics 630,No
275314,110693,4,4 GHz,4.2 GHz,91 W,Intel HD Graphics 530,Yes
275315,110694,8,4 GHz,,125 W,None,No
275316,110695,4,3 GHz,,84 W,Intel HD Graphics 4600,No
275317,110696,12,1.8 GHz,2.5 GHz,65 W,None,Yes
275318,110697,4,3.6 GHz,,130 W,None,Yes
275319,110698,4,3.4 GHz,4 GHz,65 W,Intel HD Graphics 530,Yes
275320,110699,6,2.9 GHz,4.1 GHz,65 W,None,No
275321,110700,18,2.6 GHz,4.4 GHz,165 W,None,Yes
275322,110701,4,2.66 GHz,,95 W,None,No
275323,110702,8,2.6 GHz,3.4 GHz,95 W,None,Yes
275324,110703,4,3.1 GHz,,77 W,Intel HD Graphics 2500,No
275325,110704,6,3.5 GHz,4 GHz,140 W,None,Yes
275326,110705,8,4 GHz,4.3 GHz,125 W,None,No
275327,110706,12,3 GHz,3.5 GHz,160 W,None,Yes
275328,110707,4,3.6 GHz,4 GHz,65 W,Radeon Vega 8,No
275329,110708,8,3.9 GHz,4.5 GHz,105 W,None,Yes
275330,110709,4,4.3 GHz,4.5 GHz,112 W,None,Yes
275331,110710,4,2.66 GHz,,95 W,None,No
275332,110711,4,3 GHz,3.5 GHz,65 W,Intel HD Graphics 630,No
275333,110712,2,3.2 GHz,,65 W,Intel UHD Graphics 610,No
275334,110713,2,3.5 GHz,,55 W,Intel HD Graphics 2500,Yes
275335,110714,4,4.1 GHz,,100 W,Radeon HD 8670D,No
275336,110715,4,3.4 GHz,,125 W,None,No
275337,110716,2,3.8 GHz,,54 W,Intel UHD Graphics 610,Yes
275338,110717,8,3 GHz,3.5 GHz,140 W,None,Yes
275339,110718,6,3.2 GHz,,125 W,None,No
275340,110719,4,2.5 GHz,,65 W,Intel HD Graphics 2000,No
275341,110720,4,2.6 GHz,,95 W,None,No
275342,110721,4,2.8 GHz,,95 W,None,Yes
275343,110722,2,2.9 GHz,,65 W,Intel HD Graphics 2500,No
275344,110723,4,2.8 GHz,3.4 GHz,65 W,Intel HD Graphics 510,No
275345,110724,2,3.5 GHz,,51 W,Intel HD Graphics 530,No
275346,110725,4,3.5 GHz,3.9 GHz,88 W,Intel HD Graphics 4600,No
275347,110726,4,3.06 GHz,,130 W,None,Yes
275348,110727,18,2.3 GHz,3.6 GHz,145 W,None,Yes
275349,110728,2,3.4 GHz,,80 W,None,No
275350,110729,4,3.5 GHz,3.7 GHz,135 W,None,Yes
275351,110730,6,3.3 GHz,,95 W,None,No
275352,110731,6,3.4 GHz,3.9 GHz,130 W,None,Yes
275353,110732,4,3.1 GHz,,65 W,Intel HD Graphics 4600,Yes
275354,110733,4,4.2 GHz,,125 W,None,No
275355,110734,2,3 GHz,,65 W,Radeon HD 7480D,No
275356,110735,2,3.4 GHz,,65 W,Radeon HD 7480D,No
275357,110736,2,3.2 GHz,,54 W,Intel HD Graphics,No
275358,110737,4,2.4 GHz,,100 W,None,No
275359,110738,4,3.6 GHz,,95 W,None,No
275360,110739,8,3.2 GHz,3.7 GHz,140 W,None,Yes
275361,110740,2,3.6 GHz,,65 W,Radeon HD 7540D,No
275362,110741,4,3.7 GHz,4 GHz,95 W,Radeon R7 (on-die),No
275363,110742,6,2.1 GHz,3.5 GHz,35 W,Intel UHD Graphics 630,No
275364,110743,2,3.2 GHz,,73 W,Intel HD Graphics,Yes
275365,110744,4,3 GHz,,95 W,None,No
275366,110745,8,4.4 GHz,4.7 GHz,220 W,None,No
275367,110746,8,3.4 GHz,3.8 GHz,95 W,None,Yes
275368,110747,8,4 GHz,4.3 GHz,125 W,None,No
275369,110748,6,2.9 GHz,4.1 GHz,65 W,Intel UHD Graphics 630,No
275370,110749,4,3.1 GHz,,69 W,None,No
275371,110750,4,4 GHz,4.4 GHz,88 W,Intel HD Graphics 4600,Yes
275372,110751,6,2.4 GHz,4 GHz,35 W,Intel UHD Graphics 630,Yes
275373,110752,4,3.2 GHz,,130 W,None,Yes
275374,110753,4,3.4 GHz,3.8 GHz,95 W,Radeon R7 (on-die),No
275375,110754,4,2.8 GHz,,95 W,Intel HD Graphics 2000,No
275376,110755,14,3.3 GHz,4.4 GHz,165 W,None,Yes
275377,110756,2,3.6 GHz,,51 W,Intel HD Graphics 630,Yes
275378,110757,4,3.3 GHz,,77 W,Intel HD Graphics 2500,No
275379,110758,8,3.1 GHz,,125 W,None,No
275380,110759,2,3.5 GHz,,54 W,Intel HD Graphics 610,Yes
275381,110760,2,3.7 GHz,,58 W,Intel UHD Graphics 610,Yes
275382,110761,4,3.2 GHz,,125 W,None,No
275383,110762,4,3.5 GHz,3.9 GHz,84 W,Intel HD Graphics 4600,No
275384,110763,4,3.5 GHz,3.9 GHz,65 W,Radeon R7 (on-die),No
275385,110764,4,3.1 GHz,,35 W,Intel UHD Graphics 630,No
275386,110765,8,4.7 GHz,5 GHz,220 W,None,No
275387,110766,4,4.1 GHz,4.3 GHz,95 W,Radeon R7 (on-die),No
275388,110767,8,3.8 GHz,4.5 GHz,165 W,None,Yes
275389,110768,4,3 GHz,,95 W,None,No
275390,110769,6,3.33 GHz,,130 W,None,Yes
275391,110770,8,2.6 GHz,3.3 GHz,115 W,None,Yes
275392,110771,8,3.7 GHz,5 GHz,95 W,Intel HD Graphics P630,Yes
275393,110772,4,3.8 GHz,4.1 GHz,100 W,None,No
275394,110773,8,3.6 GHz,,125 W,None,No
275395,110774,6,2.5 GHz,3 GHz,95 W,None,Yes
275396,110775,8,3 GHz,4.7 GHz,65 W,Intel HD Graphics 630,No
275397,110776,6,3.3 GHz,4.5 GHz,80 W,None,Yes
275398,110777,6,3.3 GHz,,130 W,None,Yes
275399,110778,4,3.8 GHz,4.2 GHz,65 W,Radeon R7 (on-die),No
275400,110779,6,3.7 GHz,4.6 GHz,95 W,Intel UHD Graphics 630,No
275401,110780,1,2.8 GHz,,45 W,None,No
275402,110781,6,3.6 GHz,4 GHz,130 W,None,Yes
275403,110782,2,2.133 GHz,,10 W,None,Yes
275404,110783,16,3.1 GHz,4.4 GHz,165 W,None,Yes
275405,110784,4,3.2 GHz,,80 W,None,Yes
275406,110785,4,2.05 GHz,,25 W,Radeon HD 8400,No
275407,110786,2,2.8 GHz,,65 W,None,No
275408,110787,10,3.5 GHz,4.4 GHz,165 W,None,Yes
275409,110788,6,3.6 GHz,4 GHz,140 W,None,Yes
275410,110789,4,3.3 GHz,,69 W,None,Yes
275411,110790,4,3.1 GHz,3.3 GHz,77 W,Intel HD Graphics 2500,No
275412,110791,4,1.3 GHz,,25 W,Radeon HD 8280,No
275413,110792,4,2.9 GHz,3.8 GHz,35 W,Intel HD Graphics 630,Yes
275414,110793,8,2.1 GHz,4.4 GHz,35 W,Intel UHD Graphics 630,Yes
275415,110794,4,3.9 GHz,,100 W,Radeon HD 8570D,No
275416,110795,4,3.6 GHz,3.9 GHz,95 W,Radeon R7 (on-die),No
275417,110796,4,2.8 GHz,,95 W,None,No
275418,110797,4,3.2 GHz,,95 W,None,No
275419,110798,4,3.1 GHz,,65 W,Intel HD Graphics 4000,Yes
275420,110799,12,2.7 GHz,3.5 GHz,130 W,None,Yes
275421,110800,4,3.7 GHz,,62 W,Intel UHD Graphics 630,No
275422,110801,4,3.8 GHz,4.2 GHz,91 W,Intel HD Graphics 630,No
275423,110802,4,2.9 GHz,,65 W,Intel HD Graphics 2500,No
275424,110803,2,2.9 GHz,,35 W,Intel HD Graphics 4600,Yes
275425,110804,2,3.7 GHz,,51 W,Intel HD Graphics 530,Yes
275426,110805,4,3.8 GHz,,100 W,Radeon HD 7660D,No
275427,110806,4,4 GHz,4.2 GHz,95 W,None,No
275428,110807,2,3 GHz,,55 W,Intel HD Graphics,No
275429,110808,4,3.7 GHz,4 GHz,140 W,None,Yes
275430,110809,6,3.3 GHz,,125 W,None,No
275431,110810,4,3.7 GHz,4 GHz,95 W,None,No
275432,110811,6,3.467 GHz,,130 W,None,Yes
275433,110812,4,3.2 GHz,3.6 GHz,84 W,Intel HD Graphics P4600,No
275434,110813,4,4 GHz,4.6 GHz,91 W,Intel HD Graphics 630,No
275435,110814,4,2.8 GHz,,95 W,None,No
275436,110815,4,2.8 GHz,3.6 GHz,35 W,Intel HD Graphics 530,Yes
275437,110816,4,3.5 GHz,3.9 GHz,88 W,Intel HD Graphics 4600,No
275438,110817,4,2.7 GHz,3.3 GHz,65 W,Intel HD Graphics 530,No
275439,110818,8,4.4 GHz,4.7 GHz,220 W,None,No
275440,110819,6,3.5 GHz,4.5 GHz,80 W,Intel HD Graphics P630,Yes
275441,110820,10,2.6 GHz,3.3 GHz,105 W,None,Yes
275442,110821,8,3.1 GHz,5 GHz,65 W,Intel UHD Graphics 630,Yes
275443,110822,6,2.8 GHz,,125 W,None,No
275444,110823,2,3.5 GHz,,35 W,Radeon Vega 3,Yes
275445,110824,6,3 GHz,4.1 GHz,65 W,Intel UHD Graphics 630,No
275446,110825,6,3.5 GHz,,150 W,None,Yes
275447,110826,32,3 GHz,4.2 GHz,250 W,None,Yes
275448,110827,2,2.5 GHz,,65 W,Radeon HD 6410D,No
275449,110828,8,2.9 GHz,3.8 GHz,135 W,None,Yes
275450,110829,6,3.6 GHz,4.3 GHz,95 W,Intel UHD Graphics 630,No
275451,110830,4,3.8 GHz,,125 W,None,No
275452,110831,4,1.8 GHz,,80 W,None,No
275453,110832,4,3.5 GHz,3.8 GHz,65 W,None,No
275454,110833,4,2.9 GHz,,65 W,Intel HD Graphics 4600,No
275455,110834,16,2.8 GHz,4.4 GHz,165 W,None,Yes
275456,110835,16,3.5 GHz,4.4 GHz,180 W,None,Yes
275457,110836,10,2.2 GHz,3.1 GHz,85 W,None,Yes
275458,110837,4,3.3 GHz,3.7 GHz,95 W,Radeon R7 (on-die),No
275459,110838,4,2.4 GHz,,100 W,None,No
275460,110839,4,3.7 GHz,,65 W,Radeon HD 8670D,No
275461,110840,8,3 GHz,4.7 GHz,65 W,None,No
275462,110841,4,2.9 GHz,,95 W,Intel HD Graphics 2000,No
275463,110842,4,3.5 GHz,3.9 GHz,84 W,Intel HD Graphics 4600,Yes
275464,110843,4,3.6 GHz,,100 W,Radeon HD 7560D,No
275465,110844,2,2.6 GHz,,55 W,Intel HD Graphics,No
275466,110845,4,2.83 GHz,,95 W,None,No
275467,110846,6,3.2 GHz,,130 W,None,Yes
275468,110847,4,3.2 GHz,,65 W,Radeon HD 7560D,No
275469,110848,6,2.3 GHz,,95 W,None,Yes
275470,110849,2,2.93 GHz,,73 W,Intel HD Graphics,Yes
275471,110850,4,3.6 GHz,4 GHz,65 W,Radeon R7 (on-die),No
275472,110851,4,3.7 GHz,3.9 GHz,130 W,None,Yes
275473,110852,2,2.93 GHz,,65 W,None,No
275474,110853,4,4 GHz,4.2 GHz,112 W,None,No
275475,110854,1,1.6 GHz,,35 W,None,No
275476,110855,2,3.9 GHz,,51 W,Intel HD Graphics 630,Yes
275477,110856,6,3.1 GHz,4.3 GHz,65 W,Intel UHD Graphics 630,No
275478,110857,4,3.5 GHz,3.9 GHz,72 W,None,Yes
275479,110858,2,2.66 GHz,,65 W,None,No
275480,110859,4,3.5 GHz,,84 W,Intel HD Graphics 4600,Yes
275481,110860,4,3.4 GHz,,125 W,None,No
275482,110861,4,3.1 GHz,3.8 GHz,35 W,Radeon R7 (on-die),No
275483,110862,2,3.7 GHz,3.9 GHz,65 W,Radeon HD 8370D,No
275484,110863,6,3.8 GHz,,125 W,None,No
275485,110864,6,3.7 GHz,4.7 GHz,80 W,Intel HD Graphics P630,Yes
275486,110865,4,2.2 GHz,2.8 GHz,35 W,Intel HD Graphics 530,No
275487,110866,2,3.4 GHz,,65 W,Intel HD Graphics 2000,Yes
275488,110867,6,3.5 GHz,3.9 GHz,130 W,None,Yes
275489,110868,2,2.4 GHz,,65 W,Intel HD Graphics,No
275490,110869,2,3.06 GHz,,73 W,Intel HD Graphics,Yes
275491,110870,4,3.1 GHz,3.6 GHz,65 W,Iris Pro Graphics 6200,No
275492,110871,4,3.9 GHz,4.1 GHz,95 W,Radeon R7 (on-die),No
275493,110872,8,3.2 GHz,3.6 GHz,135 W,None,Yes
275494,110873,4,2.8 GHz,,95 W,None,No
275495,110874,2,3.8 GHz,,51 W,Intel HD Graphics 530,Yes
275496,110875,8,3.6 GHz,4 GHz,95 W,None,Yes
275497,110876,4,3 GHz,3.5 GHz,35 W,Radeon R7 (on-die),No
275498,110877,12,2.9 GHz,4.4 GHz,140 W,None,Yes
275499,110878,10,2.2 GHz,3 GHz,95 W,None,Yes
275500,110879,8,2.4 GHz,3.1 GHz,115 W,None,Yes
275501,110880,2,3.8 GHz,4 GHz,65 W,Radeon HD 8470D,No
275502,110881,4,2.4 GHz,3 GHz,35 W,Intel HD Graphics 630,No
275503,110882,16,2.4 GHz,3.3 GHz,115 W,None,No
275504,110883,2,3.1 GHz,,65 W,Intel UHD Graphics 610,No
275505,110884,10,3 GHz,3.5 GHz,140 W,None,Yes
275506,110885,4,3.2 GHz,,35 W,Intel UHD Graphics 630,No
275507,110886,2,3.6 GHz,,51 W,Intel HD Graphics 530,No
275508,110887,4,3.2 GHz,,136 W,None,No
275509,110888,10,1.7 GHz,2.1 GHz,70 W,None,Yes
275510,110889,6,2.2 GHz,2.7 GHz,80 W,None,Yes
275511,110890,2,3 GHz,,54 W,Intel HD Graphics,No
275512,110891,2,3.9 GHz,,54 W,Intel UHD Graphics 630,Yes
275513,110892,14,2.6 GHz,3.6 GHz,145 W,None,Yes
275514,110893,2,2.6 GHz,,65 W,Intel HD Graphics,No
275515,110894,4,3.2 GHz,,125 W,None,No
275516,110895,10,3.1 GHz,3.5 GHz,160 W,None,Yes
275517,110896,12,3.5 GHz,4.4 GHz,165 W,None,Yes
275518,110897,2,4 GHz,,51 W,Intel HD Graphics 630,Yes
275519,110898,4,3.3 GHz,3.7 GHz,65 W,Iris Pro Graphics 6200,Yes
275520,110899,2,2.6 GHz,,65 W,None,No
275521,110900,4,3.5 GHz,,65 W,Radeon HD 8570D,No
275522,110901,8,3.3 GHz,4 GHz,130 W,None,Yes
275523,110902,4,3.4 GHz,3.8 GHz,80 W,None,Yes
275524,110903,8,2.4 GHz,3.2 GHz,85 W,None,Yes
275525,110904,8,3.3 GHz,4.3 GHz,95 W,None,No
275526,110905,6,2.8 GHz,,125 W,None,No
275527,110906,2,3.5 GHz,,54 W,Intel HD Graphics 4400,Yes
275528,110907,4,2.9 GHz,,95 W,None,No
275529,110908,2,3.16 GHz,,65 W,None,No
275530,110909,8,3.1 GHz,3.8 GHz,150 W,None,Yes
275531,110910,14,3.1 GHz,4.4 GHz,165 W,None,Yes
275532,110911,2,3.33 GHz,,65 W,None,No
275533,110912,12,2.3 GHz,3.1 GHz,120 W,None,Yes
275534,110913,4,2.8 GHz,,65 W,Intel HD Graphics 2000,Yes
275535,110914,4,2.93 GHz,,95 W,None,Yes
275536,110915,4,3.3 GHz,4.3 GHz,71 W,None,No
275537,110916,4,3 GHz,,125 W,None,No
275538,110917,2,3 GHz,,65 W,None,No
275539,110918,6,3.1 GHz,4.6 GHz,65 W,Intel UHD Graphics 630,No
275540,110919,6,3.9 GHz,,125 W,None,No
275541,110920,14,2.6 GHz,3.5 GHz,135 W,None,Yes
275542,110921,4,2.93 GHz,,95 W,None,Yes
275543,110922,10,3 GHz,3.6 GHz,130 W,None,Yes
275544,110923,6,3.3 GHz,3.6 GHz,140 W,None,Yes
275545,110924,4,3.7 GHz,4.3 GHz,62 W,None,No
275546,110925,2,2.9 GHz,,35 W,Intel HD Graphics 4400,Yes
275547,110926,8,2.2 GHz,2.6 GHz,95 W,None,Yes
275548,110927,4,3.8 GHz,,95 W,None,No
275549,110928,2,3 GHz,3.4 GHz,35 W,Radeon R5 (on die),No
275550,110929,14,3.3 GHz,4.4 GHz,165 W,None,Yes
275551,110930,4,3 GHz,,130 W,None,No
275552,110931,4,2.8 GHz,,65 W,Intel HD Graphics 2500,No
275553,110932,6,3.5 GHz,4 GHz,140 W,None,Yes
275554,110933,2,2.7 GHz,,65 W,Radeon HD 6410D,No
275555,110934,14,2.6 GHz,3.6 GHz,145 W,None,Yes
275556,110935,4,3 GHz,,100 W,Radeon HD 6550D,No
275557,110936,4,3.33 GHz,,130 W,None,Yes
275558,110937,2,3.8 GHz,,54 W,Intel UHD Graphics 630,Yes
275559,110938,4,3.4 GHz,,69 W,None,Yes
275560,110939,2,3.8 GHz,,54 W,Intel UHD Graphics 630,Yes
275561,110940,2,3.1 GHz,,53 W,Intel HD Graphics,No
275562,110941,8,1.8 GHz,2.3 GHz,70 W,None,Yes
275563,110942,4,2.33 GHz,,95 W,None,No
275564,110943,4,3.1 GHz,3.8 GHz,65 W,Intel HD Graphics 2500,No
275565,110944,14,2 GHz,3.2 GHz,105 W,None,Yes
275566,110945,8,3.2 GHz,3.8 GHz,140 W,None,Yes
275567,110946,12,2.5 GHz,3.3 GHz,120 W,None,Yes
275568,110947,8,4.7 GHz,5 GHz,220 W,None,No
275569,110948,4,3.5 GHz,3.6 GHz,140 W,None,Yes
275570,110949,16,2.1 GHz,3 GHz,120 W,None,Yes
275571,110950,4,3.4 GHz,3.8 GHz,84 W,Intel HD Graphics P4600,Yes
275572,110951,6,3.7 GHz,4 GHz,130 W,None,Yes
275573,110952,8,3.5 GHz,,125 W,None,No
275574,110953,6,2.4 GHz,3.2 GHz,85 W,None,Yes
275575,110954,2,3 GHz,,65 W,None,No
275576,110955,4,3.5 GHz,3.8 GHz,65 W,Radeon R7 (on-die),No
275577,110956,6,2.7 GHz,,95 W,None,No
275578,110957,2,3.3 GHz,,53 W,Intel HD Graphics,No
275579,110958,2,2.2 GHz,,65 W,None,No
275580,110959,10,2.8 GHz,3.6 GHz,115 W,None,Yes
275581,110960,4,3.4 GHz,,65 W,Radeon HD 7660D,No
275582,110961,2,3.2 GHz,,53 W,Intel HD Graphics,No
275583,110962,4,3.5 GHz,3.8 GHz,140 W,None,Yes
275584,110963,2,3.7 GHz,,51 W,Intel HD Graphics 630,Yes
275585,110964,16,2.8 GHz,4.4 GHz,165 W,None,Yes
275586,110965,10,2.4 GHz,3.4 GHz,90 W,None,Yes
275587,110966,10,2.6 GHz,3.3 GHz,105 W,None,Yes
275588,110967,2,2.7 GHz,,65 W,Intel HD Graphics,No
275589,110968,4,3.4 GHz,3.8 GHz,80 W,None,Yes
275590,110969,8,3.4 GHz,5 GHz,80 W,Intel HD Graphics P630,Yes
275591,110970,24,3 GHz,4.2 GHz,250 W,None,Yes
275592,110971,4,3.3 GHz,3.9 GHz,65 W,Intel HD Graphics 530,No
275593,110972,20,2.2 GHz,3.6 GHz,135 W,None,Yes
275594,110973,8,3 GHz,3.5 GHz,140 W,None,Yes
275595,110974,2,3.5 GHz,,54 W,Intel HD Graphics 4600,Yes
275596,110975,4,3.5 GHz,,69 W,None,Yes
275597,110976,2,1.1 GHz,,17 W,Intel HD Graphics,No
275598,110977,4,3 GHz,,95 W,None,No
275599,110978,4,2.66 GHz,,95 W,None,No
275600,110979,2,3.2 GHz,,35 W,Intel HD Graphics 530,Yes
275601,110980,6,3.5 GHz,3.8 GHz,140 W,None,Yes
275602,110981,12,3.5 GHz,4.3 GHz,180 W,None,Yes
275603,110982,4,3.4 GHz,,100 W,None,No
275604,110983,2,3.6 GHz,,54 W,Intel HD Graphics 4600,Yes
275605,110984,4,2.8 GHz,3.3 GHz,65 W,Intel HD Graphics 4600,No
275606,110985,4,3 GHz,,95 W,None,No
275607,110986,8,1.8 GHz,2.9 GHz,55 W,None,Yes
275608,110987,2,3.2 GHz,,35 W,Radeon Vega 3,Yes
275609,110988,4,2.5 GHz,3.1 GHz,35 W,Intel HD Graphics 530,No
275610,110989,2,2.53 GHz,,65 W,None,No
275611,110990,2,2.7 GHz,,65 W,None,No
275612,110991,2,3.2 GHz,,55 W,Intel HD Graphics 2500,Yes
275613,110992,2,2.5 GHz,,65 W,None,No
275614,110993,4,2.9 GHz,,100 W,Radeon HD 6550D,No
275615,110994,4,4.2 GHz,,125 W,None,No
275616,110995,4,3.1 GHz,,95 W,None,No
275617,110996,2,3.1 GHz,,35 W,Intel UHD Graphics 610,Yes
275618,110997,4,3 GHz,,95 W,None,No
275619,110998,4,3.2 GHz,,77 W,Intel HD Graphics P4000,No
275620,110999,2,3.4 GHz,,35 W,Intel HD Graphics 630,Yes
275621,111000,4,3.2 GHz,,150 W,None,No
275622,111001,4,2.93 GHz,,130 W,None,Yes
275623,111002,4,2.7 GHz,3.3 GHz,35 W,Intel HD Graphics 630,No
275624,111003,2,2.8 GHz,3.5 GHz,35 W,Intel HD Graphics,Yes
275625,111004,4,2.66 GHz,,130 W,None,Yes
275626,111005,10,2.3 GHz,3 GHz,105 W,None,Yes
275627,111006,2,2.8 GHz,,51 W,Intel HD Graphics 510,No
275628,111007,8,3.6 GHz,,125 W,None,No
275629,111008,2,4.1 GHz,,51 W,Intel HD Graphics 630,Yes
275630,111009,4,2.83 GHz,,95 W,None,No
275631,111010,8,2 GHz,4.3 GHz,35 W,Intel HD Graphics 630,No
275632,111011,4,3.1 GHz,,80 W,None,No
275633,111012,6,3.333 GHz,,130 W,None,Yes
275634,111013,2,3.9 GHz,,51 W,Intel HD Graphics 530,Yes
275635,111014,6,1.6 GHz,,85 W,None,No
275636,111015,6,3 GHz,4.1 GHz,65 W,Intel UHD Graphics 630,No
275637,111016,4,3.4 GHz,,77 W,Intel HD Graphics 2500,No
275638,111017,4,3.1 GHz,,69 W,None,No
275639,111018,4,3.4 GHz,,95 W,None,No
275640,111019,6,2.6 GHz,3.1 GHz,80 W,None,Yes
275641,111020,4,3.2 GHz,,130 W,None,Yes
275642,111021,4,4.2 GHz,,125 W,None,No
275643,111022,4,3.4 GHz,3.8 GHz,80 W,None,Yes
275644,111023,1,1.8 GHz,,35 W,None,No
275645,111024,2,2.9 GHz,,55 W,Intel HD Graphics,No
275646,111025,16,2.4 GHz,3.3 GHz,115 W,None,No
275647,111026,4,2.6 GHz,,100 W,Radeon HD 6530D,No
275648,111027,4,3.5 GHz,4.5 GHz,71 W,None,Yes
275649,111028,4,3.8 GHz,4.2 GHz,73 W,Intel HD Graphics P630,Yes
275650,111029,4,3.3 GHz,3.7 GHz,73 W,Intel HD Graphics P630,No
275651,111030,12,2.4 GHz,3.2 GHz,115 W,None,Yes
275652,111031,4,3 GHz,3.5 GHz,72 W,None,No
275653,111032,4,2.4 GHz,,80 W,None,No
275654,111033,2,3.2 GHz,,80 W,None,No
275655,111034,2,4.2 GHz,,60 W,Intel HD Graphics 630,Yes
275656,111035,4,2.8 GHz,,95 W,None,Yes
275657,111036,4,3.1 GHz,3.7 GHz,35 W,Intel UHD Graphics 630,No
275658,111037,6,3.5 GHz,3.8 GHz,130 W,None,Yes
275659,111038,6,3.3 GHz,,95 W,None,No
275660,111039,2,3.5 GHz,,35 W,Radeon Vega 3,Yes
275661,111040,6,3.7 GHz,4.7 GHz,80 W,Intel HD Graphics P630,Yes
275662,111041,10,2.3 GHz,3 GHz,105 W,None,Yes
275663,111042,6,2 GHz,,95 W,None,Yes
275664,111043,2,3.7 GHz,4 GHz,65 W,Radeon R5 (on die),No
275665,111044,4,3 GHz,,125 W,None,No
275666,111045,4,3.2 GHz,3.9 GHz,65 W,Intel HD Graphics 4600,No
275667,111046,6,3 GHz,,95 W,None,No
275668,111047,2,2.7 GHz,,53 W,Intel HD Graphics,No
275669,111048,4,2.1 GHz,3.2 GHz,25 W,None,Yes
275670,111049,2,3.3 GHz,,54 W,Intel HD Graphics 510,No
275671,111050,8,2.8 GHz,3.3 GHz,115 W,None,No
275672,111051,6,1.7 GHz,,85 W,None,No
275673,111052,8,2.2 GHz,3 GHz,95 W,None,Yes
275674,111053,2,3.3 GHz,,55 W,Intel HD Graphics 4000,Yes
275675,111054,4,3.4 GHz,,77 W,Intel HD Graphics P4000,Yes
275676,111055,2,3.4 GHz,,65 W,None,No
275677,111056,2,3.5 GHz,,51 W,Intel HD Graphics 530,No
275678,111057,2,3.8 GHz,4 GHz,65 W,Radeon HD 8370D,No
275679,111058,6,3 GHz,4.4 GHz,65 W,Intel UHD Graphics 630,No
275680,111059,8,3.4 GHz,4.3 GHz,95 W,None,No
275681,111060,4,3.1 GHz,3.5 GHz,80 W,None,No
275682,111061,4,3.8 GHz,,100 W,Radeon HD 7660D,No
275683,111062,3,2.8 GHz,,95 W,None,No
275684,111063,6,3.4 GHz,4.8 GHz,80 W,None,Yes
275685,111064,2,2.6 GHz,,35 W,Intel HD Graphics 2000,Yes
275686,111065,18,2.1 GHz,3.3 GHz,120 W,None,Yes
275687,111066,2,2.8 GHz,,35 W,Intel HD Graphics 2500,Yes
275688,111067,2,3.8 GHz,,54 W,Intel HD Graphics 4600,Yes
275689,111068,4,4.1 GHz,4.5 GHz,79 W,Intel HD Graphics 630,Yes
275690,111069,2,2.9 GHz,,51 W,Intel HD Graphics 610,No
275691,111070,6,2.1 GHz,2.6 GHz,80 W,None,Yes
275692,111071,3,2.1 GHz,,65 W,Radeon HD 6530D,No
275693,111072,2,2.6 GHz,,35 W,Intel HD Graphics 510,No
275694,111073,4,3.5 GHz,3.8 GHz,140 W,None,Yes
275695,111074,2,3 GHz,,65 W,Intel HD Graphics,No
275696,111075,14,1.7 GHz,2.5 GHz,65 W,None,Yes
275697,111076,8,2.6 GHz,3.4 GHz,90 W,None,Yes
275698,111077,10,2.5 GHz,3.3 GHz,115 W,None,Yes
275699,111078,4,2.7 GHz,,45 W,None,Yes
275700,111079,4,3.06 GHz,,95 W,None,Yes
275701,111080,2,3.4 GHz,,35 W,Radeon Vega 3,Yes
275702,111081,2,3.2 GHz,,65 W,None,No
275703,111082,4,3.7 GHz,,125 W,None,No
275704,111083,4,3.6 GHz,,95 W,None,No
275705,111084,2,1.65 GHz,,18 W,None,No
275706,111085,4,3.5 GHz,4.1 GHz,65 W,Intel HD Graphics 630,No
275707,111086,4,3.3 GHz,,69 W,None,Yes
275708,111087,2,3.6 GHz,,54 W,Intel HD Graphics 510,Yes
275709,111088,8,2.2 GHz,3 GHz,95 W,None,Yes
275710,111089,14,2.4 GHz,3.3 GHz,120 W,None,Yes
275711,111090,6,2.9 GHz,4.1 GHz,65 W,Intel UHD Graphics 630,No
275712,111091,2,2.8 GHz,,65 W,None,No
275713,111092,2,3.1 GHz,,55 W,Intel HD Graphics,No
275714,111093,4,2.8 GHz,,95 W,None,No
275715,111094,10,3.1 GHz,3.5 GHz,160 W,None,Yes
275716,111095,8,2.9 GHz,3.8 GHz,135 W,None,Yes
275717,111096,4,2.66 GHz,,95 W,None,No
275718,111097,4,3.3 GHz,3.7 GHz,80 W,Intel HD Graphics P530,No
275719,111098,2,1.867 GHz,,10 W,Intel HD Graphics,No
275720,111099,6,3 GHz,4.4 GHz,65 W,None,No
275721,111100,4,3.7 GHz,4.1 GHz,72 W,None,Yes
275722,111101,2,3 GHz,,51 W,Intel HD Graphics 610,No
275723,111102,2,2.66 GHz,,65 W,None,No
275724,111103,4,2.7 GHz,3.2 GHz,65 W,Intel HD Graphics 2500,No
275725,111104,4,3.1 GHz,3.8 GHz,65 W,Intel HD Graphics 4600,No
275726,111105,4,2.66 GHz,,100 W,None,No
275727,111106,4,2.5 GHz,,95 W,None,No
275728,111107,16,2.1 GHz,3 GHz,120 W,None,Yes
275729,111108,6,2.3 GHz,3.9 GHz,35 W,Intel UHD Graphics 630,No
275730,111109,8,3.3 GHz,,95 W,None,No
275731,111110,2,3.7 GHz,,54 W,Intel HD Graphics 4600,Yes
275732,111111,4,3 GHz,3.7 GHz,65 W,Intel HD Graphics 4000,No
275733,111112,6,3.5 GHz,4.1 GHz,95 W,None,No
275734,111113,4,1.6 GHz,,25 W,Radeon HD 8400,No
275735,111114,4,3.2 GHz,,65 W,None,No
275736,111115,2,3.6 GHz,,54 W,Intel HD Graphics 4400,Yes
275737,111116,4,2.2 GHz,2.8 GHz,35 W,Intel HD Graphics 530,No
275738,111117,12,2.2 GHz,2.9 GHz,105 W,None,Yes
275739,111118,2,3.33 GHz,,73 W,Intel HD Graphics,Yes
275740,111119,4,2.8 GHz,3.7 GHz,35 W,Intel HD Graphics 630,No
275741,111120,4,3.7 GHz,4.4 GHz,62 W,None,No
275742,111121,2,3 GHz,,80 W,None,No
275743,111122,10,3.3 GHz,4.5 GHz,140 W,None,Yes
275744,111123,4,3.9 GHz,4.1 GHz,95 W,None,No
275745,111124,2,2.9 GHz,,65 W,None,No
275746,111125,4,2.6 GHz,,95 W,None,No
275747,111126,4,2.66 GHz,,95 W,None,No
275748,111127,8,4 GHz,4.3 GHz,125 W,None,No
275749,111128,4,3.7 GHz,4.1 GHz,73 W,Intel HD Graphics P630,Yes
275750,111129,3,2.9 GHz,,95 W,None,No
275751,111130,8,2.2 GHz,3 GHz,95 W,None,Yes
275752,111131,4,3.4 GHz,,80 W,None,Yes
275753,111132,4,3.5 GHz,3.9 GHz,80 W,None,Yes
275754,111133,2,2.8 GHz,,65 W,None,No
275755,111134,4,2.66 GHz,,95 W,None,No
275756,111135,8,3 GHz,3.5 GHz,140 W,None,Yes
275757,111136,6,3.4 GHz,3.7 GHz,135 W,None,Yes
275758,111137,4,2.5 GHz,,45 W,Intel HD Graphics 2500,Yes
275759,111138,4,3.1 GHz,3.8 GHz,65 W,Radeon R7 (on-die),No
275760,111139,6,3.2 GHz,3.8 GHz,130 W,None,Yes
275761,111140,2,3.7 GHz,3.9 GHz,65 W,Radeon HD 8370D,No
275762,111141,4,3.8 GHz,4.2 GHz,72 W,None,Yes
275763,111142,4,3.6 GHz,4.5 GHz,71 W,Intel HD Graphics P630,Yes
275764,111143,6,3.6 GHz,4 GHz,140 W,None,Yes
275765,111144,12,2.6 GHz,3.2 GHz,115 W,None,No
275766,111145,6,3.3 GHz,4.5 GHz,80 W,Intel HD Graphics P630,No
275767,111146,6,2 GHz,,95 W,None,Yes
275768,111147,2,3 GHz,,65 W,None,No
275769,111148,2,3.33 GHz,,87 W,Intel HD Graphics,Yes
275770,111149,2,3.333 GHz,,73 W,Intel HD Graphics,Yes
275771,111150,4,2.7 GHz,,100 W,Radeon HD 6530D,No
275772,111151,6,3.5 GHz,3.8 GHz,140 W,None,Yes
275773,111152,6,3.5 GHz,4 GHz,140 W,None,Yes
275774,111153,2,2.5 GHz,,35 W,Intel HD Graphics 2000,Yes
275775,111154,4,2.9 GHz,,65 W,Intel HD Graphics 4600,No
275776,111155,2,3 GHz,,65 W,None,No
275777,111156,2,3.2 GHz,,65 W,Intel UHD Graphics 610,No
275778,111157,4,3.6 GHz,4 GHz,80 W,None,Yes
275779,111158,4,2.33 GHz,,95 W,None,No
275780,111159,2,3.3 GHz,,65 W,Intel HD Graphics 3000,Yes
275781,111160,4,3.3 GHz,,80 W,None,Yes
275782,111161,4,2.7 GHz,3.5 GHz,35 W,Intel HD Graphics 530,No
275783,111162,6,3.4 GHz,3.6 GHz,140 W,None,Yes
275784,111163,6,3.5 GHz,3.7 GHz,140 W,None,Yes
275785,111164,4,3.1 GHz,3.8 GHz,65 W,None,No
275786,111165,1,1.8 GHz,,20 W,None,No
275787,111166,4,4 GHz,4.3 GHz,100 W,Radeon HD 8670D,No
275788,111167,10,3.3 GHz,4.1 GHz,165 W,None,Yes
275789,111168,2,3 GHz,,65 W,None,No
275790,111169,4,3.5 GHz,,125 W,None,No
275791,111170,6,2.2 GHz,3.7 GHz,35 W,Intel UHD Graphics 630,No
275792,111171,12,2.3 GHz,3.1 GHz,120 W,None,Yes
275793,111172,4,3.4 GHz,4.5 GHz,71 W,Intel HD Graphics P630,No
275794,111173,4,3.4 GHz,4.5 GHz,71 W,Intel HD Graphics P630,No
275795,111174,2,2.8 GHz,,53 W,Intel HD Graphics,No
275796,111175,12,2.2 GHz,2.9 GHz,105 W,None,Yes
275797,111176,2,2.4 GHz,,65 W,None,No
275798,111177,2,3.2 GHz,,73 W,Intel HD Graphics,Yes
275799,111178,2,3.4 GHz,,55 W,Intel HD Graphics 4000,Yes
275800,111179,4,2.7 GHz,3.3 GHz,35 W,Intel HD Graphics 630,No
275801,111180,2,2.33 GHz,,65 W,None,No
275802,111181,2,2.66 GHz,,65 W,None,No
275803,111182,1,2.7 GHz,,45 W,None,No
275804,111183,6,3.6 GHz,3.8 GHz,140 W,None,Yes
275805,111184,4,4 GHz,4.6 GHz,91 W,Intel HD Graphics 630,No
275806,111185,4,2.8 GHz,3.3 GHz,65 W,Intel HD Graphics 2500,No
275807,111186,4,2.5 GHz,,45 W,Intel HD Graphics 4600,Yes
275808,111187,4,3.3 GHz,,95 W,Intel HD Graphics,Yes
275809,111188,4,3.3 GHz,3.7 GHz,65 W,Iris Pro Graphics 6200,Yes
275810,111189,4,4 GHz,,91 W,Intel UHD Graphics 630,No
275811,111190,4,2.5 GHz,3.7 GHz,45 W,Intel HD Graphics 4000,Yes
275812,111191,2,2.8 GHz,,55 W,Intel HD Graphics,No
275813,111192,4,2.9 GHz,3.9 GHz,45 W,None,Yes
275814,111193,4,3.5 GHz,,125 W,None,No
275815,111194,8,1.7 GHz,,85 W,None,No
275816,111195,4,3.8 GHz,4.7 GHz,71 W,Intel HD Graphics P630,Yes
275817,111196,4,3.5 GHz,3.9 GHz,80 W,None,Yes
275818,111197,2,3.06 GHz,,65 W,None,No
275819,111198,8,2.6 GHz,3.4 GHz,90 W,None,Yes
275820,111199,4,3.7 GHz,,62 W,Intel UHD Graphics 630,No
275821,111200,2,3.6 GHz,,53 W,Intel HD Graphics,No
275822,111201,2,2.13 GHz,,65 W,None,No
275823,111202,2,3.16 GHz,,65 W,None,No
275824,111203,4,2.66 GHz,,95 W,None,No
275825,111204,14,3.1 GHz,4.4 GHz,165 W,None,Yes
275826,111205,4,3.1 GHz,3.6 GHz,65 W,Iris Pro Graphics 6200,No
275827,111206,6,1.8 GHz,3.4 GHz,35 W,Intel UHD Graphics 630,No
275828,111207,8,3.1 GHz,,125 W,None,No
275829,111208,6,2.3 GHz,3.7 GHz,35 W,Intel UHD Graphics 630,No
275830,111209,2,2.8 GHz,,53 W,Intel HD Graphics,No
275831,111210,4,3.6 GHz,3.8 GHz,130 W,None,Yes
275832,111211,4,2.9 GHz,,65 W,Intel HD Graphics 4600,No
275833,111212,2,2.93 GHz,,65 W,None,No
275834,111213,3,2.5 GHz,,45 W,None,No
275835,111214,2,2 GHz,,65 W,None,No
275836,111215,2,3.6 GHz,,51 W,Intel HD Graphics 630,Yes
275837,111216,2,3.06 GHz,,65 W,None,No
275838,111217,4,3.1 GHz,,95 W,None,No
275839,111218,2,3.2 GHz,,35 W,Intel UHD Graphics 630,Yes
275840,111219,4,3.2 GHz,4 GHz,65 W,Intel HD Graphics 4000,Yes
275841,111220,4,3.5 GHz,3.9 GHz,80 W,None,Yes
275842,111221,2,2.7 GHz,,65 W,None,No
275843,111222,4,2.8 GHz,,95 W,None,No
275844,111223,2,3.46 GHz,,73 W,Intel HD Graphics,Yes
275845,111224,4,3.7 GHz,3.8 GHz,140 W,None,Yes
275846,111225,2,3.4 GHz,,53 W,Intel HD Graphics,No
275847,111226,6,2.9 GHz,4.1 GHz,65 W,Intel UHD Graphics 630,No
275848,111227,2,1.8 GHz,,35 W,Intel UHD Graphics 610,No
275849,111228,6,3.3 GHz,3.9 GHz,130 W,None,Yes
275850,111229,2,3.1 GHz,,65 W,Intel HD Graphics 3000,Yes
275851,111230,4,3.7 GHz,,65 W,Radeon HD 8670D,No
275852,111231,6,4 GHz,4.9 GHz,95 W,Intel HD Graphics P630,Yes
275853,111232,8,4.4 GHz,4.7 GHz,220 W,None,No
275854,111233,8,2 GHz,2.5 GHz,95 W,None,Yes
275855,111234,2,3.7 GHz,,51 W,Intel HD Graphics 630,Yes
275856,111235,4,2.5 GHz,,95 W,None,No
275857,111236,14,2 GHz,3 GHz,120 W,None,Yes
275858,111237,8,2.2 GHz,3 GHz,95 W,None,Yes
275859,111238,6,3 GHz,4.4 GHz,65 W,None,No
275860,111239,8,3.6 GHz,,125 W,None,No
275861,111240,2,3.3 GHz,,80 W,None,No
275862,111241,4,3.6 GHz,,125 W,None,No
275863,111242,4,3.7 GHz,4 GHz,95 W,None,No
275864,111243,4,3.7 GHz,4 GHz,95 W,Radeon R7 (on-die),No
275865,111244,2,2.8 GHz,,65 W,Radeon HD 6410D,No
275866,111245,4,2.8 GHz,3.6 GHz,35 W,Intel HD Graphics 530,Yes
275867,111246,8,2.4 GHz,3.2 GHz,85 W,None,Yes
275868,111247,8,3.6 GHz,4.5 GHz,140 W,None,Yes
275869,111248,2,2.2 GHz,,65 W,None,No
275870,111249,4,2.93 GHz,,100 W,None,No
275871,111250,2,3 GHz,,65 W,Radeon HD 7480D,No
275872,111251,3,3.1 GHz,,95 W,None,No
275873,111252,2,3.1 GHz,,80 W,None,No
275874,111253,4,2.6 GHz,,95 W,None,No
275875,111254,2,2.267 GHz,,35 W,Intel HD Graphics,Yes
275876,111255,4,3.2 GHz,,130 W,None,Yes
275877,111256,4,2 GHz,3 GHz,25 W,Intel HD Graphics P530,No
275878,111257,6,2.6 GHz,,95 W,None,No
275879,111258,12,2.9 GHz,4.4 GHz,140 W,None,Yes
275880,111259,2,2.7 GHz,,55 W,Intel HD Graphics,No
275881,111260,8,3.2 GHz,4 GHz,95 W,None,No
275882,111261,4,2.5 GHz,3.1 GHz,35 W,Intel HD Graphics 530,No
275883,111262,4,3.8 GHz,4.7 GHz,71 W,Intel HD Graphics P630,Yes
275884,111263,8,2.7 GHz,3.3 GHz,130 W,None,Yes
275885,111264,1,2 GHz,,35 W,None,No
275886,111265,8,3.2 GHz,3.8 GHz,115 W,None,No
275887,111266,4,2.53 GHz,,82 W,None,Yes
275888,111267,4,2.83 GHz,,95 W,None,No
275889,111268,4,3 GHz,,130 W,None,No
275890,111269,4,2.9 GHz,3.8 GHz,35 W,Intel HD Graphics 630,Yes
275891,111270,4,2.8 GHz,,125 W,None,No
275892,111271,2,2.5 GHz,,65 W,None,No
275893,111272,4,2.83 GHz,,65 W,None,No
275894,111273,2,4 GHz,4.2 GHz,65 W,Radeon HD 8000 Series,No
275895,111274,6,2.6 GHz,3.1 GHz,80 W,None,Yes
275896,111275,2,3.2 GHz,,53 W,Intel HD Graphics,No
275897,111276,10,3.3 GHz,4.5 GHz,140 W,None,Yes
275898,111277,4,3.2 GHz,,95 W,None,No
275899,111278,4,3.4 GHz,3.8 GHz,95 W,Radeon R7 (on-die),No
275900,111279,4,3.8 GHz,4.2 GHz,72 W,None,Yes
275901,111280,4,3.9 GHz,4.2 GHz,72 W,None,Yes
275902,111281,2,3.1 GHz,,65 W,Intel HD Graphics,No
275903,111282,2,2.9 GHz,,35 W,Intel HD Graphics 610,Yes
275904,111283,2,3.6 GHz,,73 W,Intel HD Graphics,Yes
275905,111284,2,3.5 GHz,,35 W,Intel HD Graphics 630,Yes
275906,111285,12,2.6 GHz,3.2 GHz,115 W,None,No
275907,111286,6,3.4 GHz,3.7 GHz,135 W,None,Yes
275908,111287,4,3.5 GHz,3.8 GHz,130 W,None,Yes
275909,111288,4,2.8 GHz,3.7 GHz,35 W,Intel HD Graphics 630,No
275910,111289,4,2.6 GHz,,95 W,None,No
275911,111290,4,3.2 GHz,,125 W,None,No
275912,111291,8,3.2 GHz,3.7 GHz,140 W,None,Yes
275913,111292,4,3.5 GHz,3.9 GHz,65 W,Radeon R7 (on-die),No
275914,111293,2,2.8 GHz,,35 W,Intel HD Graphics,No
275915,111294,4,2.2 GHz,,25 W,Radeon R3 (on die),No
275916,111295,4,3 GHz,,95 W,None,No
275917,111296,2,3.2 GHz,,65 W,None,No
275918,111297,8,2.5 GHz,3.3 GHz,95 W,None,Yes
275919,111298,4,3.3 GHz,,125 W,None,No
275920,111299,4,3.3 GHz,3.7 GHz,95 W,Radeon R7 (on-die),No
275921,111300,4,3.7 GHz,4.3 GHz,62 W,None,No
275922,111301,2,3.8 GHz,,54 W,Intel HD Graphics 4600,Yes
275923,111302,8,3.2 GHz,3.8 GHz,115 W,None,No
275924,111303,2,1.8 GHz,,65 W,None,No
275925,111304,4,3 GHz,3.5 GHz,72 W,None,No
275926,111305,2,1.6 GHz,,65 W,None,No
275927,111306,14,2.3 GHz,3.3 GHz,120 W,None,Yes
275928,111307,4,3.5 GHz,3.9 GHz,80 W,Intel HD Graphics P530,Yes
275929,111308,4,3 GHz,3.5 GHz,80 W,None,No
275930,111309,12,2.5 GHz,3.3 GHz,120 W,None,Yes
275931,111310,4,2.5 GHz,3.7 GHz,45 W,Intel HD Graphics,Yes
275932,111311,6,2 GHz,,95 W,None,Yes
275933,111312,2,3.1 GHz,,65 W,None,No
275934,111313,4,3 GHz,3.7 GHz,65 W,Intel HD Graphics 2500,No
275935,111314,2,3.2 GHz,,65 W,None,No
275936,111315,3,3.3 GHz,,95 W,None,No
275937,111316,4,2.8 GHz,,130 W,None,Yes
275938,111317,4,4.3 GHz,4.5 GHz,112 W,None,Yes
275939,111318,4,3.5 GHz,,77 W,Intel HD Graphics P4000,Yes
275940,111319,4,3.1 GHz,,95 W,Intel HD Graphics,No
275941,111320,2,3.2 GHz,,65 W,None,No
275942,111321,4,2.5 GHz,,65 W,Intel HD Graphics 3000,No
275943,111322,3,3.2 GHz,,95 W,None,No
275944,111323,1,2.9 GHz,,45 W,None,No
275945,111324,4,3.5 GHz,3.9 GHz,65 W,Radeon R7 (on-die),No
275946,111325,4,2.5 GHz,3.5 GHz,45 W,Radeon HD 8650D,No
275947,111326,2,3.4 GHz,,55 W,Intel HD Graphics 2500,Yes
275948,111327,4,2.7 GHz,3.5 GHz,35 W,Intel HD Graphics 530,No
275949,111328,2,2.9 GHz,,35 W,Intel HD Graphics 510,No
275950,111329,4,2.4 GHz,,80 W,None,No
275951,111330,2,1.6 GHz,,65 W,None,No
275952,111331,2,2.6 GHz,,65 W,None,No
275953,111332,4,2.5 GHz,,80 W,None,No
275954,111333,6,2.4 GHz,3.2 GHz,85 W,None,Yes
275955,111334,2,3 GHz,,35 W,Intel HD Graphics 630,Yes
275956,111335,2,2.8 GHz,,65 W,None,No
275957,111336,4,3 GHz,,125 W,None,No
275958,111337,4,3 GHz,,125 W,None,No
275959,111338,2,2.2 GHz,,65 W,None,No
275960,111339,4,2.83 GHz,,95 W,None,No
275961,111340,4,3.7 GHz,4 GHz,95 W,Radeon R7 (on-die),No
275962,111341,4,3.1 GHz,3.8 GHz,65 W,Radeon R7 (on-die),No
275963,111342,4,3.7 GHz,4.4 GHz,62 W,None,No
275964,111343,2,3.333 GHz,,65 W,None,No
275965,111344,8,3.6 GHz,4.5 GHz,140 W,None,Yes
275966,111345,4,3.4 GHz,,95 W,Intel HD Graphics,Yes
275967,111346,4,3.8 GHz,4 GHz,65 W,None,No
275968,111347,2,3.2 GHz,,54 W,Intel HD Graphics,No
275969,111348,4,3.2 GHz,,125 W,None,No
275970,111349,8,3.1 GHz,3.8 GHz,150 W,None,Yes
275971,111350,8,1.9 GHz,2.4 GHz,95 W,None,Yes
275972,111351,2,2.8 GHz,,65 W,Intel HD Graphics,No
275973,111352,4,3.4 GHz,,65 W,Radeon HD 7660D,No
275974,111353,6,3.6 GHz,4.8 GHz,80 W,Intel HD Graphics P630,Yes
275975,111354,2,2.4 GHz,,65 W,Radeon HD 6370D,No
275976,111355,2,3.1 GHz,,53 W,Intel HD Graphics,No
275977,111356,6,3.7 GHz,4 GHz,130 W,None,Yes
275978,111357,4,3.6 GHz,4 GHz,80 W,None,Yes
275979,111358,2,4 GHz,,51 W,Intel HD Graphics 630,Yes
275980,111359,2,3.8 GHz,,51 W,Intel HD Graphics 530,Yes
275981,111360,2,3.4 GHz,,35 W,Intel HD Graphics 630,Yes
275982,111361,2,2.93 GHz,,65 W,None,No
275983,111362,2,2.9 GHz,,65 W,Intel HD Graphics,No
275984,111363,2,2.8 GHz,,55 W,Intel HD Graphics,No
275985,111364,4,3.5 GHz,3.9 GHz,72 W,None,Yes
275986,111365,1,1.8 GHz,,35 W,None,No
275987,111366,2,2.8 GHz,,73 W,Intel HD Graphics,No
275988,111367,2,2.93 GHz,,75 W,None,No
275989,111368,4,3.4 GHz,3.8 GHz,80 W,None,Yes
275990,111369,2,3.9 GHz,,51 W,Intel HD Graphics 530,Yes
275991,111370,1,1.6 GHz,,35 W,None,No
275992,111371,3,2.7 GHz,,95 W,None,No
275993,111372,4,3.4 GHz,,140 W,None,No
275994,111373,6,2.5 GHz,3 GHz,80 W,None,Yes
275995,111374,2,2.7 GHz,,65 W,Radeon HD 6410D,No
275996,111375,2,3.3 GHz,,35 W,Intel HD Graphics 530,Yes
275997,111376,2,3.3 GHz,,55 W,Intel HD Graphics,No
275998,111377,1,2.2 GHz,,35 W,None,No
275999,111378,2,2.2 GHz,,65 W,None,No
276000,111379,2,1.8 GHz,,65 W,None,No
276001,111380,2,1.86 GHz,,65 W,None,No
276002,111381,4,2.33 GHz,,65 W,None,No
276003,111382,4,2.5 GHz,,95 W,None,No
276004,111383,4,2.5 GHz,,95 W,None,No
276005,111384,4,3 GHz,,100 W,None,No
276006,111385,4,2.6 GHz,,100 W,None,No
276007,111386,12,2.6 GHz,3.3 GHz,120 W,None,Yes
276008,111387,8,2.8 GHz,,95 W,None,No
276009,111388,4,2.4 GHz,,45 W,None,No
276010,111389,4,4 GHz,4.2 GHz,112 W,None,No
276011,111390,4,3.2 GHz,,125 W,None,No
276012,111391,4,4.2 GHz,,125 W,None,No
276013,111392,4,4 GHz,4.2 GHz,95 W,None,No
276014,111393,6,3.9 GHz,,125 W,None,No
276015,111394,8,3.1 GHz,,125 W,None,No
276016,111395,2,3.8 GHz,4 GHz,65 W,Radeon R5 (on die),No
276017,111396,4,3.5 GHz,3.9 GHz,84 W,Intel HD Graphics P4600,Yes
276018,111397,6,2.4 GHz,,60 W,None,Yes
276019,111398,4,3.9 GHz,4.1 GHz,95 W,Radeon R7 (on-die),No
276020,111399,2,4.2 GHz,,65 W,None,No
276021,111400,4,2.8 GHz,,95 W,None,No
276022,111401,2,3.2 GHz,,35 W,Intel HD Graphics 530,Yes
276023,111402,4,3.5 GHz,3.9 GHz,80 W,None,Yes
276024,111403,2,3.33 GHz,,65 W,None,No
276025,111404,2,3.4 GHz,,80 W,None,No
276026,111405,2,2.3 GHz,,35 W,Intel HD Graphics,No
276027,111406,2,2.6 GHz,,65 W,None,No
276028,111407,2,2.13 GHz,,65 W,None,No
276029,111408,2,2.53 GHz,,65 W,None,No
276030,111409,2,3.7 GHz,,54 W,Intel HD Graphics 4600,Yes
276031,111410,6,3.5 GHz,4.5 GHz,80 W,Intel HD Graphics P630,Yes
276032,111411,2,3.1 GHz,,80 W,None,No
276033,111412,4,2.5 GHz,,95 W,None,No
276034,111413,2,2.4 GHz,,65 W,None,No
276035,111414,2,2 GHz,,65 W,None,No
276036,111415,2,3 GHz,,65 W,None,No
276037,111416,6,2.7 GHz,,95 W,None,No
276038,111417,4,2.4 GHz,,82 W,None,No
276039,111418,4,2.93 GHz,,130 W,None,Yes
276040,111419,6,3.6 GHz,3.8 GHz,140 W,None,Yes
276041,111420,8,3.2 GHz,3.7 GHz,140 W,None,Yes
276042,111421,4,3 GHz,3.5 GHz,105 W,None,Yes
276043,111422,2,2.7 GHz,,65 W,Radeon HD 6410D,No
276044,111423,1,2 GHz,,35 W,Intel HD Graphics,Yes
276045,111424,8,2.8 GHz,3.3 GHz,115 W,None,No
276046,111425,8,3.4 GHz,4.3 GHz,95 W,None,No
276047,111426,4,3.6 GHz,3.9 GHz,95 W,Radeon R7 (on-die),No
276048,111427,4,2.9 GHz,,100 W,Radeon HD 6550D,No
276049,111428,4,3.5 GHz,3.9 GHz,84 W,Intel HD Graphics P4600,Yes
276050,111429,4,4.1 GHz,4.4 GHz,100 W,Radeon HD 8670D,No
276051,111430,2,3.5 GHz,3.9 GHz,65 W,Radeon R5 (on die),No
276052,111431,4,4 GHz,4.1 GHz,125 W,None,No
276053,111432,6,3.8 GHz,,125 W,None,No
276054,111433,4,3.2 GHz,3.6 GHz,65 W,None,No
276055,111434,4,4 GHz,4.9 GHz,83 W,Intel HD Graphics P630,Yes
276056,111435,6,3.8 GHz,4.9 GHz,80 W,Intel HD Graphics P630,Yes
276057,111436,4,3.6 GHz,4 GHz,84 W,Intel HD Graphics P4600,Yes
276058,111437,2,3.1 GHz,,35 W,Intel HD Graphics 4400,Yes
276059,111438,4,3.6 GHz,4 GHz,80 W,Intel HD Graphics P530,Yes
276060,111439,2,4.1 GHz,,51 W,Intel HD Graphics 630,Yes
276061,111440,4,2.4 GHz,3 GHz,35 W,Intel HD Graphics 630,No
276062,111441,4,2.8 GHz,3.7 GHz,35 W,Intel HD Graphics 630,No
276063,111442,4,1.8 GHz,,80 W,None,No
276064,111443,4,3.3 GHz,4.3 GHz,71 W,None,No
276065,111444,4,3 GHz,,125 W,None,No
276066,111445,2,2.13 GHz,,65 W,None,No
276067,111446,2,2.8 GHz,,65 W,None,No
276068,111447,4,3.5 GHz,,95 W,None,Yes
276069,111448,2,2.4 GHz,,35 W,Intel HD Graphics,No
276070,111449,10,2.4 GHz,3.2 GHz,95 W,None,Yes
276071,111450,2,2.6 GHz,,65 W,Intel HD Graphics,No
276072,111451,3,3 GHz,,95 W,None,No
276073,111452,2,2.7 GHz,,45 W,None,No
276074,111453,2,2.8 GHz,,45 W,None,No
276075,111454,2,1.6 GHz,,25 W,None,No
276076,111455,2,1.8 GHz,,25 W,None,No
276077,111456,2,1.8 GHz,,65 W,None,No
276078,111457,2,2.4 GHz,,65 W,None,No
276079,111458,2,1.86 GHz,,65 W,None,No
276080,111459,2,2.66 GHz,,65 W,None,No
276081,111460,2,2.66 GHz,,65 W,None,No
276082,111461,2,3 GHz,,65 W,None,No
276083,111462,2,2.93 GHz,,65 W,None,No
276084,111463,2,2.66 GHz,,65 W,None,No
276085,111464,2,3 GHz,,65 W,None,No
276086,111465,4,3 GHz,,130 W,None,No
276087,111466,4,3.5 GHz,3.6 GHz,140 W,None,Yes
276088,111467,4,3.2 GHz,,95 W,None,No
276089,111468,6,2.3 GHz,,95 W,None,Yes
276090,111469,4,3.3 GHz,,95 W,None,No
276091,111470,4,3.8 GHz,,125 W,None,No
276092,111471,4,3.8 GHz,4.2 GHz,73 W,Intel HD Graphics P630,Yes
276093,111472,2,3 GHz,,65 W,None,No
276094,111473,8,3.1 GHz,3.8 GHz,95 W,None,No
276095,111474,1,2.8 GHz,,45 W,None,No
276096,111475,2,3.8 GHz,4 GHz,65 W,Radeon R5 (on die),No
276097,111476,4,3.2 GHz,,65 W,Intel HD Graphics P630,No
276098,111477,4,3.8 GHz,4.8 GHz,71 W,Intel HD Graphics P630,Yes
276099,111478,8,3.3 GHz,4.3 GHz,95 W,None,No
276100,111479,8,2.4 GHz,3.1 GHz,115 W,None,Yes
276101,111480,2,3.3 GHz,,53 W,Intel HD Graphics,No
276102,111481,4,3.3 GHz,3.7 GHz,84 W,Intel HD Graphics P4600,No
276103,111482,4,3.5 GHz,3.9 GHz,80 W,Intel HD Graphics P530,Yes
276104,111483,6,1.9 GHz,,85 W,None,No
276105,111484,4,3.5 GHz,,77 W,Intel HD Graphics P4000,Yes
276106,111485,4,2.4 GHz,3 GHz,35 W,Intel HD Graphics 630,No
276107,111486,4,2.7 GHz,3.3 GHz,35 W,Intel HD Graphics 630,No
276108,111487,2,3.6 GHz,,51 W,Intel HD Graphics 530,No
276109,111488,4,3.3 GHz,3.7 GHz,73 W,Intel HD Graphics P630,No
276110,111489,4,3 GHz,3.5 GHz,80 W,None,No
276111,111490,2,2.8 GHz,,65 W,None,No
276112,111491,2,2.33 GHz,,65 W,None,No
276113,111492,2,2.5 GHz,,65 W,Intel HD Graphics,No
276114,111493,4,2.8 GHz,,95 W,None,No
276115,111494,4,2.9 GHz,,95 W,None,No
276116,111495,3,2.6 GHz,,95 W,None,No
276117,111496,3,3 GHz,,95 W,None,No
276118,111497,2,1.6 GHz,,65 W,None,No
276119,111498,2,2.6 GHz,,65 W,None,No
276120,111499,2,2.8 GHz,,65 W,None,No
276121,111500,2,2.8 GHz,,65 W,None,No
276122,111501,4,2.53 GHz,,82 W,None,Yes
276123,111502,4,2.66 GHz,,65 W,None,No
276124,111503,4,2.66 GHz,,95 W,None,No
276125,111504,4,2.83 GHz,,95 W,None,No
276126,111505,4,2.83 GHz,,65 W,None,No
276127,111506,10,3 GHz,3.5 GHz,140 W,None,Yes
276128,111507,4,2.8 GHz,,95 W,None,No
276129,111508,4,2.8 GHz,,95 W,None,No
276130,111509,4,2.2 GHz,,25 W,Radeon R3 (on die),No
276131,111510,2,3.2 GHz,,65 W,None,No
276132,111511,2,1.9 GHz,,35 W,Intel HD Graphics,No
276133,111512,2,2.2 GHz,,35 W,Intel HD Graphics,No
276134,111513,4,4.1 GHz,,100 W,Radeon HD 8670D,No
276135,111514,2,3.7 GHz,3.9 GHz,65 W,Radeon HD 8370D,No
276136,111515,2,3.2 GHz,3.4 GHz,65 W,Radeon HD 7480D,No
276137,111516,4,3.8 GHz,4 GHz,65 W,None,No
276138,111517,6,3.4 GHz,4.8 GHz,80 W,None,Yes
276139,111518,4,3.5 GHz,4.5 GHz,71 W,None,Yes
276140,111519,4,3 GHz,,100 W,None,No
276141,111520,2,4.2 GHz,,65 W,None,No
276142,111521,4,3.6 GHz,4 GHz,80 W,Intel HD Graphics P530,Yes
276143,111522,4,3.6 GHz,4 GHz,80 W,None,Yes
276144,111523,4,3.6 GHz,,125 W,None,No
276145,111524,4,2.9 GHz,3.8 GHz,35 W,Intel HD Graphics 630,Yes
276146,111525,6,3.3 GHz,,125 W,None,No
276147,111526,4,4 GHz,4.2 GHz,95 W,None,No
276148,111527,4,3.7 GHz,4.1 GHz,72 W,None,Yes
276149,111528,2,2 GHz,,65 W,None,No
276150,111529,2,3.2 GHz,3.4 GHz,65 W,Radeon HD 7480D,No
276151,111530,4,2.66 GHz,,100 W,None,No
276152,111531,6,3.3 GHz,4.5 GHz,80 W,None,Yes
276153,111532,4,4 GHz,4.9 GHz,83 W,Intel HD Graphics P630,Yes
276154,111533,2,3.5 GHz,,35 W,Intel HD Graphics 630,Yes
276155,111534,4,2.9 GHz,,95 W,None,No
276156,111535,3,2.8 GHz,,95 W,None,No
276157,111536,4,2.3 GHz,,45 W,None,No
276158,111537,4,2.4 GHz,,45 W,None,No
276159,111538,4,2.5 GHz,,65 W,None,No
276160,111539,4,2.6 GHz,,65 W,None,No
276161,111540,2,2 GHz,,65 W,None,No
276162,111541,2,2 GHz,,65 W,None,No
276163,111542,2,2.4 GHz,,65 W,None,No
276164,111543,2,2.4 GHz,,65 W,None,No
276165,111544,2,2.6 GHz,,65 W,None,No
276166,111545,2,1.8 GHz,,65 W,None,No
276167,111546,2,2.4 GHz,,65 W,None,No
276168,111547,2,2.7 GHz,,65 W,None,No
276169,111548,2,2.13 GHz,,65 W,None,No
276170,111549,2,2.93 GHz,,65 W,None,No
276171,111550,2,2.33 GHz,,65 W,None,No
276172,111551,2,3.06 GHz,,65 W,None,No
276173,111552,2,2.66 GHz,,65 W,None,No
276174,111553,2,3.16 GHz,,65 W,None,No
276175,111554,3,3.4 GHz,,95 W,None,No
276176,111555,4,2.66 GHz,,65 W,None,No
276177,111556,4,2.83 GHz,,65 W,None,No
276178,111557,4,2.93 GHz,,100 W,None,No
276179,111558,4,3.2 GHz,,150 W,None,No
276180,111559,2,2.93 GHz,,75 W,None,No
276181,111560,6,3.4 GHz,3.6 GHz,140 W,None,Yes
276182,111561,4,2 GHz,,25 W,None,No
276183,111562,3,2.8 GHz,,95 W,None,No
276184,111563,2,3.2 GHz,3.6 GHz,65 W,None,No
276185,111564,2,3.2 GHz,,53 W,Intel HD Graphics,No
276186,111565,2,3 GHz,,80 W,None,No
276187,111566,3,3 GHz,,95 W,None,No
276188,111567,4,2.8 GHz,,100 W,None,No
276189,111568,4,2.667 GHz,,82 W,None,Yes
276190,111569,4,2.667 GHz,,82 W,None,Yes
276191,111570,2,3.6 GHz,,53 W,Intel HD Graphics,No
276192,111571,4,3.4 GHz,,80 W,None,Yes
276193,111572,4,3.5 GHz,,95 W,None,Yes
276194,111573,2,2.7 GHz,,65 W,None,No
276195,111574,2,3.2 GHz,,65 W,None,No
276196,111575,2,2.9 GHz,,53 W,Intel HD Graphics,No
276197,111576,2,3.6 GHz,,54 W,Intel HD Graphics 4600,Yes
276198,111577,1,2.6 GHz,,45 W,None,No
276199,111578,2,2.9 GHz,,65 W,None,No
276200,111579,2,3.8 GHz,4 GHz,65 W,Radeon HD 8370D,No
276201,111580,2,3.4 GHz,,65 W,Radeon HD 7480D,No
276202,111581,2,2.5 GHz,,65 W,Radeon HD 6410D,No
276203,111582,1,2 GHz,,35 W,Intel HD Graphics,Yes
276204,111583,6,3.6 GHz,3.9 GHz,125 W,None,No
276205,111584,4,3.2 GHz,3.6 GHz,65 W,None,No
276206,111585,4,3 GHz,,100 W,None,No
276207,111586,4,2.05 GHz,,25 W,Radeon HD 8400,No
276208,111587,2,3.2 GHz,,35 W,Intel HD Graphics 4600,Yes
276209,111588,4,3.5 GHz,3.9 GHz,80 W,None,Yes
276210,111589,4,3.7 GHz,4 GHz,80 W,None,Yes
276211,111590,6,1.6 GHz,,85 W,None,No
276212,111591,4,3.6 GHz,3.9 GHz,95 W,Radeon R7 (on-die),No
276213,111592,2,3.3 GHz,,35 W,Intel HD Graphics 530,Yes
276214,111593,2,3 GHz,,51 W,Intel HD Graphics 610,No
276215,111594,2,3.4 GHz,,35 W,Intel HD Graphics 610,Yes
276216,111595,2,3.4 GHz,,35 W,Intel HD Graphics 630,Yes
276217,111596,2,3.5 GHz,,35 W,Intel HD Graphics 630,Yes
276218,111597,4,3.7 GHz,,125 W,None,No
276219,111598,2,3 GHz,,35 W,Intel HD Graphics 530,No
276220,111599,4,3.4 GHz,3.8 GHz,84 W,Intel HD Graphics P4600,Yes
276221,111600,4,3.5 GHz,3.8 GHz,65 W,None,No
276222,111601,4,3.6 GHz,4 GHz,65 W,Radeon R7 (on-die),No
276223,111602,4,3.1 GHz,,95 W,None,No
276224,111603,4,3.3 GHz,3.7 GHz,80 W,None,Yes
276225,111604,4,3.7 GHz,4.1 GHz,73 W,Intel HD Graphics P630,Yes
276226,111605,2,3.1 GHz,,65 W,None,No
276227,111606,1,1.6 GHz,,35 W,None,No
276228,111607,3,2.9 GHz,,95 W,None,No
276229,111608,4,2.8 GHz,,95 W,None,No
276230,111609,2,2.9 GHz,,45 W,None,No
276231,111610,3,2.2 GHz,,45 W,None,No
276232,111611,3,2.5 GHz,,65 W,None,No
276233,111612,2,2 GHz,,65 W,None,No
276234,111613,2,2.2 GHz,,65 W,None,No
276235,111614,2,1.6 GHz,,65 W,None,No
276236,111615,2,2.8 GHz,,65 W,None,No
276237,111616,2,2.13 GHz,,65 W,None,No
276238,111617,2,3.06 GHz,,65 W,None,No
276239,111618,2,2.66 GHz,,65 W,None,No
276240,111619,2,2.83 GHz,,65 W,None,No
276241,111620,6,2.7 GHz,,95 W,None,No
276242,111621,4,2.4 GHz,,82 W,None,No
276243,111622,4,2.66 GHz,,100 W,None,No
276244,111623,4,2.33 GHz,,95 W,None,No
276245,111624,4,2.33 GHz,,65 W,None,No
276246,111625,4,2.66 GHz,,65 W,None,No
276247,111626,4,2.66 GHz,,65 W,None,No
276248,111627,4,2.66 GHz,,100 W,None,No
276249,111628,4,2.93 GHz,,100 W,None,No
276250,111629,4,3 GHz,,130 W,None,No
276251,111630,4,3.2 GHz,,136 W,None,No
276252,111631,4,3.2 GHz,,150 W,None,No
276253,111632,4,3.2 GHz,,150 W,None,No
276254,111633,2,4 GHz,4.2 GHz,65 W,Radeon HD 8000 Series,No
276255,111634,2,3.8 GHz,4 GHz,65 W,Radeon HD 8470D,No
276256,111635,2,3.5 GHz,3.9 GHz,65 W,Radeon R5 (on die),No
276257,111636,2,3.5 GHz,3.9 GHz,65 W,None,No
276258,111637,2,3.2 GHz,,53 W,Intel HD Graphics,No
276259,111638,2,3.5 GHz,,53 W,Intel HD Graphics,No
276260,111639,6,1.9 GHz,,85 W,None,No
276261,111640,4,3.3 GHz,3.7 GHz,80 W,Intel HD Graphics P530,No
276262,111641,8,2.6 GHz,3.3 GHz,115 W,None,Yes
276263,111642,3,2.7 GHz,,95 W,None,No
276264,111643,4,3.2 GHz,,95 W,Intel HD Graphics,Yes
276265,111644,2,3.3 GHz,,53 W,Intel HD Graphics,No
276266,111645,2,2.9 GHz,,65 W,None,No
276267,111646,2,2.7 GHz,,65 W,Intel HD Graphics,No
276268,111647,4,4 GHz,,100 W,Radeon HD 8670D,No
276269,111648,4,4 GHz,4.3 GHz,100 W,Radeon HD 8670D,No
276270,111649,2,2.7 GHz,,65 W,Radeon HD 6410D,No
276271,111650,8,3.2 GHz,4.1 GHz,95 W,None,No
276272,111651,2,2.8 GHz,,65 W,None,No
276273,111652,2,2.8 GHz,,65 W,None,No
276274,111653,4,2.7 GHz,,65 W,None,No
276275,111654,2,2.4 GHz,,65 W,Radeon HD 6370D,No
276276,111655,2,3.3 GHz,,54 W,Intel HD Graphics,No
276277,111656,2,3.4 GHz,,53 W,Intel HD Graphics,No
276278,111657,2,3.2 GHz,,55 W,Intel HD Graphics,No
276279,111658,2,3.5 GHz,,53 W,Intel HD Graphics,No
276280,111659,4,1.8 GHz,,80 W,None,No
276281,111660,8,3.1 GHz,3.8 GHz,95 W,None,No
276282,111661,4,4.1 GHz,4.3 GHz,95 W,Radeon R7 (on-die),No
276283,111662,2,3.7 GHz,4 GHz,65 W,Radeon R5 (on die),No
276284,111663,4,2.6 GHz,,100 W,Radeon HD 6530D,No
276285,111664,1,1.8 GHz,,35 W,None,No
276286,111665,3,3 GHz,,95 W,None,No
276287,111666,1,2 GHz,,35 W,None,No
276288,111667,3,2.3 GHz,,45 W,None,No
276289,111668,3,2.3 GHz,,45 W,None,No
276290,111669,4,2.2 GHz,,45 W,None,No
276291,111670,2,1.6 GHz,,65 W,None,No
276292,111671,2,2.2 GHz,,65 W,None,No
276293,111672,2,2.4 GHz,,65 W,None,No
276294,111673,2,2.4 GHz,,65 W,None,No
276295,111674,2,1.8 GHz,,65 W,None,No
276296,111675,2,2 GHz,,65 W,None,No
276297,111676,2,2.7 GHz,,65 W,None,No
276298,111677,2,2.33 GHz,,65 W,None,No
276299,111678,2,2.66 GHz,,65 W,None,No
276300,111679,2,2.66 GHz,,65 W,None,No
276301,111680,2,3.16 GHz,,65 W,None,No
276302,111681,4,2.93 GHz,,100 W,None,No
276303,111682,4,2.2 GHz,,25 W,None,No
276304,111683,2,3.5 GHz,3.9 GHz,65 W,None,No
276305,111684,8,2.4 GHz,,85 W,None,Yes
276306,111685,2,2.5 GHz,,45 W,None,No
276307,111686,2,2.5 GHz,,65 W,None,No
276308,111687,2,2.5 GHz,,65 W,None,No
276309,111688,1,2.6 GHz,,45 W,None,No
276310,111689,3,2.8 GHz,,95 W,None,No
276311,111690,2,2.9 GHz,,65 W,None,No
276312,111691,4,2.7 GHz,,65 W,None,No
276313,111692,4,1.6 GHz,,25 W,Radeon HD 8400,No
