mouse_id,product_id,tracking_method,connection_type,maximum_dpi,hand_orientation,color
335101,134457,Optical,Wired,16000,Right,Black / Green
335102,134458,Optical,Wired,16000,Right,Black
335103,134459,Optical,Wired,12000,Right,Black
335104,134460,Optical,Wired,6000,Right,Black
335105,134461,Optical,Wireless,16000,Both,Black
335106,134462,Optical,Wireless,16000,Right,Black
335107,134463,Optical,Wired,6000,Right,Black
335108,134464,Optical,Wireless,20000,Right,Black
335109,134465,Optical,Wired,12000,Right,Black
335110,134466,Optical,Wired,12000,Right,Black
335111,134467,Optical,Wired,4000,Right,Black
335112,134468,Optical,Wired,6400,Right,Black / Orange
335113,134469,Optical,Wired,16000,Right,Black
335114,134470,Optical,Wired,12000,Right,Black
335115,134471,Optical,Wired,12000,Right,White
335116,134472,Optical,Wireless,12000,Right,Black
335117,134473,Optical,Wired,17997,Right,Black
335118,134474,Optical,Wired,10000,Right,Black / Multicolor
335119,134475,Optical,Wired,16000,Right,Black
335120,134476,Optical,Wired,12000,Right,Black
335121,134477,Optical,Wired,3200,Right,Blue
335122,134478,Optical,Wired,17995,Right,White
335123,134479,Optical,Wireless,18000,Right,Black
335124,134480,Optical,Wireless,16000,Right,Black
335125,134481,Trackball,Wireless,,Right,Black / Silver
335126,134482,Optical,Wired,7200,Right,Black
335127,134483,Optical,Wired,16000,Right,Black
335128,134484,Optical,Wireless,20000,Right,Black
335129,134485,Optical,Wireless,16000,Right,Black
335130,134486,Optical,Wired,10000,Right,Black
335131,134487,Optical,Wired,18000,Right,Black
335132,134488,Optical,Wired,16000,Both,Black / Green
335133,134489,Optical,Wired,12000,Right,Black
335134,134490,Laser,Wireless,4000,Right,Black
335135,134491,Optical,Wired,12000,Right,Black
335136,134492,Laser,Wireless,4000,Right,Black
335137,134493,Optical,Wireless,12000,Both,Black / Blue
335138,134494,Optical,Wireless,12000,Right,Black
335139,134495,Laser,Wireless,8200,Right,Black
335140,134496,Optical,Wired,2000,Right,Black / Red
335141,134497,Optical,Wireless,12000,Both,Black
335142,134498,Optical,Wireless,10000,Right,Black
335143,134499,Optical,Wireless,2500,Right,Black / Silver
335144,134500,Optical,Wired,16000,Right,Black / Green
335145,134501,Optical,Wired,12000,Right,Black
335146,134502,Optical,Wired,18000,Right,Black
335147,134503,Optical,Wired,12000,Right,Black
335148,134504,Optical,Wired,800,,Black
335149,134505,Optical,Wired,16000,Right,Black
335150,134506,Laser,Wired,8200,Right,Black
335151,134507,Laser,Wired,1800,Right,Black
335152,134508,Optical,Wired,12000,Right,Black / Orange
335153,134509,Optical,Wired,16000,Right,Black
335154,134510,Optical,Wireless,12000,Right,Black
335155,134511,Optical,Wired,16000,Right,Black
335156,134512,Optical,Wireless,16000,Both,Black
335157,134513,Optical,Wireless,16000,Right,Black / Green
335158,134514,Optical,Wired,10000,Right,Black
335159,134515,Optical,Wired,12000,Right,Black
335160,134516,Optical,Wired,12400,Both,Black
335161,134517,Optical,Wired,18000,Right,Black
335162,134518,Optical,Wired,12000,Both,Black
335163,134519,Optical,Wired,12000,Right,White
335164,134520,Optical,Wireless,16000,Right,Black
335165,134521,Optical,Wired,7200,Right,Black
335166,134522,Optical,Wireless,,Both,Black
335167,134523,Optical,Wired,12000,Right,White
335168,134524,Laser,Wired,16000,Right,Black
335169,134525,Optical,Wireless,12000,Right,White
335170,134526,Optical,Wired,12000,Right,Black
335171,134527,Laser,Wireless,16000,Right,Black
335172,134528,Laser,Wired,16000,Right,Black
335173,134529,Optical,Wired,16000,Both,Black / Green
335174,134530,Optical,Wired,16000,Right,Black / Yellow
335175,134531,Optical,Wireless,16000,Right,Black
335176,134532,Optical,Wired,16000,Right,Black / Blue
335177,134533,Optical,Wired,16000,Both,White / Gray
335178,134534,Optical,Wired,12000,Right,Black / Blue
335179,134535,Laser,Wired,16400,Right,Black / Red
335180,134536,Optical,Wireless,16000,Right,Black
335181,134537,Optical,Wireless,4000,Right,Black / Silver
335182,134538,Optical,Wired,24000,Right,Black
335183,134539,Optical,Wired,2000,Right,Black
335184,134540,Optical,Wired,6000,Right,White
335185,134541,Laser,Bluetooth Wireless,1600,Right,Brown / Black
335186,134542,Optical,Wired,1000,Both,Black
335187,134543,Optical,Wired,2500,Both,Black / Blue
335188,134544,Laser,Wireless,6400,Right,Black
335189,134545,Laser,Wired,24000,Right,Black
335190,134546,Optical,Wireless,12000,Right,Black
335191,134547,Optical,Wired,16000,Right,Black
335192,134548,Optical,Wired,3200,Right,Black
335193,134549,Optical,Wired,3200,Right,Black
335194,134550,Optical,Wired,3500,Right,Black
335195,134551,Optical,Wired,16000,Right,Black
335196,134552,Optical,Wired,5000,Right,Black
335197,134553,Optical,Wired,1600,Right,Black / Red
335198,134554,Optical,Wired,6400,Right,Black
335199,134555,Optical,Wired,16000,Right,Black
335200,134556,Optical,Wired,16000,Right,Pink
335201,134557,Optical,Wired,,Both,Black
335202,134558,Laser,Wireless,8200,Right,Black
335203,134559,Optical,Wired,18000,Right,Black
335204,134560,Laser,Wired,16400,Right,Black / Red
335205,134561,Laser,Wireless,,Right,Black
335206,134562,Trackball,Wireless,,Right,Black
335207,134563,Optical,Wired,16000,Right,White
335208,134564,Laser,Wireless,,Right,Black
335209,134565,Optical,Wireless,12000,Right,Black
335210,134566,Optical,Wired,16000,Right,Black
335211,134567,Trackball,Wired,,Both,Gray
335212,134568,Laser,Wireless,4000,Right,White
335213,134569,Optical,Wired,16000,Right,Black
335214,134570,Optical,Wired,3200,Both,Black / Yellow
335215,134571,Optical,Wired,16000,Right,Black
335216,134572,Optical,Wired,1000,Both,Black
335217,134573,Optical,Wired,12400,Both,White / Gray
335218,134574,Laser,Wired,8200,Right,Black / Green
335219,134575,Laser,Wireless,4000,Right,Silver
335220,134576,Optical,Wireless,1000,Right,Black
335221,134577,Optical,Wired,18000,Right,Black
335222,134578,Laser,Wired,5700,Right,Black
335223,134579,Optical,Wired,6200,Right,Silver
335224,134580,Laser,Wired,8200,Right,Black / Blue
335225,134581,Optical,Wired,6400,Right,Black
335226,134582,Laser,Wired,2000,Right,Black
335227,134583,Optical,Wired,12000,Right,Black
335228,134584,Laser,Wired,8200,Right,Black / Silver
335229,134585,Laser,Bluetooth Wireless,,,White
335230,134586,Optical,Wireless,16000,Right,Black / Green
335231,134587,Optical,Wired,12000,Right,Black
335232,134588,Laser,Wired,8200,Both,Black
335233,134589,Optical,Wired,7200,Both,Black
335234,134590,Optical,Wired,16000,Right,Black
335235,134591,Optical,Wired,16000,Right,Black
335236,134592,Optical,Wired,3200,Right,Black
335237,134593,Optical,Wired,7200,Right,Black
335238,134594,Optical,Wired,6400,Right,Black
335239,134595,Optical,Wired,1000,,Black
335240,134596,Laser,Wired,16400,Right,Black
335241,134597,Optical,Wired,12000,Right,White
335242,134598,Optical,Wireless,12000,Right,White
335243,134599,Optical,Wired,,Both,Black
335244,134600,Optical,Wired,2000,Right,Black
335245,134601,Optical,Wired,6000,Right,Black
335246,134602,Optical,Wireless,16000,Both,Black
335247,134603,Optical,Wireless,7200,Right,Black
335248,134604,Optical,Bluetooth Wireless,1000,Right,Black
335249,134605,Optical,Wired,4000,Right,Black / Blue
335250,134606,Optical,Wired,16000,Right,Black
335251,134607,Optical,Wired,16000,Right,Black
335252,134608,Laser,Wireless,16000,Both,Black / Green
335253,134609,Laser,Wired,16400,Right,Black / Red
335254,134610,Optical,Wired,6500,Right,Black
335255,134611,Optical,Wired,10800,Right,Black
335256,134612,Optical,Wired,12000,Right,White
335257,134613,Laser,Wired,8200,Both,Black
335258,134614,Optical,Wireless,4000,Right,Gray / Silver
335259,134615,Optical,Wired,12000,Right,Black
335260,134616,Optical,Wireless,7200,Right,White
335261,134617,Optical,Wireless,,Both,Gray
335262,134618,Optical,Wired,1600,Right,White
335263,134619,Optical,Wired,16000,Both,Pink
335264,134620,Optical,Wireless,,Both,Gray
335265,134621,Optical,Wired,1000,Both,Silver / Black
335266,134622,Laser,Wired,1000,Right,Black
335267,134623,Laser,Wired,16000,Right,Black / Green
335268,134624,Optical,Wired,3000,Right,Black
335269,134625,Touchpad,Wireless,,Both,Silver
335270,134626,Optical,Wired,7200,Right,Black
335271,134627,Optical,Wired,4000,Right,Black / Orange
335272,134628,Optical,Wired,4000,Right,White
335273,134629,Optical,Wired,12000,Right,Red
335274,134630,Laser,Wireless,8200,Both,Black
335275,134631,Optical,Wired,16000,Right,Black / White
335276,134632,Optical,Wired,2300,Both,Black / Yellow
335277,134633,Laser,Wired,2400,,Black / Silver
335278,134634,Laser,Wireless,8200,Right,Multicolor
335279,134635,Optical,Wired,12000,Right,Black
335280,134636,Optical,Wired,3200,Right,Black
335281,134637,Optical,Wired,8000,Both,Black / Red
335282,134638,Optical,Wireless,440,Right,Black
335283,134639,Optical,Wireless,16000,Right,Black
335284,134640,Laser,Wired,5700,Right,Black / Silver
335285,134641,Optical,Wired,1600,Right,Black
335286,134642,Optical,Wired,16000,Both,Gray
335287,134643,Optical,Wired,3500,Both,Black
335288,134644,Optical,Wired,7200,Both,Black
335289,134645,Laser,Wireless,1600,Right,Black / Gold
335290,134646,Laser,Wireless,5700,Right,Black
335291,134647,Optical,Wired,5000,Right,Black / Silver
335292,134648,Optical,Wired,3200,Right,Black
335293,134649,Optical,Wired,6400,Right,Black / Red
335294,134650,Laser,Wired,,Both,Black / Orange
335295,134651,Optical,Wired,3000,Right,Multicolor
335296,134652,Laser,Wired,,Both,Black
335297,134653,Optical,Wired,12000,Right,Black
335298,134654,Optical,Wired,2000,Both,Black
335299,134655,Laser,Wired,3500,Left,Black
335300,134656,Optical,Wired,3200,Right,Black / Gold
335301,134657,Laser,Wired,6400,Right,Black
335302,134658,Optical,Wired,2500,Both,Black / Red
335303,134659,Laser,Wired,16400,Right,Black / Red
335304,134660,Laser,Wired,5000,Both,Black
335305,134661,Laser,Wired,1000,Right,Black / Silver
335306,134662,Laser,Wired,3500,Both,Black / Red
335307,134663,Optical,Wired,5000,Both,Black
335308,134664,Optical,Wired,800,Both,Black
335309,134665,Optical,Wired,16000,Right,White
335310,134666,Optical,Wired,16000,Right,Black
335311,134667,Optical,Wired,3500,Both,Black
335312,134668,Optical,Wireless,,Both,Red
335313,134669,Laser,Wired,16000,Both,Black
335314,134670,Optical,Wired,800,Both,Black
335315,134671,Optical,Wired,4000,Right,Black
335316,134672,Optical,Wired,16000,Right,White
335317,134673,Laser,Wired,8200,Right,Black
335318,134674,Laser,Wired,8200,Right,Black / Silver
335319,134675,Optical,Wired,3500,Right,Black
335320,134676,Laser,Wired,5600,Right,Red / Black
335321,134677,Optical,Wired,3200,Both,Black / Red
335322,134678,Optical,Wireless,440,Right,Black
335323,134679,Optical,Wired,12000,Right,Gray
335324,134680,Optical,Wired,2400,Right,Black / Red
335325,134681,Optical,Wired,2400,Right,Black
335326,134682,Optical,Wired,7000,Both,Black
335327,134683,Optical,Wired,1600,Right,Black
335328,134684,Optical,Wired,,Right,Black / Red
335329,134685,Optical,Wired,3200,Right,Black / Red
335330,134686,Laser,Wired,,Right,Black
335331,134687,Laser,Wireless,,Both,Silver
335332,134688,Optical,Wireless,1000,Both,Silver
335333,134689,Laser,Wired,12000,Right,Black / Blue
335334,134690,Optical,Wired,9200,Right,Black
335335,134691,Laser,Wired,8200,Right,Black
335336,134692,Laser,Wired,8200,Right,Black
335337,134693,Laser,Wired,5600,,Black
335338,134694,Optical,Wireless,10000,Right,Black / Blue
335339,134695,Optical,Wired,1000,Right,Black
335340,134696,Optical,Wired,6200,Both,Black
335341,134697,Laser,Wired,5600,Right,Black
335342,134698,Laser,Wired,1000,Both,Black
335343,134699,Optical,Wireless,7200,Right,White / Black
335344,134700,Optical,Wired,3200,Right,Black
335345,134701,Laser,Wireless,1000,Right,Black
335346,134702,Laser,Wired,8200,Right,Black
335347,134703,Laser,Wired,5040,Right,Black / Silver
335348,134704,Optical,Wired,3600,Right,Black
335349,134705,Laser,Wired,8200,Right,Black
335350,134706,Optical,Wired,800,Both,White
335351,134707,Optical,Wired,3200,Right,Black
335352,134708,Optical,Wired,5000,Right,Black / Red
335353,134709,Laser,Wired,8200,Both,Black / White
335354,134710,Laser,Wired,8200,Right,Black
335355,134711,Laser,Wired,5700,Right,Multicolor
335356,134712,Optical,Wired,3200,Both,Black
335357,134713,Optical,Wireless,,Both,Gray
335358,134714,Laser,Wireless,,Both,Black
335359,134715,Laser,Wired,8200,Both,Black / Red
335360,134716,Optical,Wired,4000,Right,Black
335361,134717,Laser,Wired,5700,Both,Black
335362,134718,Optical,Wired,1000,Both,Black
335363,134719,Optical,Wired,12000,,Black
335364,134720,Optical,Wired,12000,Right,Black
335365,134721,Optical,Wired,9200,Right,Black / Red
335366,134722,Optical,Wired,5000,Right,Black
335367,134723,Optical,Wired,12000,Right,Black
335368,134724,Optical,Wired,4000,Right,Black / Red
335369,134725,Optical,Bluetooth Wireless,,Right,Black / Blue
335370,134726,Laser,Wireless,,Right,Black / Blue
335371,134727,Laser,Wired,16400,Right,Black / Red
335372,134728,Optical,Wireless,1000,Both,Black
335373,134729,Optical,Wired,1800,Right,Black / Silver
335374,134730,Touchpad,Bluetooth Wireless,,Both,Silver
335375,134731,Optical,Wired,,Both,Black
335376,134732,Optical,Wired,3200,Both,Black
335377,134733,Optical,Wireless,1200,Both,Blue / Black
335378,134734,Laser,Wired,8200,Right,White / Black
335379,134735,Optical,Wired,12000,Right,Black
335380,134736,Optical,Wired,3200,Right,Black / Gold
335381,134737,Optical,Wired,,Right,Black
335382,134738,Laser,Wireless,1000,Both,Black
335383,134739,Optical,Wired,2000,Both,Black
335384,134740,Trackball,Wired,,Both,Black
335385,134741,Optical,Wired,1000,Both,Black
335386,134742,Optical,Wired,4000,Right,Black
335387,134743,Optical,Wired,3200,Right,Black
335388,134744,Optical,Wired,5000,Right,Black
335389,134745,Optical,Wired,4000,Right,Black
335390,134746,Optical,Wired,,Right,Black
335391,134747,Optical,Wired,2000,Right,Black
335392,134748,Laser,Wired,8200,Right,Black / Silver
335393,134749,Laser,Wireless,4000,Right,Black
335394,134750,Optical,Wired,2400,Right,Black / Blue
335395,134751,Laser,Wired,8200,Right,Black
335396,134752,Optical,Bluetooth Wireless,,Right,Gray
335397,134753,Optical,Wired,12000,Right,Black / Silver
335398,134754,Optical,Wired,4000,Right,Black / Purple
335399,134755,Laser,Wired,5600,Right,Black
335400,134756,Optical,Wired,5000,Right,Black
335401,134757,Optical,Wired,3000,Right,Black
335402,134758,Optical,Wired,800,Both,Black
335403,134759,Optical,Wired,10000,Right,Black
335404,134760,Optical,Wired,4000,Right,Gold
335405,134761,Optical,Wireless,1000,Both,Black
335406,134762,Optical,Wired,3500,Right,Black
335407,134763,Optical,Wired,3200,Right,Black / Red
335408,134764,Optical,Wireless,,Both,Black / Gray
335409,134765,Optical,Wired,6500,Right,Orange / White
335410,134766,Optical,Wireless,1000,Both,Blue
335411,134767,Optical,Wired,7000,Right,Black / Blue
335412,134768,Optical,Wired,12000,Right,Black
335413,134769,Laser,Wireless,3200,Right,Black / Silver
335414,134770,Optical,Wireless,,Both,Black / Gray
335415,134771,Laser,Bluetooth Wireless,6400,Right,White
335416,134772,Laser,Wireless,,Both,Black
335417,134773,Optical,Wireless,1000,Right,Blue / Black
335418,134774,Optical,Wired,5000,Right,Black
335419,134775,Laser,Wireless,4000,Right,Blue
335420,134776,Optical,Wired,6500,Right,Silver
335421,134777,Optical,Wired,3000,Right,Black / Blue
335422,134778,Optical,Wired,3200,Right,Black / Red
335423,134779,Optical,Wired,16000,Right,Black / Orange
335424,134780,Laser,Wired,8200,Right,White
335425,134781,Laser,Wireless,5600,,Black
335426,134782,Laser,Wireless,,Both,Pink
335427,134783,Optical,Wired,800,Both,Black
335428,134784,Optical,Wired,,,Black
335429,134785,Optical,Wired,3200,Right,Black
335430,134786,Optical,Wired,3200,Right,Black
335431,134787,Optical,Wired,1600,Right,Black
335432,134788,Optical,Wired,800,,Black
335433,134789,Optical,Wired,12000,Right,Black / Red
335434,134790,Optical,Wireless,1600,Right,Black
335435,134791,Laser,Wired,8200,Right,Black
335436,134792,Laser,Wired,5600,Right,Black / Green
335437,134793,Laser,Wireless,,Right,Black
335438,134794,Laser,Wired,5600,,Black
335439,134795,Optical,Wired,12000,Right,White / Blue/Red
335440,134796,Optical,Wired,7200,Right,Black
335441,134797,Laser,Bluetooth Wireless,,Both,Black
335442,134798,Optical,Wireless,12000,Right,Black
335443,134799,Optical,Wired,7200,Both,Blue / Pink
335444,134800,Optical,Bluetooth Wireless,,Both,Gray
335445,134801,Optical,Wired,,Right,Black
335446,134802,Optical,Wireless,3000,Both,Black
335447,134803,Optical,Wired,1000,Both,Black
335448,134804,Laser,Wired,8200,Right,Black
335449,134805,Optical,Wired,5000,Right,Black / Orange
335450,134806,Optical,Wired,12000,Right,Silver
335451,134807,Optical,Wired,4000,Both,Black
335452,134808,Laser,Wired,8200,Right,Black
335453,134809,Laser,Wired,5040,Right,Black / Silver
335454,134810,Optical,Wired,800,Both,Black / Silver
335455,134811,Optical,Wired,4000,Right,Black / Orange
335456,134812,Optical,Wireless,2400,Left,Black
335457,134813,Laser,Wired,8200,Right,Black / Red
335458,134814,Laser,Wired,8200,Right,Black / White
335459,134815,Laser,Wired,8200,Right,Black
335460,134816,Optical,Wired,4000,Right,White
335461,134817,Laser,Wired,5600,Right,Black / Red
335462,134818,Optical,Wireless,1200,Both,White / Black
335463,134819,Laser,Wireless,,Both,Black
335464,134820,Laser,Wired,6000,,Black
335465,134821,Trackball,Wired,,,Black
335466,134822,Optical,Wireless,,Both,Black
335467,134823,Optical,Wireless,1600,Both,Black
335468,134824,Optical,Wired,1000,Both,Black
335469,134825,Optical,Wired,2500,Both,Black
335470,134826,Laser,Wired,8200,Right,Silver / Black
335471,134827,Optical,Wired,1000,Both,Black
335472,134828,Laser,Wired,800,Right,Black / Red
335473,134829,Optical,Wired,,Both,Silver / Black
335474,134830,Laser,Wired,5600,Right,Black
335475,134831,Laser,Wired,8200,Right,Black
335476,134832,Laser,Wired,8200,Right,Black / Red
335477,134833,Laser,Wired,11400,Both,Gray
335478,134834,Laser,Wired,11400,Both,Black / White
335479,134835,Laser,Wired,8200,Left,Black
335480,134836,Optical,Wired,16000,Right,Black
335481,134837,Optical,Wired,5000,Right,Black
335482,134838,Optical,Wired,4000,Right,Black / Blue
335483,134839,Laser,Wireless,2400,Right,Black / Red
335484,134840,Laser,Wired,8200,Right,Multicolor
335485,134841,Laser,Wireless,,Both,Black
335486,134842,Laser,Wired,5700,Both,Black
335487,134843,Optical,Bluetooth Wireless,,Both,Blue
335488,134844,Optical,Bluetooth Wireless,,Both,Blue
335489,134845,Laser,Wired,3200,Both,Black
335490,134846,Optical,Wired,5000,Both,White
335491,134847,Optical,Wired,1000,Right,Black
335492,134848,Optical,Wireless,1000,Both,Red / White
335493,134849,Trackball,Wired,,,Black
335494,134850,Optical,Wired,4000,Right,Black
335495,134851,Laser,Wired,5670,Both,Black / Orange
335496,134852,Optical,Wired,5000,Right,Yellow
335497,134853,Optical,Wired,1000,Right,White / Blue
335498,134854,Laser,Wireless,,Both,Blue
335499,134855,Optical,Wired,4800,Right,Green / Black
335500,134856,Laser,Wireless,8200,Right,Black / Red
335501,134857,Optical,Wireless,1000,Both,Black
335502,134858,Optical,Wired,2500,Both,Black / Gray
335503,134859,Laser,Wired,5700,Right,Black
335504,134860,Laser,Wired,12000,Right,White
335505,134861,Optical,Wired,5000,Right,Black / Red
335506,134862,Optical,Wired,12000,Right,Black
335507,134863,Laser,Wireless,,Both,Black
335508,134864,Optical,Wireless,,Right,Red
335509,134865,Laser,Wireless,,Both,Black
335510,134866,Optical,Wired,2000,Both,Black
335511,134867,Laser,Wireless,,Both,Black / Blue
335512,134868,Laser,Wired,8200,Right,Black / Silver
335513,134869,Optical,Wired,1000,Both,Black
335514,134870,Optical,Bluetooth Wireless,1600,Both,Black
335515,134871,Optical,Bluetooth Wireless,2000,Right,Black / White
335516,134872,Laser,Wireless,,Both,Black / Silver
335517,134873,Laser,Wired,,Right,Black
335518,134874,Optical,Wired,,Both,Black
335519,134875,Optical,Wired,1600,Right,Multicolor
335520,134876,Optical,Wired,3200,Both,Black
335521,134877,Optical,Wired,12000,Right,Black / Blue
335522,134878,Optical,Wired,1000,Both,Black
335523,134879,Optical,Wired,3200,Both,Black
335524,134880,Optical,Wired,16000,Right,Black / Red
335525,134881,Optical,Wired,,Both,Black
335526,134882,Laser,Bluetooth Wireless,6400,Right,Black
335527,134883,Laser,Wired,8200,Right,Black
335528,134884,Optical,Wired,7200,Right,Black
335529,134885,Optical,Wired,1600,Both,Black
335530,134886,Laser,Wired,8200,Right,Black / Green
335531,134887,Optical,Wired,6400,Right,Black
335532,134888,Laser,Bluetooth Wireless,6400,Both,Black
335533,134889,Laser,Wired,8200,Right,Black / Silver
335534,134890,Laser,Wired,8000,Right,Black
335535,134891,Laser,Wired,8200,Right,White
335536,134892,Optical,Wired,4000,Right,Black
335537,134893,Optical,Wired,4000,Right,Black / Blue
335538,134894,Optical,Wired,16000,Right,White
335539,134895,Laser,Wireless,,Both,Black
335540,134896,Touchpad,Wireless,,Both,Black / Silver
335541,134897,Laser,Wired,8200,,Green
335542,134898,Optical,Wired,5000,Both,Black / Red
335543,134899,Optical,Wireless,1000,Right,Gray / Yellow
335544,134900,Optical,Wired,2400,Both,Black / Blue
335545,134901,Trackball,Wired,,Both,Black
335546,134902,Optical,Wired,10000,Right,Black / Red
335547,134903,Optical,Wired,5000,Both,Yellow
335548,134904,Laser,Bluetooth Wireless,,Both,Silver
335549,134905,Optical,Wireless,,Both,Blue
335550,134906,Laser,Wireless,,Both,Black / Silver
335551,134907,Optical,Wired,,Both,White
335552,134908,Laser,Wireless,,Right,Black
335553,134909,Optical,Wireless,1000,Both,Blue
335554,134910,Touchpad,Wireless,,Both,Black
335555,134911,Laser,Wireless,1750,Both,Black
335556,134912,Optical,Wired,4000,Right,Black
335557,134913,Laser,Wired,,Both,Black
335558,134914,Optical,Wireless,,Both,White
335559,134915,Laser,Wired,,Right,Black
335560,134916,Optical,Wired,1000,Both,Black
335561,134917,Optical,Wired,4000,Both,Black
335562,134918,Laser,Wired,5700,Right,White / Red
335563,134919,Optical,Wired,3500,Right,Black
335564,134920,Optical,Wired,6400,Right,Black / Gold
335565,134921,Optical,Wired,1000,Both,Black
335566,134922,Laser,Wireless,,Both,Black
335567,134923,Optical,Wired,6400,Right,Multicolor
335568,134924,Optical,Wired,1600,Right,Black
335569,134925,Optical,Wired,12000,Right,Gray
335570,134926,Optical,Wired,6400,Right,Black / Orange
335571,134927,Laser,Wired,8200,Right,Black / Silver
335572,134928,Optical,Wireless,,Both,Purple
335573,134929,Optical,Wired,800,Both,Black
335574,134930,Optical,Wireless,,Both,Camo
335575,134931,Laser,Wired,11000,Right,Black
335576,134932,Laser,Wired,6400,Right,Black
335577,134933,Optical,Wired,4000,Both,Black / Silver
335578,134934,Optical,Wireless,1000,Both,Red / Black
335579,134935,Laser,Wired,8200,Right,Black
335580,134936,Optical,Wireless,1000,Both,Black
335581,134937,Laser,Wired,1600,Right,Black
335582,134938,Optical,Wired,,Both,Red
335583,134939,Optical,Wired,4000,Right,Black / Blue
335584,134940,Trackball,Wired,,Both,White
335585,134941,Optical,Wired,3200,Right,Black
335586,134942,Optical,Wired,4000,Right,Black / Yellow
335587,134943,Optical,Wireless,,Right,Silver / Black
335588,134944,Optical,Wireless,8200,Right,Black / Gray
335589,134945,Optical,Wired,5000,Right,Black / Red
335590,134946,Optical,Wired,2000,Both,Black / Blue
335591,134947,Optical,Wired,2400,Right,Black / Red
335592,134948,Optical,Wireless,,Right,Red
335593,134949,Optical,Wireless,,Right,Green / Black
335594,134950,Optical,Wireless,,Both,Black / Gray
335595,134951,Optical,Wired,12400,Right,Black
335596,134952,Optical,Wireless,4800,Both,Black / Red
335597,134953,Optical,Wireless,,Right,Black
335598,134954,Optical,Wireless,,Both,Black / Red
335599,134955,Optical,Wired,12000,Right,Black
335600,134956,Optical,Wired,2000,Right,Black
335601,134957,Optical,Bluetooth Wireless,,Right,Black / Silver
335602,134958,Optical,Wired,7200,Right,Black
335603,134959,Optical,Wired,,Both,Black
335604,134960,Laser,Wired,2000,Both,Black
335605,134961,Optical,Wired,,Right,Black / Silver
335606,134962,Laser,Wired,8200,Right,Black
335607,134963,Optical,Wireless,,Right,Green
335608,134964,Laser,Bluetooth Wireless,,Right,White
335609,134965,Optical,Wired,,Both,Black
335610,134966,Optical,Wireless,,Both,Black
335611,134967,Laser,Wireless,,Both,Blue
335612,134968,Optical,Wired,3200,Both,Black / Red
335613,134969,Optical,Wired,800,Both,Gray
335614,134970,Touchpad,Wired,,Both,Black
335615,134971,Laser,Wired,8200,Both,Black / Orange
335616,134972,Laser,Wired,6000,Right,Black / Silver
335617,134973,Optical,Bluetooth Wireless,,Both,Black
335618,134974,Optical,Wired,800,Both,Black
335619,134975,Optical,Wired,1000,Right,Black
335620,134976,Laser,Wired,1000,Both,Black
335621,134977,Optical,Wired,15000,Right,Black
335622,134978,Optical,Wired,,,White
335623,134979,Optical,Wired,3500,,Black
335624,134980,Laser,Wireless,1200,Both,Blue / White
335625,134981,Laser,Wired,8200,Right,Black
335626,134982,Laser,Wireless,1200,Both,Black / White
335627,134983,Optical,Wired,6400,Right,Black
335628,134984,Optical,Wired,800,Both,Gray
335629,134985,Laser,Wireless,2000,Right,Black
335630,134986,Laser,Wired,8200,Right,Black / Silver
335631,134987,Optical,Wired,5000,Right,Black
335632,134988,Laser,Wired,8200,Both,Gunmetal
335633,134989,Optical,Wireless,,Both,Gray
335634,134990,Optical,Wired,3200,Both,Black
335635,134991,Optical,Wired,1600,Right,Black / Blue
335636,134992,Laser,Wired,8200,Right,Black / Red
335637,134993,Optical,Wired,3600,Right,Black
335638,134994,Laser,Wired,6400,Both,Black / Red
335639,134995,Optical,Wired,2000,Both,Black
335640,134996,Optical,Wireless,,,White / Black
335641,134997,Optical,Wireless,32000,Right,Black
335642,134998,Optical,Wireless,1200,Both,Black
335643,134999,Optical,Wired,2000,Right,Black
335644,135000,Optical,Wired,16000,Right,Black
335645,135001,Optical,Wired,10000,Right,Black
335646,135002,Laser,Wired,16400,Right,Black / Red
335647,135003,Laser,Wired,1000,Both,Black
335648,135004,Laser,Wireless,2500,Right,Black / Silver
335649,135005,Optical,Wired,2000,Right,Black / Blue
335650,135006,Laser,Wired,8000,Right,Black
335651,135007,Optical,Wired,1000,Both,White
335652,135008,Optical,Wireless,,Both,Blue
335653,135009,Laser,Bluetooth Wireless,,Both,Silver / Black
335654,135010,Optical,Wireless,1000,Both,Silver / Black
335655,135011,Laser,Wireless,,Both,Red
335656,135012,Optical,Wireless,,Both,Black
335657,135013,Optical,Wired,1000,Both,Black
335658,135014,Optical,Wired,7000,Both,Black / Blue
335659,135015,Touchpad,Bluetooth Wireless,,Both,Black / Silver
335660,135016,Laser,Bluetooth Wireless,,Both,Black / Gray
335661,135017,Optical,Wireless,,Both,Red / Black
335662,135018,Optical,Wireless,1600,Right,Red / Black
335663,135019,Laser,Wireless,,Both,Black / Blue
335664,135020,Laser,Wireless,,Both,Purple
335665,135021,Optical,Wireless,,Both,Multicolor
335666,135022,Optical,Wired,10000,Both,Black
335667,135023,Optical,Wired,12000,Both,Black / Green
335668,135024,Optical,Bluetooth Wireless,1600,Both,Black
335669,135025,Optical,Wireless,,Right,Black
335670,135026,Optical,Wired,7000,Right,White
335671,135027,Optical,Wired,1000,Both,Black
335672,135028,Optical,Wireless,1000,Both,Gray / White
335673,135029,Optical,Wired,6400,Both,Black / White
335674,135030,Optical,Wired,800,Both,Black
335675,135031,Laser,Wireless,,Both,Black / Red
335676,135032,Optical,Wireless,,Both,Black
335677,135033,Optical,Wired,5000,Right,Pink
335678,135034,Laser,Bluetooth Wireless,,Both,Black
335679,135035,Optical,Wireless,,Both,White
335680,135036,Optical,Wired,800,Both,White / Gray
335681,135037,Laser,Wireless,,Right,Black
335682,135038,Laser,Wired,5000,Right,Black
335683,135039,Laser,Wireless,,Both,Blue / Black
335684,135040,Optical,Wired,3200,Right,Black
335685,135041,Trackball,Wired,,Both,Silver / Black
335686,135042,Optical,Wireless,,Both,Black / Blue
335687,135043,Optical,Wired,1000,Both,Black
335688,135044,Laser,Wired,8200,Right,Orange
335689,135045,Optical,Wireless,,,Purple
335690,135046,Optical,Wired,,Both,Black
335691,135047,Optical,Wired,,,Red
335692,135048,Optical,Wired,4000,Right,Red
335693,135049,Optical,Wired,4000,Right,Green
335694,135050,Laser,Wireless,,Right,Black / Silver
335695,135051,Optical,Wired,5000,Right,Black / Green
335696,135052,Optical,Wired,1000,Right,Black
335697,135053,Optical,Wired,3500,Right,Black / Red
335698,135054,Laser,Wireless,,Both,Black
335699,135055,Laser,Wired,1600,Right,Black
335700,135056,Optical,Wired,10000,Both,Black
335701,135057,Laser,Wired,4000,Both,Black / Red
335702,135058,Laser,Wired,5000,Both,Black
335703,135059,Optical,Wired,3500,Right,Black
335704,135060,Optical,Wireless,1000,Right,Black
335705,135061,Laser,Wired,,,Black
335706,135062,Laser,Wireless,1200,Both,Black
335707,135063,Laser,Wired,8200,Right,Black / White
335708,135064,Optical,Wired,,Both,Transparent / Gray
335709,135065,Optical,Wireless,1000,Both,Blue / Black
335710,135066,Optical,Wired,2400,Right,Black / Blue
335711,135067,Optical,Wired,1000,,White
335712,135068,Optical,Wired,,,Green
335713,135069,Laser,Wired,5600,Right,Black
335714,135070,Optical,Wireless,1000,Both,Red / Black
335715,135071,Optical,Wired,1000,Right,Green / White
335716,135072,Optical,Wired,800,Both,Silver / Black
335717,135073,Optical,Wired,2300,Both,Black / Red
335718,135074,Optical,Wireless,1000,Right,Red
335719,135075,Optical,Wired,2300,Right,White
335720,135076,Optical,Wired,5000,Right,Blue
335721,135077,Optical,Wireless,1000,Both,Blue / Black
335722,135078,Laser,Wired,5700,Right,Black
335723,135079,Optical,Wired,10000,Right,Black / Silver
335724,135080,Optical,Wired,4000,Both,Black
335725,135081,Optical,Wired,2400,Right,Black
335726,135082,Optical,Wired,2500,Both,Black
335727,135083,Optical,Wired,3200,Right,Black / Red
335728,135084,Laser,Wired,8200,Right,Black
335729,135085,Laser,Wired,6000,Right,Black
335730,135086,Laser,Wired,8200,Right,Black / Purple
335731,135087,Laser,Wired,16400,Right,Black
335732,135088,Optical,Wired,6500,Right,Black / Green
335733,135089,Laser,Bluetooth Wireless,,Right,Red
335734,135090,Laser,Wired,8200,Right,Black / Silver
335735,135091,Laser,Wired,6000,Right,Black
335736,135092,Optical,Wired,1600,Right,Black
335737,135093,Laser,Wired,8200,Right,Black
335738,135094,Optical,Wired,3500,Right,Orange / White
335739,135095,Laser,Wired,8200,Right,Black
335740,135096,Optical,Bluetooth Wireless,,Both,White
335741,135097,Laser,Wired,3600,Right,Black
335742,135098,Optical,Wired,,Both,Blue / Black
335743,135099,Laser,Wired,5700,Both,Black
335744,135100,Optical,Wired,1000,Right,Silver / Black
335745,135101,Optical,Wireless,2000,Right,Black / Silver
335746,135102,Laser,Bluetooth Wireless,1000,Both,Black
335747,135103,Optical,Wired,3200,Both,Black
335748,135104,Laser,Wired,5600,Right,Green
335749,135105,Optical,Wired,3200,Right,Black
335750,135106,Optical,Wired,8200,Both,Multicolor
335751,135107,Optical,Wired,16000,Right,White / Black
335752,135108,Laser,Wired,8200,Right,White
335753,135109,Laser,Wired,8200,Right,Black
335754,135110,Laser,Wired,8200,Right,White
335755,135111,Optical,Wired,1600,Both,Black
335756,135112,Laser,Wired,,Both,Black / Red
335757,135113,Laser,Wired,5600,Right,Black
335758,135114,Optical,Wired,1000,Both,Black
335759,135115,Optical,Wireless,1600,Right,Black
335760,135116,Optical,Wired,1600,Right,Black / Red
335761,135117,Optical,Wired,2000,Right,Black
335762,135118,Laser,Wireless,6400,Right,White
335763,135119,Laser,Wired,8200,Right,White
335764,135120,Laser,Wireless,6400,Right,Black
335765,135121,Laser,Wired,8200,Both,Black / Red
335766,135122,Laser,Wireless,,Right,Black
335767,135123,Optical,Wired,6400,Right,Black
335768,135124,Optical,Wireless,1400,Both,Black
335769,135125,Laser,Wireless,,Both,Black / White
335770,135126,Optical,Wired,4000,Right,Black / White
335771,135127,Optical,Wired,,Both,Black
335772,135128,Optical,Wireless,,Right,Red / Black
335773,135129,Optical,Wired,1600,Right,Black / Red
335774,135130,Laser,Wired,5000,Right,Black / Blue
335775,135131,Optical,Wired,,Both,White
335776,135132,Optical,Wired,3500,Right,Black / Red
335777,135133,Laser,Wired,4000,Right,Black
335778,135134,Optical,Wired,400,Both,Black
335779,135135,Laser,Wired,4000,Right,Black
335780,135136,Optical,Wireless,,Both,Black
335781,135137,Laser,Wireless,1600,Both,Black
335782,135138,Optical,Wireless,,Right,Black
335783,135139,Optical,Wired,1600,Right,Black / Blue
335784,135140,Optical,Wireless,1600,Right,Black
335785,135141,Optical,Wired,800,Both,White
335786,135142,Optical,Wireless,1000,Both,Blue / Black
335787,135143,Optical,Wireless,,Both,Blue / Black
335788,135144,Optical,Wireless,,Both,Red / Black
335789,135145,Optical,Wired,1600,Both,Black
335790,135146,Optical,Wireless,1000,Right,Black
335791,135147,Optical,Wired,,,Black
335792,135148,Optical,Wireless,1000,Both,Black
335793,135149,Optical,Wired,800,Both,Black
335794,135150,Optical,Wired,5000,Both,Black
335795,135151,Optical,Wireless,,Right,Purple / White
335796,135152,Optical,Wireless,,,Purple / Black
335797,135153,Optical,Wireless,2600,Right,Gold / Black
335798,135154,Optical,Wireless,1000,Both,Black / Silver
335799,135155,Optical,Wireless,,Both,Black
335800,135156,Optical,Wireless,1000,Both,Black
335801,135157,Optical,Wired,,Both,Blue
335802,135158,Optical,Wireless,1000,Both,Silver / Black
335803,135159,Optical,Bluetooth Wireless,1000,Both,Pink
335804,135160,Optical,Wireless,1750,Right,Black
335805,135161,Optical,Wireless,1000,Both,White / Pink
335806,135162,Optical,Wireless,1000,Both,Orange / Red
335807,135163,Laser,Wired,3600,Right,Black
335808,135164,Optical,Wireless,,Both,Pink / Black
335809,135165,Laser,Wireless,5670,Both,Black / Silver
335810,135166,Optical,Wireless,1200,Both,Gray / Black
335811,135167,Optical,Wired,,Both,Purple
335812,135168,Optical,Wireless,1600,Right,Black
335813,135169,Optical,Wired,,,Black
335814,135170,Optical,Wireless,1000,Right,Black
335815,135171,Optical,Wireless,,,Black / Red
335816,135172,Optical,Wireless,,Both,Blue
335817,135173,Optical,Wired,5000,Both,Black / Gold
335818,135174,Optical,Wired,1000,Both,Black
335819,135175,Optical,Wireless,1000,,Pink
335820,135176,Optical,Wireless,800,Both,Black / Gray
335821,135177,Optical,Wired,,Both,Pink
335822,135178,Optical,Wired,5000,Both,Gray
335823,135179,Optical,Wired,,,Black
335824,135180,Laser,Bluetooth Wireless,1000,Right,Black
335825,135181,Optical,Wireless,1000,Both,Blue / Black
335826,135182,Optical,Wired,5000,Both,Blue
335827,135183,Optical,Wired,,Right,Black
335828,135184,Optical,Wired,,Right,Black / Silver
335829,135185,Laser,Wireless,,Both,White / Black
335830,135186,Optical,Wired,1000,Both,Black
335831,135187,Optical,Wireless,,Both,Black / Silver
335832,135188,Optical,Wireless,1000,Both,Black
335833,135189,Laser,Wireless,1600,Both,Black
335834,135190,Laser,Wireless,1600,Right,Black
335835,135191,Optical,Wired,3200,Both,Black / Red
335836,135192,Laser,Wired,6000,Right,Black
335837,135193,Laser,Wired,5700,Both,Black
335838,135194,Laser,Wired,8200,Both,Black / Green
335839,135195,Optical,Wireless,,Both,Black
335840,135196,Optical,Wired,,Both,Silver / Blue
335841,135197,Optical,Wired,1000,Both,Black / Silver
335842,135198,Optical,Wired,1600,Right,Black
335843,135199,Optical,Wireless,1000,Both,Red / White
335844,135200,Optical,Wireless,1000,Both,Black / Blue
335845,135201,Optical,Wired,4000,Both,White
335846,135202,Optical,Wireless,1200,Both,Black
335847,135203,Optical,Wireless,,Both,Multicolor
335848,135204,Optical,Wireless,1000,Both,White / Purple
335849,135205,Optical,Wireless,1000,Both,Black
335850,135206,Optical,Wireless,2600,Right,Brown / Black
335851,135207,Optical,Wireless,1600,Right,Blue / Black
335852,135208,Optical,Wired,5000,Both,Black / Green
335853,135209,Optical,Wireless,1000,Both,White / Purple
335854,135210,Optical,Wireless,1000,Both,Black
335855,135211,Optical,Wireless,2000,Right,Black
335856,135212,Optical,Wireless,4800,Left,Black
335857,135213,Optical,Wireless,1000,Both,Blue
335858,135214,Optical,Bluetooth Wireless,,Both,Black
335859,135215,Optical,Wireless,1600,Right,Red / Black
335860,135216,Optical,Wireless,1000,,Black / Red
335861,135217,Optical,Wireless,,Both,Red
335862,135218,Laser,Wireless,,,Purple
335863,135219,Laser,Bluetooth Wireless,,Both,Blue
335864,135220,Laser,Bluetooth Wireless,1600,Both,Black / Silver
335865,135221,Optical,Wired,3500,Right,Red
335866,135222,Optical,Wired,3500,Right,Yellow
335867,135223,Laser,Wireless,,Both,White
335868,135224,Optical,Wireless,1000,,Black
335869,135225,Optical,Wired,800,Both,Black
335870,135226,Optical,Wired,,Both,Black
335871,135227,Optical,Wired,,,White
335872,135228,Optical,Wired,1000,Both,White
335873,135229,Laser,Bluetooth Wireless,1000,Right,Black / Silver
335874,135230,Optical,Wired,,Right,Gray
335875,135231,Optical,Wireless,1000,Both,White / Black
335876,135232,Optical,Wired,5000,Right,Black / White
335877,135233,Laser,Wireless,1200,Both,Green / White
335878,135234,Optical,Wired,800,Both,Black
335879,135235,Optical,Wired,800,Both,Black / Silver
335880,135236,Laser,Wireless,,Both,Black / Blue
335881,135237,Optical,Wired,,Both,White
335882,135238,Optical,Wired,800,Both,Black
335883,135239,Laser,Wired,3600,Right,Black
335884,135240,Laser,Wireless,,Both,Silver
335885,135241,Laser,Wired,8200,Right,Black / Red
335886,135242,Optical,Wired,,Both,Black / Silver
335887,135243,Optical,Wired,,Both,Black
335888,135244,Laser,Bluetooth Wireless,1600,Both,Silver / Black
335889,135245,Laser,Wired,2400,Right,Black
335890,135246,Laser,Wireless,5600,Right,Black
335891,135247,Optical,Wired,,Right,Black
335892,135248,Laser,Wired,6000,Right,Black
335893,135249,Laser,Wireless,8200,Both,Black
335894,135250,Optical,Wired,5000,Right,Black / Yellow
335895,135251,Optical,Wired,5000,Right,Black / Yellow
335896,135252,Optical,Wireless,,Both,Pink
335897,135253,Laser,Wired,5700,Right,Black
335898,135254,Optical,Wired,,Both,Red / Black
335899,135255,Laser,Wired,8200,Right,Black / Red
335900,135256,Optical,Wireless,1000,Both,Blue / Black
335901,135257,Optical,Wired,1000,Right,Black / White
335902,135258,Optical,Wireless,1000,Right,Black
335903,135259,Optical,Wired,2300,Both,White / Gray
335904,135260,Optical,Wired,2300,Right,Black / White
335905,135261,Optical,Wired,2300,Right,White
335906,135262,Laser,Wired,2400,Both,Black
335907,135263,Optical,Wireless,1200,Both,Black / Silver
335908,135264,Laser,Wired,5600,Right,Black
335909,135265,Optical,Wireless,,Right,Black
335910,135266,Optical,Wired,3320,Right,Black
335911,135267,Laser,Wireless,,Both,Red / Black
335912,135268,Optical,Wired,3200,Both,White / Black
335913,135269,Laser,Wireless,8200,Both,Black / Green
335914,135270,Optical,Bluetooth Wireless,1600,Right,Black / Red
335915,135271,Laser,Wired,8200,Right,Black / White
335916,135272,Laser,Wireless,5600,Right,Black
335917,135273,Optical,Wired,1750,Right,Black / Red
335918,135274,Laser,Wired,8200,Right,Black / Red
335919,135275,Optical,Wired,3200,Both,Yellow
335920,135276,Laser,Wired,16400,Right,Gray
335921,135277,Laser,Bluetooth Wireless,6400,Right,Red
335922,135278,Laser,Bluetooth Wireless,6400,Right,Blue / Silver
335923,135279,Laser,Wired,5700,Right,Black
335924,135280,Optical,Wired,6400,Right,Black
335925,135281,Optical,Wireless,1750,Both,Multicolor
335926,135282,Optical,Wired,3400,Right,Black / Red
335927,135283,Laser,Wireless,,Right,Black / Blue
335928,135284,Laser,Wireless,,Both,Black
335929,135285,Optical,Wireless,,Right,Black
335930,135286,Laser,Bluetooth Wireless,1000,Both,Black
335931,135287,Laser,Wired,6400,Both,Black
335932,135288,Optical,Wireless,,Both,Black / Silver
335933,135289,Laser,Wired,6400,Right,Black
335934,135290,Optical,Wireless,,Both,Black
335935,135291,Laser,Wired,16400,Right,Black / Blue
335936,135292,Laser,Wired,3400,Right,Black / Red
335937,135293,Optical,Wired,1600,Right,Multicolor
335938,135294,Optical,Wired,1600,Right,Multicolor
335939,135295,Optical,Wireless,,Both,Multicolor
335940,135296,Optical,Wireless,,Both,Multicolor
335941,135297,Optical,Wireless,,Both,Multicolor
335942,135298,Optical,Wireless,1600,Both,Black
335943,135299,Optical,Wired,800,Both,Green
335944,135300,Optical,Wireless,16000,Both,Red
335945,135301,Optical,Wired,,Right,White / Black
335946,135302,Laser,Wired,3200,Right,White / Black
335947,135303,Laser,Wired,,Both,Black
335948,135304,Laser,Wired,3600,Both,Black
335949,135305,Laser,Wired,3600,Both,Black
335950,135306,Laser,Bluetooth Wireless,,Right,White
335951,135307,Laser,Bluetooth Wireless,,Right,Black / Red
335952,135308,Laser,Wireless,1200,Right,Black
335953,135309,Laser,Wired,1000,Both,Black
335954,135310,Optical,Wired,3000,Right,Black
335955,135311,Laser,Wired,8200,Right,Black / White
335956,135312,Optical,Wired,800,Both,Multicolor
335957,135313,Optical,Wired,,Right,Gray / Black
335958,135314,Optical,Wired,4000,Right,Black
335959,135315,Optical,Wireless,800,Right,Black / Yellow
335960,135316,Optical,Wired,2400,Both,Red / Black
335961,135317,Optical,Wired,3200,,Orange / Black
335962,135318,Optical,Wireless,1600,Right,Black
335963,135319,Laser,Wired,6400,Both,Black
335964,135320,Optical,Wired,,Both,Black
335965,135321,Optical,Wired,400,Both,White
335966,135322,Laser,Wired,8200,Both,Black
335967,135323,Optical,Wired,2400,Both,Multicolor
335968,135324,Optical,Wireless,1750,Right,Black / Red
335969,135325,Optical,Wired,1600,Right,White / Blue
335970,135326,Optical,Wired,1600,Right,Pink
335971,135327,Optical,Bluetooth Wireless,,Both,Black / Silver
335972,135328,Optical,Wired,10000,Right,
335973,135329,Laser,Wired,3000,Both,Black
335974,135330,Optical,Wireless,1000,Both,Purple
335975,135331,Optical,Wired,3200,Both,Black
335976,135332,Optical,Wired,3200,Right,Black
335977,135333,Optical,Wired,800,Both,Blue / Black
335978,135334,Optical,Wired,2500,Both,White / Black
335979,135335,Optical,Wired,2300,Both,Black / Yellow
335980,135336,Laser,Wired,6400,Both,White
335981,135337,Optical,Wireless,,Both,Blue / Silver
335982,135338,Optical,Wired,2000,Right,Black
335983,135339,Optical,Wired,3500,Right,Black / Red
335984,135340,Optical,Wired,800,Both,White
335985,135341,Optical,Wired,1600,Right,Black
335986,135342,Optical,Wireless,,Both,Black
335987,135343,Optical,Wireless,,Both,Yellow / Black
335988,135344,Optical,Wireless,,Both,Pink / Black
335989,135345,Laser,Wired,8200,Right,Black / Orange
335990,135346,Optical,Wired,1000,Both,Black
335991,135347,Optical,Wireless,,Both,Black
335992,135348,Laser,Wireless,,Both,Gray / Black
335993,135349,Laser,Wired,6400,Right,White
335994,135350,Optical,Wireless,,Both,Blue
335995,135351,Optical,Wireless,,Both,Black
335996,135352,Optical,Wired,4000,Right,Black / Blue
335997,135353,Optical,Wireless,2000,Both,Black / Silver
335998,135354,Optical,Wired,3200,Right,Black
335999,135355,Optical,Wired,3200,Right,Black
336000,135356,Optical,Wireless,4800,Right,Red / Black
336001,135357,Laser,Wired,5600,Right,Red
336002,135358,Laser,Wired,5600,Right,Yellow
336003,135359,Optical,Wireless,1000,Both,Black
336004,135360,Laser,Bluetooth Wireless,,Both,White
336005,135361,Laser,Wired,8200,Right,Black / White
336006,135362,Optical,Wired,3500,Right,White / Red
336007,135363,Optical,Wireless,,Both,Multicolor
336008,135364,Optical,Wireless,,Both,Multicolor
336009,135365,Laser,Wireless,1200,Both,Beige
336010,135366,Optical,Wired,7000,Both,Black / White
336011,135367,Optical,Wired,1000,Both,Black
336012,135368,Laser,Wired,5600,Right,Red
336013,135369,Laser,Wired,6400,Right,Black / Red
336014,135370,Optical,Wired,3500,Right,Black / Red
336015,135371,Optical,Wired,3500,Right,White
336016,135372,Optical,Wireless,1200,Both,Black / Silver
336017,135373,Laser,Wired,,Both,Black
336018,135374,Optical,Wireless,1600,Right,White
336019,135375,Optical,Wired,2000,Both,Black
336020,135376,Optical,Wired,2000,Both,Black / Silver
336021,135377,Optical,Wireless,2000,Right,Black / Red
336022,135378,Optical,Wireless,,Both,Purple
336023,135379,Optical,Wired,3000,Right,Black
336024,135380,Optical,Wireless,,Both,Blue / White
336025,135381,Optical,Wireless,1000,Both,Blue / White
336026,135382,Laser,Wired,4000,Both,Multicolor
336027,135383,Optical,Wireless,,Both,Purple
336028,135384,Optical,Wired,3200,Both,White / Yellow
336029,135385,Optical,Wireless,1000,Right,Black
336030,135386,Optical,Wireless,,Both,Black
336031,135387,Optical,Bluetooth Wireless,1600,Both,Black
336032,135388,Laser,Wireless,2000,Both,Black / Silver
336033,135389,Laser,Wired,4000,Both,Red
336034,135390,Laser,Wired,8200,Both,Black / Blue
336035,135391,Laser,Wired,6000,Right,Black
336036,135392,Optical,Wireless,1000,Right,Blue
336037,135393,Laser,Wired,3200,Right,Black
336038,135394,Laser,Wireless,,Both,Multicolor
336039,135395,Optical,Wired,8200,Right,Black / Red
336040,135396,Optical,Wired,4800,Right,Camo
336041,135397,Optical,Wireless,,Both,Black
336042,135398,Laser,Wireless,1000,Right,Black / Blue
336043,135399,Optical,Wireless,,Both,Gray
336044,135400,Laser,Wireless,1200,Both,Black / Silver
336045,135401,Optical,Wireless,1000,Both,Black
336046,135402,Laser,Wireless,2000,Right,Black / Blue
336047,135403,Optical,Wireless,,Both,Black / Pink
336048,135404,Optical,Wired,,Both,Black
336049,135405,Laser,Bluetooth Wireless,4000,Both,Black
336050,135406,Laser,Wireless,,Both,Black / Red
336051,135407,Laser,Wireless,1600,Right,Black / Silver
336052,135408,Optical,Wireless,1000,Both,Black / Red
336053,135409,Laser,Wireless,,Both,Purple
336054,135410,Optical,Wired,800,Both,White / Gray
336055,135411,Laser,Wired,1600,Both,Black
336056,135412,Trackball,Wireless,,Both,Black
336057,135413,Optical,Wired,,Both,Black
336058,135414,Optical,Wireless,1000,Both,Black
336059,135415,Optical,Wireless,,,Black / Blue
336060,135416,Optical,Wireless,,Both,Red
336061,135417,Optical,Wireless,,Both,Black / Red
336062,135418,Optical,Wireless,1000,Both,Red
336063,135419,Optical,Wireless,2400,Right,Silver / Black
336064,135420,Optical,Wireless,,Right,Purple
336065,135421,Optical,Wired,,,Purple
336066,135422,Laser,Wired,,Right,Silver / Black
336067,135423,Optical,Wireless,,Right,Blue / Black
336068,135424,Optical,Wired,1600,Right,Green
336069,135425,Laser,Wireless,,Both,Blue
336070,135426,Optical,Bluetooth Wireless,,Both,Black
336071,135427,Optical,Wireless,1750,Right,Black
336072,135428,Laser,Wireless,,Right,Black / Gray
336073,135429,Optical,Wireless,1000,Both,White / Black
336074,135430,Laser,Bluetooth Wireless,,Both,Black
336075,135431,Optical,Wireless,,Right,Blue
336076,135432,Optical,Wireless,1600,Left,Black
336077,135433,Optical,Wireless,1000,Both,Green / Black
336078,135434,Optical,Wireless,1600,Right,Red / Black
336079,135435,Optical,Wireless,,,Red
336080,135436,Optical,Wireless,1600,Right,Black
336081,135437,Laser,Wireless,,Right,Black / Silver
336082,135438,Optical,Wireless,,Right,Black / Blue
336083,135439,Laser,Bluetooth Wireless,1000,Both,Black / Red
336084,135440,Optical,Wired,1000,Right,Black
336085,135441,Optical,Wireless,,Both,Pink / Black
336086,135442,Optical,Wireless,,Both,Red
336087,135443,Optical,Wireless,,Right,Green
336088,135444,Optical,Wireless,2000,Right,Red
336089,135445,Optical,Wireless,1600,Right,Black
336090,135446,Optical,Wireless,,Right,Black
336091,135447,Optical,Wired,1600,Both,Blue / Black
336092,135448,Optical,Wireless,4800,Right,Black
336093,135449,Optical,Wireless,2000,Right,Black
336094,135450,Optical,Wired,,Both,Silver / Black
336095,135451,Optical,Wired,,Both,Black
336096,135452,Optical,Wireless,,,Black
336097,135453,Optical,Wireless,,Both,Red
336098,135454,Optical,Wireless,1000,Both,Green / Silver
336099,135455,Optical,Wired,6400,Left,Black
336100,135456,Optical,Wired,,,Purple
336101,135457,Optical,Wireless,,,Gray / Black
336102,135458,Optical,Wireless,,,Blue
336103,135459,Optical,Wired,,Both,Black
336104,135460,Touchpad,Wired,,Both,Black
336105,135461,Optical,Wireless,,Both,Black
336106,135462,Optical,Wired,,Both,Black / Gray
336107,135463,Optical,Wireless,,Right,Blue / Black
336108,135464,Optical,Wired,1000,Both,Black / Gray
336109,135465,Optical,Wireless,1200,Both,Black
336110,135466,Optical,Wired,,Right,Black / Silver
336111,135467,Laser,Wireless,,Right,Black
336112,135468,Optical,Wireless,,Both,Blue / Black
336113,135469,Optical,Wireless,,Both,Red / Black
336114,135470,Optical,Wireless,1000,Both,Blue / Black
336115,135471,Optical,Wired,400,Right,Blue / White
336116,135472,Laser,Wireless,,Both,Black
336117,135473,Optical,Wired,,Both,Black
336118,135474,Laser,Wired,8200,Both,Black
336119,135475,Laser,Bluetooth Wireless,1200,Both,Black / Red
336120,135476,Optical,Wired,1000,Left,Black / Silver
336121,135477,Optical,Wired,,Both,Black / Blue
336122,135478,Trackball,Wired,,Both,Black / Blue
336123,135479,Optical,Wireless,1600,Right,Black / Silver
336124,135480,Optical,Wired,1000,Both,Black
336125,135481,Optical,Wired,2400,Right,Black
336126,135482,Optical,Wireless,1000,Both,Black
336127,135483,Optical,Wireless,1000,Both,Gray
336128,135484,Optical,Wired,1000,Both,Black
336129,135485,Laser,Wired,1200,Both,Black / Silver
336130,135486,Optical,Wired,1600,Both,Red / Black
336131,135487,Optical,Wired,800,Both,White
336132,135488,Optical,Wireless,1600,Both,Blue / White
336133,135489,Optical,Bluetooth Wireless,800,Right,Silver / Black
336134,135490,Optical,Bluetooth Wireless,800,Right,White
336135,135491,Laser,Wireless,,Right,Black / Silver
336136,135492,Laser,Wireless,1000,Both,Black / Blue
336137,135493,Optical,Wireless,1000,Both,Black / Silver
336138,135494,Optical,Wireless,4800,Right,Black / Red
336139,135495,Optical,Wireless,1000,Both,Pink / Black
336140,135496,Laser,Bluetooth Wireless,,Both,Black / Silver
336141,135497,Optical,Wireless,,Both,Black
336142,135498,Laser,Wired,,Left,Silver / Black
336143,135499,Optical,Wireless,,Both,Black
336144,135500,Optical,Wired,,,Black
336145,135501,Optical,Bluetooth Wireless,1000,,Black
336146,135502,Optical,Wireless,,Both,White
336147,135503,Touchpad,Wired,,Both,Black
336148,135504,Optical,Wireless,1000,Both,Red / Black
336149,135505,Laser,Wired,5700,Right,Black / Red
336150,135506,Optical,Wireless,,Both,Blue
336151,135507,Optical,Wireless,,Right,Red / Black
336152,135508,Optical,Wireless,1600,Both,Black
336153,135509,Laser,Wireless,1600,Both,Black
336154,135510,Optical,Wireless,1000,Both,Pink
336155,135511,Optical,Wireless,1000,Both,Blue
336156,135512,Laser,Wireless,,Both,Black
336157,135513,Laser,Wireless,,Right,Black / Green
336158,135514,Optical,Wired,,Both,Black
336159,135515,Laser,Wired,,Right,Black
336160,135516,Optical,Wired,3500,Both,Green
336161,135517,Optical,Wireless,,Both,Purple / Black
336162,135518,Optical,Wired,3500,Right,Black
336163,135519,Laser,Wired,8200,Right,Black / Silver
336164,135520,Optical,Wired,400,Both,Black
336165,135521,Optical,Wireless,1200,Both,Black
336166,135522,Laser,Wired,8200,Right,Red / Black
336167,135523,Optical,Wired,800,Both,Silver / Black
336168,135524,Laser,Wired,8200,Right,Black / Silver
336169,135525,Optical,Wireless,1200,Both,Black
336170,135526,Optical,Wired,4000,Right,Black
336171,135527,Laser,Bluetooth Wireless,1600,Both,Multicolor
336172,135528,Optical,Bluetooth Wireless,,Both,Gray / Black
336173,135529,Optical,Wireless,,Both,Black
336174,135530,Optical,Wireless,,Both,Black
336175,135531,Laser,Wireless,3200,Right,Black
336176,135532,Optical,Wired,5000,Right,Brown / Black
336177,135533,Optical,Wireless,,Both,Black
336178,135534,Optical,Wireless,,Both,Multicolor
336179,135535,Optical,Wired,5000,Both,Black / Orange
336180,135536,Optical,Wired,3500,Right,Red
336181,135537,Optical,Wireless,,Both,Blue
336182,135538,Optical,Wired,800,Both,Black
336183,135539,Optical,Wired,6400,Right,Black / Orange
336184,135540,Optical,Wireless,1000,Both,Pink
336185,135541,Optical,Wireless,1200,Both,Black
336186,135542,Optical,Wireless,1600,Right,Red / Black
336187,135543,Optical,Wired,800,Both,Black
336188,135544,Laser,Wired,1200,Both,Black / Silver
336189,135545,Laser,Wireless,1200,Both,Black / Silver
336190,135546,Optical,Wired,,Both,Silver / Black
336191,135547,Laser,Wireless,,Both,Black
336192,135548,Optical,Wired,7000,Both,Black
336193,135549,Optical,Wireless,1600,Right,Blue / Black
336194,135550,Optical,Wired,3200,Right,Silver / Black
336195,135551,Optical,Wireless,1600,Right,Black
336196,135552,Optical,Wireless,1600,Right,Black / Yellow
336197,135553,Optical,Wireless,1600,Right,Blue / Black
336198,135554,Optical,Wired,5000,Right,Gray
336199,135555,Optical,Wireless,,,Blue
336200,135556,Optical,Wireless,,,Red
336201,135557,Optical,Wired,800,Both,Silver / Black
336202,135558,Optical,Wired,800,,Black
336203,135559,Laser,Wireless,,Both,Silver
336204,135560,Optical,Wireless,,,Black / Pink
336205,135561,Optical,Wired,,Both,Black
336206,135562,Optical,Wireless,1000,Both,Black / Blue
336207,135563,Optical,Wired,,Both,Black
336208,135564,Optical,Wired,,,White / Gray
336209,135565,Optical,Wireless,,Both,Gray
336210,135566,Laser,Wired,8200,Right,Black / White
336211,135567,Optical,Wireless,1600,Both,White
336212,135568,Optical,Wireless,1000,,Black
336213,135569,Optical,Wired,2000,Right,Black
336214,135570,Laser,Wired,5600,,Silver
336215,135571,Optical,Wireless,,,Black / Green
336216,135572,Optical,Wireless,1000,Both,Black
336217,135573,Optical,Wireless,,Right,Silver
336218,135574,Laser,Bluetooth Wireless,1000,Both,Black
336219,135575,Laser,Wireless,,Both,Blue
336220,135576,Optical,Wireless,,Both,White
336221,135577,Optical,Wired,,Both,Black
336222,135578,Optical,Wireless,1000,Both,Black
336223,135579,Optical,Wireless,,Both,Black
336224,135580,Optical,Wireless,,Both,Gray
336225,135581,Optical,Wireless,,Both,Silver
336226,135582,Optical,Wireless,,Both,Black / Silver
336227,135583,Optical,Wired,,Both,Silver
336228,135584,Laser,Wireless,,Both,Black
336229,135585,Optical,Wireless,1000,Both,Pink
336230,135586,Optical,Wireless,,,Blue
336231,135587,Optical,Wireless,1000,Both,Black
336232,135588,Laser,Wireless,,Both,Black / Gold
336233,135589,Optical,Wired,800,Both,White / Black
336234,135590,Optical,Wireless,1600,,Silver / White
336235,135591,Optical,Wired,800,Both,Green
336236,135592,Optical,Wired,800,,Silver / Black
336237,135593,Optical,Wireless,1600,Both,Black
336238,135594,Laser,Wireless,1600,Both,Black / Red
336239,135595,Optical,Wired,,Both,Black / Silver
336240,135596,Laser,Wireless,,Both,Silver
336241,135597,Optical,Wireless,,,Red
336242,135598,Optical,Wireless,,,Purple
336243,135599,Laser,Wireless,,Both,Black / Silver
336244,135600,Laser,Wireless,,Both,Black / Blue
336245,135601,Optical,Wired,800,Both,Black
336246,135602,Optical,Wired,,Both,White
336247,135603,Optical,Wireless,1000,,Black
336248,135604,Optical,Wireless,1600,Right,Black / Gray
336249,135605,Optical,Wired,3500,Right,Purple
336250,135606,Optical,Wired,800,Both,Gray / Blue
336251,135607,Laser,Wireless,,Both,Red
336252,135608,Laser,Bluetooth Wireless,,Both,White
336253,135609,Optical,Wireless,1000,Both,Black / Blue
336254,135610,Laser,Bluetooth Wireless,800,Both,Black
336255,135611,Laser,Bluetooth Wireless,800,Both,Black
336256,135612,Optical,Wireless,1000,Both,Silver
336257,135613,Optical,Wired,,Both,Black
336258,135614,Laser,Wireless,,Both,Black
336259,135615,Laser,Wireless,5600,,Black
336260,135616,Optical,Wireless,,Both,Gray
336261,135617,Laser,Wireless,,Both,Black / Gray
336262,135618,Laser,Wireless,,Both,Black
336263,135619,Optical,Wired,,Both,White
336264,135620,Optical,Wired,1000,,Blue
336265,135621,Optical,Wireless,,Both,Silver / Blue
336266,135622,Optical,Wireless,,,Black / Blue
336267,135623,Optical,Wireless,1000,Both,Black / White
336268,135624,Optical,Wireless,1600,Right,Black
336269,135625,Optical,Wired,1000,,Blue
336270,135626,Optical,Wireless,1000,Both,Red
336271,135627,Optical,Wired,,Right,Black
336272,135628,Optical,Wireless,,Both,Black / Blue
336273,135629,Optical,Wired,800,Both,Black
336274,135630,Laser,Bluetooth Wireless,4000,Right,Black
336275,135631,Optical,Wireless,,Both,Black / Gray
336276,135632,Optical,Wireless,,Both,Blue
336277,135633,Optical,Wired,,Both,Black
336278,135634,Optical,Wireless,,Both,White
336279,135635,Optical,Wireless,1000,,Green
336280,135636,Optical,Wireless,,Right,Black
336281,135637,Optical,Wireless,,Both,Black
336282,135638,Optical,Wired,3500,Right,Silver
336283,135639,Optical,Wired,800,Both,Black
336284,135640,Optical,Wired,,Both,Silver / Blue
336285,135641,Optical,Wired,,Right,Black
336286,135642,Optical,Wired,800,Both,Black
336287,135643,Laser,Wireless,,Both,Silver
336288,135644,Optical,Wired,,Both,White
336289,135645,Optical,Wireless,1000,Both,Black / Gray
336290,135646,Optical,Wired,,,Black
336291,135647,Optical,Wireless,,Right,Black / Gray
336292,135648,Optical,Wired,,Right,Black / Silver
336293,135649,Optical,Wired,800,Both,Silver / Black
336294,135650,Laser,Bluetooth Wireless,1600,Right,Black
336295,135651,Laser,Wireless,,Both,Silver
336296,135652,Optical,Wired,,Both,Black
336297,135653,Optical,Wireless,1000,Both,Blue / Black
336298,135654,Optical,Wired,1000,Both,Black
336299,135655,Optical,Wireless,1000,Both,White / Multicolor
336300,135656,Optical,Wireless,1000,Both,White / Black
336301,135657,Laser,Wireless,1200,Both,Black / Red
336302,135658,Optical,Wired,6400,Right,Black
336303,135659,Optical,Wireless,,Both,Black / Red
336304,135660,Optical,Wired,,,White / Gray
336305,135661,Optical,Wireless,,Both,Green
336306,135662,Optical,Wired,,Both,Gray
336307,135663,Laser,Wireless,1600,Both,Black / Pink
336308,135664,Optical,Wireless,1000,Both,Pink
336309,135665,Optical,Wireless,1000,Both,Yellow
336310,135666,Laser,Wireless,1200,Both,Black / Silver
336311,135667,Optical,Wired,3000,Right,Black / Blue
336312,135668,Optical,Wired,2400,Right,Black / Silver
336313,135669,Laser,Wireless,,Both,Black / Red
336314,135670,Optical,Wireless,1000,Both,Purple
336315,135671,Laser,Wireless,,Both,Green
336316,135672,Optical,Wireless,1000,Both,Black
336317,135673,Optical,Wireless,1000,Both,Blue
336318,135674,Optical,Wired,,Both,Gray
336319,135675,Optical,Wired,,Both,Pink
336320,135676,Optical,Wireless,,Both,Black / Orange
336321,135677,Optical,Wired,800,Both,Yellow
336322,135678,Laser,Wireless,1600,Right,Purple
336323,135679,Optical,Wireless,1000,Both,Black
336324,135680,Optical,Wireless,1600,Both,Black / Silver
336325,135681,Laser,Wired,5600,Both,Black
336326,135682,Optical,Wireless,1000,Both,Gray
336327,135683,Optical,Wireless,,Right,Black
336328,135684,Laser,Bluetooth Wireless,,Both,White
336329,135685,Optical,Wired,800,Both,Black
336330,135686,Optical,Wired,800,,Black / Red
336331,135687,Laser,Wired,1600,,Black
336332,135688,Optical,Wired,400,,Black
336333,135689,Optical,Wireless,,,Red / Black
336334,135690,Optical,Wireless,,,Blue
336335,135691,Optical,Wireless,,Both,Yellow / Black
336336,135692,Optical,Wireless,1600,,Red
336337,135693,Optical,Wireless,,,Black
336338,135694,Optical,Wireless,800,,Black / Silver
336339,135695,Optical,Wired,2400,Right,Black
336340,135696,Optical,Wired,1600,Both,Black / Red
336341,135697,Optical,Wireless,1200,Both,Black
336342,135698,Optical,Wired,,,Silver / Black
336343,135699,Laser,Wireless,,,Black
336344,135700,Optical,Wireless,1750,Both,Silver
336345,135701,Optical,Wireless,,,Blue
336346,135702,Optical,Wired,2400,Right,Black / Blue
336347,135703,Optical,Wired,,Both,Gray
336348,135704,Optical,Wireless,1000,Both,Blue / Black
336349,135705,Optical,Wireless,1000,Both,White / Multicolor
336350,135706,Optical,Wireless,1000,Both,White / Pink
336351,135707,Laser,Wired,8200,Right,Black
336352,135708,Optical,Wireless,1000,Both,Silver / Black
336353,135709,Optical,Wired,,Right,Black
336354,135710,Laser,Bluetooth Wireless,,Right,Black
336355,135711,Trackball,Wired,,Right,Blue / Gray
336356,135712,Optical,Wired,800,,Red / Blue
336357,135713,Trackball,Wired,1600,Both,Black
336358,135714,Laser,Bluetooth Wireless,,Right,Black
336359,135715,Laser,Wireless,,Right,Silver / Black
336360,135716,Optical,Wireless,,,Blue
336361,135717,Optical,Wireless,,,Yellow
336362,135718,Optical,Wireless,,,Green
336363,135719,Optical,Bluetooth Wireless,2000,Right,Black
336364,135720,Laser,Wireless,1600,,Gray / White
336365,135721,Laser,Wireless,1600,,Gray / Black
336366,135722,Laser,Wired,1600,,Silver / Black
336367,135723,Optical,Wired,,,Blue
336368,135724,Laser,Bluetooth Wireless,,Both,Silver / Black
336369,135725,Laser,Wired,5000,Right,Black
336370,135726,Optical,Wired,,Both,Black
336371,135727,Laser,Wireless,,Both,Silver
336372,135728,Laser,Wired,2400,Right,Black
336373,135729,Laser,Wireless,1600,,Blue / Black
336374,135730,Optical,Wireless,,Both,Black
336375,135731,Optical,Wireless,,,Purple
336376,135732,Optical,Wireless,,,Red
336377,135733,Optical,Wireless,,,Pink
336378,135734,Optical,Wired,800,,Silver / Black
336379,135735,Optical,Wireless,1000,,White
336380,135736,Optical,Wired,,,Black
336381,135737,Optical,Wireless,1600,Both,Silver / Black
336382,135738,Optical,Wired,1000,,Black
336383,135739,Laser,Bluetooth Wireless,,Both,Black / Gray
336384,135740,Optical,Wireless,,,Blue
336385,135741,Laser,Wired,2400,,Gray
336386,135742,Trackball,Wired,800,,Silver
336387,135743,Laser,Wireless,,Right,White
336388,135744,Optical,Wired,,Both,Blue
336389,135745,Optical,Wired,,,Black
336390,135746,Touchpad,Wired,,Both,Black
336391,135747,Optical,Wired,,Both,Red
336392,135748,Optical,Wired,,,Black
336393,135749,Optical,Wired,,Both,Black
336394,135750,Laser,Wired,3200,Right,Black
336395,135751,Optical,Wireless,,Both,Black
336396,135752,Optical,Wireless,,Both,Blue / Gray
336397,135753,Optical,Wireless,,Both,Black / White
336398,135754,Optical,Wired,,Both,White
336399,135755,Optical,Wired,,Both,Silver / Black
336400,135756,Optical,Wireless,,Both,Gray
336401,135757,Optical,Wireless,,Both,Blue
336402,135758,Optical,Wireless,500,Both,Black / Gray
336403,135759,Optical,Wired,1000,Both,Black
336404,135760,Laser,Wired,8200,Right,Black / Red
336405,135761,Optical,Wireless,,Right,Black
336406,135762,Laser,Wired,,Right,Black / Red
336407,135763,Laser,Wired,8200,Both,Black / Red
336408,135764,Optical,Wireless,1000,Both,Black
336409,135765,Optical,Wired,4000,Right,Black / Red
336410,135766,Laser,Wireless,800,,White
336411,135767,Optical,Wireless,1200,Both,Gray
336412,135768,Optical,Wired,1000,,Black
336413,135769,Optical,Wired,,Both,Purple / Black
336414,135770,Laser,Wired,8200,Right,Black / Yellow
336415,135771,Optical,Wireless,1000,Both,Black / Red
336416,135772,Optical,Wired,,,Silver
336417,135773,Optical,Wireless,,Both,Silver / Black
336418,135774,Optical,Bluetooth Wireless,1600,Both,Black / Gray
336419,135775,Optical,Wired,,Both,Pink
336420,135776,Optical,Wired,1000,Both,Silver
336421,135777,Optical,Wireless,,Both,Purple / Black
336422,135778,Optical,Wireless,1000,Both,Purple / Multicolor
336423,135779,Optical,Wired,4000,Right,Black / Orange
336424,135780,Laser,Wireless,1600,,Silver / White
336425,135781,Optical,Wireless,,Both,White / Black
336426,135782,Laser,Wireless,,Both,Red
336427,135783,Optical,Wireless,,Right,White / Black
336428,135784,Optical,Wireless,1000,,Pink / Black
336429,135785,Laser,Wireless,,Both,Purple / Black
336430,135786,Optical,Wired,,Both,Blue
336431,135787,Optical,Wireless,1000,,Black
336432,135788,Optical,Wired,,Both,Purple / Silver
336433,135789,Optical,Wireless,,Right,Green / Black
336434,135790,Laser,Wired,1600,,Black
336435,135791,Optical,Wireless,1000,Both,Silver / Beige
336436,135792,Laser,Wireless,1000,,Black
336437,135793,Laser,Wireless,1600,Right,Black
336438,135794,Optical,Wireless,,Both,Purple
336439,135795,Optical,Wired,,,Black
336440,135796,Laser,Wireless,,Both,Black / Silver
336441,135797,Optical,Wired,,Right,Silver
336442,135798,Optical,Wired,,,Black
336443,135799,Laser,Wireless,1200,Both,Black / Gray
336444,135800,Laser,Wireless,1200,Both,Black / Red
336445,135801,Laser,Wireless,1200,Both,Black / Blue
336446,135802,Optical,Wireless,1000,Both,Black
336447,135803,Laser,Wireless,1600,Both,Red / Black
336448,135804,Laser,Wireless,1000,Both,Black
336449,135805,Laser,Wired,8200,Right,Black / Red
336450,135806,Laser,Wired,5600,Both,Silver
336451,135807,Optical,Wireless,1200,Both,Black
336452,135808,Optical,Wired,1600,Both,Black
336453,135809,Optical,Wireless,1000,Right,Black
336454,135810,Optical,Wired,1000,Right,Orange / White
336455,135811,Optical,Wired,800,Both,Black / Silver
336456,135812,Laser,Wired,5600,Right,Black
336457,135813,Laser,Wired,5600,Right,Black
336458,135814,Laser,Wired,4000,Right,Black
336459,135815,Laser,Wired,3200,Right,Black
336460,135816,Optical,Wireless,1000,Both,Black / Red
336461,135817,Laser,Wired,5700,Right,Black / Silver
336462,135818,Optical,Wireless,1200,Both,Silver
336463,135819,Optical,Wired,2300,Right,Black / White
336464,135820,Optical,Wired,2300,Right,Black / White
336465,135821,Optical,Wireless,1000,Right,Blue
336466,135822,Optical,Wireless,1000,Right,Orange
336467,135823,Optical,Wireless,1000,Both,Black / Blue
336468,135824,Optical,Wireless,1000,Both,Black / Green
336469,135825,Optical,Wired,2300,Right,Black / White
336470,135826,Optical,Wired,,Both,Black
336471,135827,Laser,Wired,2400,Both,Red / Black
336472,135828,Optical,Wired,800,Both,Silver
336473,135829,Optical,Wired,3500,Right,Black / Silver
336474,135830,Optical,Wired,3500,Right,Black
336475,135831,Optical,Wired,,Both,Black / Orange
336476,135832,Optical,Wireless,,Both,Red
336477,135833,Optical,Wireless,,Right,Black
336478,135834,Optical,Wired,3200,Right,Black
336479,135835,Optical,Wireless,,Both,Blue
336480,135836,Optical,Wireless,1000,Right,Black
336481,135837,Optical,Wireless,,Both,Orange
336482,135838,Optical,Wireless,,Both,Blue
336483,135839,Laser,Wireless,3200,Right,Black
336484,135840,Optical,Wireless,,Both,Green
336485,135841,Optical,Wireless,,Both,Purple
336486,135842,Optical,Wireless,,Both,Pink
336487,135843,Optical,Wired,,,Black
336488,135844,Laser,Wireless,1600,Both,Black
336489,135845,Optical,Wired,,,Silver
336490,135846,Optical,Wired,6400,Both,Black / Yellow
336491,135847,Laser,Wired,,Both,Multicolor
336492,135848,Laser,Wired,1800,Both,Black / White
336493,135849,Laser,Wired,4000,Both,Black / White
336494,135850,Optical,Wired,800,Both,Silver / Black
336495,135851,Optical,Wired,1000,Right,White
336496,135852,Optical,Bluetooth Wireless,1600,Right,Black / Blue
336497,135853,Optical,Wired,2000,Both,Black
336498,135854,Optical,Wireless,1600,Right,Black
336499,135855,Optical,Wireless,1600,Right,Pink
336500,135856,Optical,Wired,1750,Right,Black / Red
336501,135857,Laser,Wireless,1600,Right,Black
336502,135858,Optical,Wired,1600,Right,Black / Blue
336503,135859,Optical,Wired,1600,Right,Black / Blue
336504,135860,Optical,Wired,3500,Right,Black
336505,135861,Laser,Wired,8200,Right,Black
336506,135862,Optical,Wireless,1000,Both,Blue
336507,135863,Optical,Wireless,1000,Both,Red
336508,135864,Optical,Wired,3200,Both,Blue / Black
336509,135865,Optical,Wired,3200,Both,Silver / Black
336510,135866,Optical,Wireless,1600,Right,Black
336511,135867,Laser,Bluetooth Wireless,,Both,Gray
336512,135868,Laser,Wired,5000,Both,Black
336513,135869,Laser,Wired,6400,Right,Red
336514,135870,Optical,Wired,2500,Both,Black / Gold
336515,135871,Optical,Wired,2500,Both,Black
336516,135872,Optical,Wired,2300,Both,Black / Red
336517,135873,Optical,Wired,800,Both,Black / Silver
336518,135874,Optical,Wireless,4000,Right,Black
336519,135875,Optical,Wireless,1750,Both,Black / Blue
336520,135876,Optical,Wireless,1750,Both,Multicolor
336521,135877,Laser,Wired,6000,Right,Black / Silver
336522,135878,Laser,Wireless,,Both,Black / Pink
336523,135879,Optical,Wireless,,Both,Black / Red
336524,135880,Laser,Wireless,,Right,Black
336525,135881,Optical,Wired,1000,Both,White
336526,135882,Optical,Wired,,Both,Black
336527,135883,Laser,Wireless,,Both,Black
336528,135884,Optical,Wired,,Both,Black
336529,135885,Laser,Bluetooth Wireless,,Both,Black / Silver
336530,135886,Optical,Wireless,,Both,Purple / Black
336531,135887,Optical,Wireless,,Both,Green / Black
336532,135888,Optical,Wireless,,Both,White / Red
336533,135889,Optical,Wired,,Both,Black / Blue
336534,135890,Optical,Wired,,Both,Black / Red
336535,135891,Optical,Wired,,Both,Black / Blue
336536,135892,Optical,Wired,1600,Both,Black
336537,135893,Optical,Wireless,,Both,Black / Silver
336538,135894,Trackball,Wired,,Right,White / Blue
336539,135895,Laser,Wired,1600,Right,Black
336540,135896,Laser,Wired,2400,Right,Black / Green
336541,135897,Laser,Wired,5600,Right,Black
336542,135898,Optical,Wired,1600,Both,Blue / White
336543,135899,Laser,Wireless,,Both,Black
336544,135900,Laser,Wireless,,Both,Black
336545,135901,Laser,Wireless,,Both,Black / Pink
336546,135902,Optical,Wireless,,Both,Black / Silver
336547,135903,Optical,Wireless,1000,Both,Blue / White
336548,135904,Optical,Wireless,,Both,Red
336549,135905,Optical,Wireless,1000,Both,Black
336550,135906,Optical,Wireless,,Both,Black
336551,135907,Optical,Wired,,Both,Black
336552,135908,Optical,Wireless,,Right,Black
336553,135909,Optical,Wireless,1600,Right,Black
336554,135910,Optical,Wireless,1600,Right,Blue
336555,135911,Laser,Wireless,,Right,Black / Red
336556,135912,Optical,Wired,1000,Both,Black
336557,135913,Optical,Wired,1000,Both,Blue
336558,135914,Optical,Wireless,1750,Right,Black
336559,135915,Laser,Wireless,,Both,Silver / Black
336560,135916,Optical,Wired,800,Both,Black / Blue
336561,135917,Optical,Wireless,,Both,Gray / Black
336562,135918,Optical,Wireless,,Both,Pink / Black
336563,135919,Optical,Wireless,,Right,Red
336564,135920,Optical,Wireless,,Both,Black
336565,135921,Optical,Wired,1000,Both,Black
336566,135922,Optical,Wireless,,Right,Blue / Black
336567,135923,Optical,Wired,1600,Right,Black / Blue
336568,135924,Optical,Wireless,1750,Both,Red / Black
336569,135925,Laser,Wired,,Both,Black
336570,135926,Optical,Wireless,1000,Both,Pink / Black
336571,135927,Optical,Wireless,1000,Both,Red / Black
336572,135928,Optical,Wireless,1000,Both,Black
336573,135929,Optical,Wireless,1000,Both,Blue / Black
336574,135930,Optical,Wireless,1000,Both,Blue / Black
336575,135931,Optical,Wireless,,Both,White / Gray
336576,135932,Optical,Wireless,1000,Both,Pink / Black
336577,135933,Optical,Wireless,1000,Both,Pink / Black
336578,135934,Optical,Wired,800,Both,Black / Silver
336579,135935,Laser,Wireless,1600,Both,Black / Silver
336580,135936,Optical,Wireless,1000,Both,Brown / Black
336581,135937,Optical,Bluetooth Wireless,,Both,Black / Silver
336582,135938,Laser,Wireless,1600,Both,Silver / Black
336583,135939,Optical,Wired,,Both,Black
336584,135940,Optical,Wireless,1000,Both,Red / Black
336585,135941,Optical,Wired,800,Both,Black
336586,135942,Optical,Wired,800,Both,Black
336587,135943,Optical,Wired,1600,Right,Black / Blue
336588,135944,Optical,Wired,3600,Right,Multicolor
336589,135945,Laser,Wireless,1600,Both,Multicolor
336590,135946,Optical,Wired,1000,Both,Black / Red
336591,135947,Optical,Wired,1000,Both,Black / Blue
336592,135948,Optical,Wired,1000,Both,White / Silver
336593,135949,Optical,Wired,1000,Both,Black
336594,135950,Optical,Wired,1000,Both,Black
336595,135951,Optical,Wireless,1000,Both,Yellow / Black
336596,135952,Laser,Wired,1000,Right,Black
336597,135953,Laser,Bluetooth Wireless,,Both,Black / Gray
336598,135954,Optical,Wired,,Both,Black
336599,135955,Laser,Wireless,1200,Right,White / Black
336600,135956,Optical,Wired,,Both,Black
336601,135957,Optical,Wired,,Both,Black
336602,135958,Laser,Wired,,Right,Black
336603,135959,Optical,Wired,,Both,Black
336604,135960,Optical,Wireless,,Both,Silver
336605,135961,Laser,Wireless,1500,Right,Black
336606,135962,Optical,Wired,1600,Right,Black
336607,135963,Laser,Bluetooth Wireless,1600,Both,Black
336608,135964,Optical,Wireless,,Both,Multicolor
336609,135965,Optical,Wireless,,Both,Red / Black
336610,135966,Optical,Wireless,,Both,White / Black
336611,135967,Optical,Wireless,1600,Both,Black
336612,135968,Optical,Wireless,1600,Right,Black
336613,135969,Optical,Wireless,1000,Both,Blue
336614,135970,Optical,Wired,2500,Right,Black / Blue
336615,135971,Optical,Wired,,Both,Black
336616,135972,Optical,Wired,2400,Right,White
336617,135973,Optical,Wired,2400,Right,Black / Blue
336618,135974,Optical,Wired,4000,Right,Black
336619,135975,Laser,Wired,8200,Right,Black / Blue
336620,135976,Laser,Wired,8200,Right,Black / Orange
336621,135977,Optical,Wired,,Both,Black
336622,135978,Optical,Wireless,1600,Right,Black
336623,135979,Optical,Wireless,1600,Right,Black
336624,135980,Optical,Wireless,,Both,Blue / Black
336625,135981,Laser,Wired,,Both,Gray / Black
336626,135982,Laser,Wired,5040,Right,Black
336627,135983,Trackball,Wired,,Right,Gray
336628,135984,Optical,Wireless,,Right,Gray / Black
336629,135985,Laser,Wireless,2000,Both,Gray / Black
336630,135986,Laser,Wireless,5600,Right,Black
336631,135987,Optical,Wireless,1200,Right,Black / Silver
336632,135988,Optical,Wired,6400,Right,Black
336633,135989,Laser,Bluetooth Wireless,,Right,Black / Gray
336634,135990,Optical,Wireless,1200,Both,Black / Red
336635,135991,Laser,Wired,1600,Both,Black / Silver
336636,135992,Optical,Wireless,1000,Both,Black
336637,135993,Laser,Wireless,1600,Both,Black
336638,135994,Laser,Bluetooth Wireless,800,Both,Silver
336639,135995,Optical,Wired,1600,Right,Black / Red
336640,135996,Laser,Wired,8200,Right,Gray
336641,135997,Laser,Wired,8200,Right,Green / Black
336642,135998,Optical,Wired,2500,Right,Black
336643,135999,Laser,Wireless,1600,Both,Red / White
336644,136000,Optical,Wired,3200,Right,Black
336645,136001,Optical,Wireless,2500,Right,Black
336646,136002,Optical,Wired,2400,Both,Black
336647,136003,Optical,Wireless,1200,Both,Silver
336648,136004,Optical,Wireless,1600,Both,White
336649,136005,Optical,Wireless,2000,Right,Black / Gray
336650,136006,Laser,Wireless,1600,Both,Silver / Black
336651,136007,Laser,Wireless,1600,Right,Black / Blue
336652,136008,Optical,Wireless,1600,Both,Black / Gray
336653,136009,Optical,Wired,3200,Both,White / Black
336654,136010,Optical,Wired,3200,Both,White / Black
336655,136011,Optical,Wired,3200,Both,Yellow / Black
336656,136012,Optical,Wired,3200,Both,Silver / Black
336657,136013,Optical,Wired,3200,Both,Red / Black
336658,136014,Optical,Wired,3200,Both,Blue / Black
336659,136015,Optical,Wired,1000,Both,Black
336660,136016,Optical,Wireless,,Both,Black / Silver
336661,136017,Optical,Wired,,Both,Black
336662,136018,Optical,Wired,,Both,Black
336663,136019,Optical,Wired,1000,Both,White / Gray
336664,136020,Optical,Wireless,1000,Both,Black
336665,136021,Optical,Wireless,800,Both,Red
336666,136022,Optical,Wireless,,Both,Black / Silver
336667,136023,Optical,Wired,,Both,Blue
336668,136024,Optical,Wired,,Both,White
336669,136025,Optical,Wireless,800,Both,Blue
336670,136026,Optical,Wired,800,Both,Black
336671,136027,Optical,Wired,1600,Right,Black / Blue
336672,136028,Laser,Wireless,2000,Both,Black
336673,136029,Laser,Wired,3200,Right,Black
336674,136030,Optical,Wireless,1600,Both,Black / Red
336675,136031,Optical,Wired,2500,Right,White
336676,136032,Laser,Wireless,,Both,Blue
336677,136033,Laser,Wired,,Both,Black
336678,136034,Laser,Wired,1600,Right,Black
336679,136035,Optical,Wired,3200,Both,Black / Orange
336680,136036,Optical,Wired,1000,Both,Black
336681,136037,Laser,Wired,6400,Right,Black
336682,136038,Optical,Wired,3500,Right,Black
336683,136039,Optical,Wireless,1200,Both,Gray
336684,136040,Optical,Wired,3200,Both,Black
336685,136041,Laser,Wireless,2000,Right,Black
336686,136042,Optical,Wireless,2000,Right,Black / Green
336687,136043,Laser,Wired,1600,Both,Silver / Black
336688,136044,Optical,Wireless,,Both,Silver / Black
336689,136045,Laser,Wired,16400,Right,Black
336690,136046,Optical,Wired,,Both,Beige / Black
336691,136047,Optical,Wired,1600,Right,Blue / White
336692,136048,Optical,Wired,1600,Right,Black / Blue
336693,136049,Laser,Wireless,1000,Both,Black / Silver
336694,136050,Optical,Wired,1600,Both,Black / Gray
336695,136051,Optical,Wired,2000,Both,Black
336696,136052,Optical,Wireless,2500,Right,Black / Blue
336697,136053,Optical,Wired,3500,Both,Black
336698,136054,Laser,Wired,5600,Both,Black
336699,136055,Optical,Wireless,,Both,White / Purple
336700,136056,Optical,Wired,,Both,Black / Red
336701,136057,Optical,Wired,1600,Both,Black
336702,136058,Optical,Wired,1600,Both,Black / Gray
336703,136059,Optical,Wireless,1000,Both,Black
336704,136060,Laser,Wired,5670,Right,Black / Red
336705,136061,Optical,Wired,2500,Both,Black
336706,136062,Optical,Bluetooth Wireless,1000,Both,Blue
336707,136063,Optical,Bluetooth Wireless,1000,Both,Black
336708,136064,Optical,Bluetooth Wireless,1000,Both,Red
336709,136065,Optical,Wireless,1000,Both,Pink
336710,136066,Optical,Wireless,1000,Both,Blue
336711,136067,Optical,Wireless,1000,Both,Red
336712,136068,Optical,Wireless,1000,Both,Black
336713,136069,Optical,Wireless,1000,Both,Silver
336714,136070,Optical,Bluetooth Wireless,1000,Both,Silver
336715,136071,Optical,Bluetooth Wireless,1000,Both,Pink
336716,136072,Optical,Bluetooth Wireless,1000,Both,Purple
336717,136073,Optical,Wireless,,Both,Red / Black
336718,136074,Optical,Wireless,,Both,Black
336719,136075,Optical,Wired,3500,Right,Black
336720,136076,Laser,Wireless,1600,Both,Black
336721,136077,Optical,Wired,2000,Both,Black / Blue
336722,136078,Optical,Wireless,1000,Both,Black
336723,136079,Optical,Wireless,1500,Right,Black
336724,136080,Optical,Wired,,Right,Black
336725,136081,Optical,Wired,4000,Right,Black
336726,136082,Laser,Wireless,,Both,Red / Black
336727,136083,Laser,Wireless,,Both,White / Black
336728,136084,Laser,Wireless,,Both,Red / Black
336729,136085,Optical,Wireless,,Both,Blue / Black
336730,136086,Optical,Wireless,,Both,White / Black
336731,136087,Optical,Wireless,1000,Both,Black
336732,136088,Optical,Wired,1200,Right,Black
336733,136089,Optical,Wired,1000,Both,Black / Red
336734,136090,Optical,Wired,1000,Both,Black / Blue
336735,136091,Optical,Wired,1000,Both,Black / Silver
336736,136092,Optical,Wireless,1000,Both,White
336737,136093,Optical,Wireless,1000,Both,Black
336738,136094,Optical,Wireless,1600,Right,Black / Red
336739,136095,Optical,Wireless,1600,Right,Silver
336740,136096,Optical,Wired,1000,Both,Blue
336741,136097,Optical,Wired,3000,Right,Black / Yellow
336742,136098,Laser,Wireless,,Both,Black
336743,136099,Optical,Wireless,,Both,Black
336744,136100,Optical,Wired,1600,Right,Black / Gray
336745,136101,Laser,Wired,3000,Right,Black / Yellow
336746,136102,Laser,Wired,2000,Right,Black / Yellow
336747,136103,Optical,Wireless,,Both,Blue / Black
336748,136104,Optical,Wired,800,Both,Black
336749,136105,Optical,Wireless,1600,Right,Black / Gray
336750,136106,Optical,Wireless,1250,Both,Black
336751,136107,Optical,Wireless,1000,Both,Black
336752,136108,Optical,Wireless,1250,Both,Blue / White
336753,136109,Optical,Wired,800,Both,Black
336754,136110,Optical,Wired,2000,Right,Black
336755,136111,Optical,Bluetooth Wireless,,Both,Black / White
336756,136112,Optical,Wireless,,Both,Black
336757,136113,Optical,Wired,800,Both,Black
336758,136114,Optical,Wired,800,Both,Black / Green
336759,136115,Optical,Wired,800,Both,Black
336760,136116,Optical,Wired,2500,Right,Black
336761,136117,Optical,Wireless,1200,Both,Gray / Black
336762,136118,Optical,Wireless,,Both,White / Black
336763,136119,Laser,Wired,8200,Both,Gray / Black
336764,136120,Optical,Wireless,,Both,Purple / Black
336765,136121,Optical,Wireless,1200,Both,Silver / Black
336766,136122,Optical,Bluetooth Wireless,,Both,Black
336767,136123,Laser,Wired,,Right,Black
336768,136124,Optical,Wired,4000,Right,Black / Orange
336769,136125,Optical,Wired,400,Both,Black / Silver
336770,136126,Optical,Wired,3200,Both,Black / Orange
336771,136127,Laser,Bluetooth Wireless,,Right,Gray
336772,136128,Optical,Wireless,,Both,Black / Gray
336773,136129,Optical,Wired,800,Both,Black
336774,136130,Laser,Wired,1600,Right,White / Gray
336775,136131,Optical,Bluetooth Wireless,,Both,Gray / Black
336776,136132,Optical,Wired,1600,Right,Black
336777,136133,Optical,Wired,1600,Right,Black
336778,136134,Optical,Wired,800,Both,White
336779,136135,Optical,Wireless,2000,Right,Black
336780,136136,Optical,Wired,1600,Both,Black
336781,136137,Optical,Wireless,2000,Right,Black / Red
336782,136138,Optical,Wired,1600,Both,Black / Gray
336783,136139,Optical,Wired,1000,Both,Black
336784,136140,Optical,Wired,1600,Both,Gray / Black
336785,136141,Optical,Wireless,,Both,Black
336786,136142,Optical,Wireless,2000,Right,Black
336787,136143,Optical,Wireless,,Both,Black / Gray
336788,136144,Optical,Wireless,,Right,Black / Silver
336789,136145,Optical,Wireless,,Right,Blue / Black
336790,136146,Optical,Wireless,,Right,Red / Black
336791,136147,Optical,Wireless,,Right,Purple / Black
336792,136148,Optical,Wired,1600,Both,Gray / Silver
336793,136149,Laser,Wired,6400,Right,Black / Orange
336794,136150,Optical,Wired,1000,Both,Black
336795,136151,Optical,Wireless,1000,Both,White / Silver
336796,136152,Optical,Wireless,,Both,Pink
336797,136153,Optical,Wireless,,Both,Black
336798,136154,Optical,Wireless,1000,Both,Red
336799,136155,Optical,Wireless,1000,Both,Black / Purple
336800,136156,Optical,Wireless,2000,Both,Black / Silver
336801,136157,Optical,Wired,1600,Both,Black / Red
336802,136158,Optical,Wireless,,Both,Black
336803,136159,Optical,Wireless,,Both,Black
336804,136160,Optical,Wireless,,Both,White / Silver
336805,136161,Optical,Wireless,1000,Both,Gray / Black
336806,136162,Optical,Wired,1600,Right,Black / Blue
336807,136163,Optical,Bluetooth Wireless,2000,Right,Black / Red
336808,136164,Optical,Bluetooth Wireless,1600,Right,Black
336809,136165,Optical,Bluetooth Wireless,,Right,Red
336810,136166,Laser,Wired,5600,Right,White
336811,136167,Laser,Wired,5600,Right,Black / Red
336812,136168,Optical,Wireless,1000,Both,Black
336813,136169,Optical,Wireless,,Both,Red
336814,136170,Laser,Wired,5040,Right,Black / Red
336815,136171,Optical,Wired,5000,Right,Camo
336816,136172,Optical,Wired,2400,Right,Black / Red
336817,136173,Optical,Bluetooth Wireless,,Both,Black / Silver
336818,136174,Optical,Wired,2400,Right,Black
336819,136175,Optical,Wired,5000,Right,Black / Silver
336820,136176,Laser,Wireless,1600,Both,Black
336821,136177,Optical,Wired,2400,Right,Black
336822,136178,Optical,Wired,,Right,Black / Silver
336823,136179,Laser,Wired,5700,Both,Multicolor
336824,136180,Optical,Wired,,Both,Red
336825,136181,Laser,Wireless,,Both,Black
336826,136182,Optical,Wireless,,Both,White
336827,136183,Laser,Wired,5000,Right,Black / Red
336828,136184,Optical,Wired,800,Both,Silver
336829,136185,Laser,Wired,1600,Both,Black
336830,136186,Laser,Wireless,1600,Both,Black
336831,136187,Laser,Wireless,1200,Both,Black
336832,136188,Optical,Wireless,1200,Both,Gray
336833,136189,Laser,Bluetooth Wireless,1600,Both,Black / Silver
336834,136190,Optical,Wired,5000,Both,Black / Green
336835,136191,Laser,Wireless,1600,Both,Black / Red
336836,136192,Laser,Wired,8200,Right,Black
336837,136193,Laser,Wired,8200,Right,Black / Blue
336838,136194,Laser,Wired,8200,Right,Black / Red
336839,136195,Laser,Wired,8200,Right,Black / Silver
336840,136196,Optical,Wireless,,Both,Red / Black
336841,136197,Optical,Wired,2000,Right,Black
336842,136198,Optical,Wired,,Both,Silver
336843,136199,Laser,Wired,6400,Right,White
336844,136200,Optical,Wired,,Both,Black / Silver
336845,136201,Optical,Wireless,1000,Both,Blue / White
336846,136202,Laser,Wired,6400,Right,White
336847,136203,Optical,Wireless,1000,Both,Black
336848,136204,Optical,Wireless,1000,Right,Blue
336849,136205,Optical,Wired,2000,Right,Black
336850,136206,Optical,Wireless,1750,Both,Black / Yellow
336851,136207,Laser,Wireless,,Both,Black
336852,136208,Laser,Bluetooth Wireless,1000,Both,Black / Silver
336853,136209,Optical,Wireless,1600,Both,Black
336854,136210,Optical,Wired,3500,Right,Black
336855,136211,Laser,Wired,6400,Right,Black / Red
336856,136212,Optical,Wireless,,Both,Blue / White
336857,136213,Optical,Wireless,,Both,White / Purple
336858,136214,Laser,Wired,6400,Right,Red
336859,136215,Laser,Wired,5600,Right,White
336860,136216,Optical,Wireless,1000,Both,Black
336861,136217,Optical,Wired,3500,Both,Black
336862,136218,Optical,Wired,3500,Both,Black / Red
336863,136219,Optical,Wired,3500,Both,Black / White
336864,136220,Laser,Wired,8200,Right,Black / Red
336865,136221,Optical,Wired,1600,Both,Black
336866,136222,Laser,Wireless,6400,Right,Black
336867,136223,Optical,Wired,1600,Right,Black
336868,136224,Optical,Wired,,Both,Black
336869,136225,Optical,Wired,,Both,White
336870,136226,Optical,Wireless,2000,Right,Black
336871,136227,Laser,Wired,8200,Right,Black / Red
336872,136228,Laser,Wired,5040,Right,Black / Red
336873,136229,Laser,Wired,5040,Both,Black / Silver
336874,136230,Optical,Wired,1000,Both,Black / Red
336875,136231,Optical,Wireless,,Both,Multicolor
336876,136232,Optical,Wireless,1000,Both,Green / Blue
336877,136233,Laser,Wired,5600,Right,Black / Red
336878,136234,Optical,Wireless,1600,Right,Black / Red
336879,136235,Optical,Wireless,,Both,Multicolor
336880,136236,Optical,Wireless,1200,Both,Silver
336881,136237,Optical,Wireless,2000,Right,Black / Silver
336882,136238,Optical,Wireless,,Both,Blue
336883,136239,Touchpad,Wireless,,Both,Black
336884,136240,Optical,Wired,1600,Right,Black / Silver
336885,136241,Optical,Wireless,1600,Right,Black / Silver
336886,136242,Laser,Wired,6400,Right,Black
336887,136243,Optical,Wireless,,Both,Red
336888,136244,Optical,Wireless,1200,Right,Black / Red
336889,136245,Optical,Wired,3000,Right,Black / Silver
336890,136246,Optical,Wireless,1200,Both,Black / Silver
336891,136247,Optical,Wired,3400,Right,Black
336892,136248,Optical,Wired,4000,Both,Black / Silver
336893,136249,Optical,Wired,4000,Right,Black
336894,136250,Optical,Wired,3400,Right,Black
336895,136251,Optical,Wired,400,Right,White
336896,136252,Optical,Bluetooth Wireless,,Both,Black
336897,136253,Laser,Wireless,6400,Right,Red
336898,136254,Optical,Wireless,1750,Both,Gray
336899,136255,Optical,Wireless,1000,Both,Blue
336900,136256,Optical,Wireless,1000,Both,Multicolor
336901,136257,Optical,Wireless,1000,Both,Green
336902,136258,Optical,Wireless,1750,Both,Black
336903,136259,Laser,Wired,8200,Right,Black / Silver
336904,136260,Laser,Wired,8000,Right,Black / Silver
336905,136261,Optical,Wireless,,Both,Black / White
336906,136262,Optical,Wireless,,Both,Blue
336907,136263,Optical,Wireless,,Both,Red
336908,136264,Laser,Bluetooth Wireless,,Both,White
336909,136265,Optical,Wireless,,Both,Multicolor
336910,136266,Optical,Wireless,,Both,Black / White
336911,136267,Optical,Wireless,,Both,Black / Red
336912,136268,Optical,Wireless,,Both,Black / White
336913,136269,Optical,Wired,4000,Right,Black / White
336914,136270,Optical,Wired,4000,Both,Black / Orange
336915,136271,Optical,Wired,4000,Right,Black / Orange
336916,136272,Optical,Wireless,1000,Both,Silver / White
336917,136273,Optical,Wired,3500,Both,Black / Silver
336918,136274,Optical,Wired,800,Both,Black / Silver
336919,136275,Optical,Wired,800,Both,Black / Silver
336920,136276,Optical,Wireless,,Right,Black / Red
336921,136277,Optical,Wireless,,Right,Black / Purple
336922,136278,Optical,Wireless,1600,Right,Black / Blue
336923,136279,Optical,Wireless,,Right,Black / Red
336924,136280,Optical,Wireless,1000,Both,Black / Silver
336925,136281,Optical,Wireless,1000,Both,Red / Black
336926,136282,Optical,Wireless,,Right,Black
336927,136283,Optical,Wireless,,Right,Black / Blue
336928,136284,Optical,Wireless,1600,Right,Blue
336929,136285,Laser,Wireless,3200,Both,Black
336930,136286,Laser,Wireless,,Both,Black / Silver
336931,136287,Optical,Wired,1000,Both,Black / Silver
336932,136288,Optical,Wired,2000,Right,Black / Red
336933,136289,Laser,Wired,,Both,Silver
336934,136290,Laser,Wireless,2000,Right,Black / Silver
336935,136291,Optical,Wired,2400,Right,Multicolor
336936,136292,Optical,Wireless,1200,Both,Black / Red
336937,136293,Optical,Wireless,,Both,Multicolor
336938,136294,Optical,Wireless,2000,Both,Black
336939,136295,Optical,Wireless,1600,Both,Black
336940,136296,Optical,Wired,4000,Right,Black / Red
336941,136297,Optical,Wired,,Both,Black
336942,136298,Laser,Wireless,,Both,Multicolor
336943,136299,Laser,Wireless,,Right,Black
336944,136300,Laser,Wireless,,Both,Blue / White
336945,136301,Optical,Wired,800,Both,Black
336946,136302,Laser,Wireless,,Both,Black / Blue
336947,136303,Laser,Wireless,,Both,Blue / White
336948,136304,Optical,Wired,2400,Right,Black
336949,136305,Optical,Wired,1200,Both,Black
336950,136306,Laser,Wireless,,Both,Pink
336951,136307,Laser,Wired,8200,Right,Black / White
336952,136308,Optical,Wireless,2500,Right,Black
336953,136309,Laser,Wireless,2500,Right,Black / Blue
336954,136310,Laser,Wired,2500,Right,Black / Silver
336955,136311,Optical,Wireless,1000,Both,Blue / Silver
336956,136312,Optical,Wired,,Right,Black
336957,136313,Optical,Wired,800,Right,Black
336958,136314,Laser,Wireless,1000,Right,Black
336959,136315,Optical,Wireless,800,Right,Black / Purple
336960,136316,Optical,Wireless,,Both,Multicolor
336961,136317,Optical,Wireless,1000,Both,White
336962,136318,Optical,Wired,5000,Right,Black / Green
336963,136319,Laser,Wired,1200,Both,Black / Silver
336964,136320,Optical,Wired,5000,Right,Black / Red
336965,136321,Laser,Wireless,,Both,Black
336966,136322,Laser,Wireless,,Right,Black
336967,136323,Optical,Wired,5000,Right,Brown
336968,136324,Optical,Wireless,1000,Both,Red
336969,136325,Optical,Wired,2000,Right,Black
336970,136326,Optical,Wired,800,Both,Black
336971,136327,Optical,Wired,1600,Both,Black
336972,136328,Optical,Wireless,1200,Both,Black
336973,136329,Trackball,Wired,,Both,Black / Red
336974,136330,Optical,Wired,,Both,Black
336975,136331,Optical,Wireless,1600,Right,Black
336976,136332,Optical,Wired,1000,Both,Black
336977,136333,Optical,Wired,,Both,Black
336978,136334,Optical,Wired,3000,Right,Black
336979,136335,Optical,Wireless,1000,Both,Red
336980,136336,Optical,Wireless,,Both,Black
336981,136337,Optical,Wired,,Both,White
336982,136338,Optical,Wireless,,,Blue
336983,136339,Optical,Wireless,,Both,Pink
336984,136340,Optical,Wired,1000,Both,Black
336985,136341,Laser,Wired,2000,Both,Black / Silver
336986,136342,Optical,Wired,800,Both,Black
336987,136343,Optical,Wired,,Both,Red
336988,136344,Optical,Wired,,,White / Red
336989,136345,Optical,Wireless,,Both,Blue
336990,136346,Laser,Wireless,1600,Right,Black
336991,136347,Optical,Wireless,,Right,Black
336992,136348,Optical,Wireless,1000,Both,Black / Gold
336993,136349,Optical,Wireless,1000,Both,Black / Purple
336994,136350,Optical,Wireless,1000,Both,Black / White
336995,136351,Optical,Wired,,Both,Silver
336996,136352,Laser,Wired,1600,,Black
336997,136353,Optical,Wireless,,,Beige / Black
336998,136354,Optical,Wireless,800,Both,Black
336999,136355,Laser,Wired,6500,Both,Black
337000,136356,Optical,Wired,1600,Both,Black
337001,136357,Optical,Wireless,,,Purple
337002,136358,Optical,Wired,800,,Black
337003,136359,Optical,Wired,800,,Black
337004,136360,Optical,Wireless,,,Purple
337005,136361,Optical,Wired,,Both,Silver
337006,136362,Laser,Wireless,,Right,Black
337007,136363,Optical,Wireless,1600,Both,White
337008,136364,Laser,Wired,5600,Right,Black
337009,136365,Laser,Wired,5600,,Black
337010,136366,Optical,Wireless,,Both,Black
337011,136367,Optical,Wireless,1000,,Black
337012,136368,Laser,Wireless,,Both,Blue
337013,136369,Optical,Wireless,1000,Right,Silver
337014,136370,Laser,Wired,1600,Both,White
337015,136371,Laser,Wireless,1200,Both,Black
337016,136372,Optical,Wireless,,Both,Black
337017,136373,Optical,Wireless,,,Gray
337018,136374,Optical,Wireless,,,Black
337019,136375,Optical,Wireless,1000,Right,Black
337020,136376,Optical,Wireless,,Right,Black
337021,136377,Laser,Wired,5600,Right,Black / Gray
337022,136378,Optical,Wired,1000,Both,Black
337023,136379,Laser,Wireless,1200,Both,Black
337024,136380,Laser,Wired,1600,Right,Black
337025,136381,Laser,Wireless,1600,,Black
337026,136382,Optical,Wireless,1600,,Black
337027,136383,Laser,Wireless,1600,Both,Brown
337028,136384,Laser,Bluetooth Wireless,,Both,Black / White
337029,136385,Laser,Wireless,1600,Right,White
337030,136386,Laser,Wired,2000,Right,Black
337031,136387,Laser,Wired,1600,Both,Black
337032,136388,Optical,Wireless,1600,Right,Black
337033,136389,Optical,Bluetooth Wireless,1200,Both,Black
337034,136390,Optical,Wireless,,,Black
337035,136391,Optical,Wireless,,Both,Black
337036,136392,Optical,Wired,,Both,Black
337037,136393,Optical,Wireless,1600,,Black / Silver
337038,136394,Optical,Wired,,Both,White
337039,136395,Optical,Wired,,Both,Blue
337040,136396,Optical,Wireless,,,Blue
337041,136397,Optical,Wireless,,Both,Black
337042,136398,Optical,Wireless,1000,Both,Black
337043,136399,Optical,Wired,800,Both,Red / Silver
337044,136400,Optical,Wireless,,,Red
337045,136401,Optical,Wireless,,,Black
337046,136402,Optical,Wired,,Both,Black / White
337047,136403,Optical,Wired,,Both,Silver / Black
337048,136404,Laser,Wired,,,Black
