power_supply_id,product_id,form_factor,efficiency_rating,wattage,modular,color
350101,136678,ATX,80+ Gold,750 W,Full,Black
350102,136679,ATX,80+ Bronze,550 W,Semi,
350103,136680,ATX,80+ Gold,650 W,Full,Black / Silver
350104,136681,ATX,80+ Bronze,500 W,No,
350105,136682,ATX,80+ Bronze,650 W,Semi,
350106,136683,ATX,80+ Gold,750 W,Full,
350107,136684,ATX,80+ Bronze,600 W,Semi,
350108,136685,ATX,80+ Gold,850 W,Full,Black
350109,136686,ATX,80+ Bronze,450 W,Semi,
350110,136687,ATX,80+ Gold,650 W,Full,
350111,136688,ATX,80+ Gold,550 W,Full,
350112,136689,ATX,80+ Gold,650 W,Full,Black
350113,136690,ATX,80+ Titanium,1600 W,Full,
350114,136691,ATX,80+ Gold,550 W,Semi,
350115,136692,ATX,80+ Gold,850 W,Full,Black
350116,136693,ATX,80+,500 W,No,
350117,136694,ATX,80+ Gold,750 W,Full,Black
350118,136695,ATX,80+ Bronze,600 W,No,
350119,136696,ATX,80+ Bronze,450 W,No,
350120,136697,ATX,80+ Gold,650 W,Semi,
350121,136698,ATX,80+ Bronze,750 W,Semi,
350122,136699,ATX,80+ Gold,650 W,Semi,
350123,136700,ATX,80+,550 W,No,
350124,136701,ATX,80+ Bronze,550 W,No,
350125,136702,SFX,80+ Platinum,600 W,Full,Black
350126,136703,ATX,80+,500 W,No,
350127,136704,ATX,80+ Platinum,1000 W,Full,
350128,136705,ATX,,400 W,No,
350129,136706,ATX,80+ Platinum,1200 W,Full,Black
350130,136707,ATX,80+ Bronze,520 W,Full,
350131,136708,ATX,80+,600 W,No,
350132,136709,ATX,80+ Gold,850 W,Full,
350133,136710,ATX,80+ Bronze,450 W,No,
350134,136711,ATX,80+ Bronze,500 W,Semi,
350135,136712,SFX,80+ Platinum,750 W,Full,
350136,136713,ATX,80+ Gold,750 W,Full,White / Black
350137,136714,ATX,80+ Gold,600 W,No,Black
350138,136715,ATX,80+ Gold,550 W,Full,Black / Silver
350139,136716,ATX,80+ Gold,500 W,No,Black
350140,136717,ATX,80+,650 W,No,
350141,136718,SFX,80+ Gold,550 W,Full,Black
350142,136719,ATX,80+ Gold,650 W,Full,Black
350143,136720,ATX,80+ Gold,700 W,No,Black
350144,136721,ATX,80+ Gold,1000 W,Full,
350145,136722,ATX,80+,450 W,No,
350146,136723,ATX,80+ Gold,750 W,Semi,
350147,136724,ATX,80+ Platinum,750 W,Full,
350148,136725,ATX,80+ Gold,850 W,Full,White / Black
350149,136726,ATX,80+ Gold,1300 W,Full,
350150,136727,ATX,80+ Bronze,650 W,Semi,
350151,136728,SFX,80+ Gold,450 W,Full,Black
350152,136729,ATX,80+ Gold,650 W,Full,Black / Green
350153,136730,ATX,80+ Bronze,750 W,Full,
350154,136731,ATX,80+ Gold,650 W,Full,
350155,136732,ATX,80+ Titanium,1000 W,Full,Black / Silver
350156,136733,ATX,80+ Bronze,650 W,No,
350157,136734,SFX,80+ Gold,600 W,Full,
350158,136735,ATX,80+ Gold,750 W,Semi,
350159,136736,ATX,80+ Bronze,500 W,No,Black
350160,136737,ATX,80+ Gold,750 W,Semi,Black
350161,136738,ATX,80+ Gold,750 W,Full,Black
350162,136739,ATX,80+ Titanium,1600 W,Full,
350163,136740,SFX,80+ Gold,650 W,Full,Black
350164,136741,ATX,80+ Platinum,850 W,Full,
350165,136742,ATX,,300 W,No,
350166,136743,ATX,80+ Gold,750 W,Full,
350167,136744,ATX,80+ Gold,550 W,Full,
350168,136745,ATX,80+ Bronze,750 W,Semi,
350169,136746,ATX,80+ Bronze,700 W,No,
350170,136747,ATX,80+ Gold,1000 W,Full,
350171,136748,ATX,80+ Bronze,400 W,No,Black
350172,136749,ATX,80+ Gold,750 W,Full,
350173,136750,ATX,80+ Gold,650 W,Full,Black
350174,136751,ATX,80+ Bronze,700 W,Semi,Black
350175,136752,ATX,80+ Bronze,550 W,Full,
350176,136753,ATX,80+ Gold,750 W,Full,Black
350177,136754,ATX,80+ Gold,650 W,Full,
350178,136755,ATX,80+ Platinum,750 W,Full,
350179,136756,ATX,80+ Platinum,1200 W,Full,
350180,136757,ATX,80+,600 W,No,
350181,136758,ATX,80+ Bronze,750 W,Full,
350182,136759,ATX,80+ Platinum,750 W,Full,
350183,136760,ATX,80+ Gold,500 W,Semi,Black
350184,136761,ATX,80+ Bronze,550 W,Semi,
350185,136762,ATX,80+,700 W,No,
350186,136763,ATX,80+ Titanium,650 W,Full,
350187,136764,SFX,80+ Platinum,450 W,Full,Black
350188,136765,ATX,80+ Platinum,1200 W,Full,
350189,136766,ATX,80+ Platinum,2000 W,Full,
350190,136767,ATX,80+ Titanium,850 W,Full,Black / Silver
350191,136768,ATX,80+ Gold,550 W,Full,Black
350192,136769,ATX,,480 W,No,
350193,136770,ATX,80+ Gold,1800 W,Full,Black
350194,136771,ATX,80+,600 W,No,
350195,136772,ATX,80+ Bronze,500 W,No,Black
350196,136773,ATX,80+ Bronze,450 W,No,
350197,136774,ATX,80+ Bronze,550 W,No,Black
350198,136775,ATX,80+ Titanium,1500 W,Full,
350199,136776,ATX,80+ Bronze,500 W,No,Black
350200,136777,ATX,80+ Gold,600 W,Semi,Black
350201,136778,ATX,80+ Gold,750 W,Full,
350202,136779,ATX,80+ Bronze,650 W,Semi,
350203,136780,ATX,80+ Gold,850 W,Full,
350204,136781,ATX,80+,400 W,No,Black
350205,136782,SFX,80+ Gold,450 W,Full,
350206,136783,ATX,80+,500 W,No,Black
350207,136784,ATX,80+ Bronze,600 W,Semi,
350208,136785,ATX,80+ Gold,550 W,Full,Black
350209,136786,ATX,80+ Gold,850 W,Full,
350210,136787,ATX,80+ Bronze,620 W,Full,
350211,136788,ATX,80+ Bronze,600 W,Semi,
350212,136789,ATX,80+ Titanium,750 W,Full,
350213,136790,ATX,80+ Platinum,850 W,Full,Black / Red
350214,136791,ATX,80+ Gold,650 W,Semi,
350215,136792,ATX,80+ Platinum,1600 W,Full,
350216,136793,SFX,80+ Bronze,300 W,No,
350217,136794,ATX,80+ Bronze,650 W,No,
350218,136795,ATX,80+ Platinum,850 W,Full,
350219,136796,ATX,80+ Gold,850 W,Full,Black / Green
350220,136797,ATX,80+ Bronze,750 W,No,
350221,136798,ATX,80+ Bronze,620 W,No,
350222,136799,SFX,80+ Gold,650 W,Full,Black
350223,136800,ATX,80+ Bronze,650 W,No,Black
350224,136801,ATX,80+ Gold,650 W,Full,
350225,136802,ATX,80+ Gold,650 W,Full,Black
350226,136803,ATX,80+ Bronze,850 W,Full,
350227,136804,ATX,80+ Gold,650 W,Full,
350228,136805,ATX,,650 W,No,
350229,136806,ATX,80+ Platinum,1300 W,Full,Black
350230,136807,ATX,80+ Titanium,1000 W,Full,
350231,136808,ATX,80+ Gold,850 W,Full,
350232,136809,ATX,80+ Gold,500 W,No,Black
350233,136810,ATX,80+ Gold,650 W,Full,
350234,136811,ATX,80+ Platinum,650 W,Full,
350235,136812,ATX,80+ Gold,750 W,Full,Black / Green
350236,136813,ATX,80+ Gold,1000 W,No,
350237,136814,ATX,80+ Bronze,650 W,Full,
350238,136815,ATX,80+ Gold,450 W,Semi,
350239,136816,ATX,80+ Platinum,1000 W,Full,
350240,136817,ATX,80+ Platinum,1000 W,Full,
350241,136818,ATX,80+,450 W,No,Black
350242,136819,ATX,80+ Titanium,1000 W,Full,
350243,136820,ATX,80+ Platinum,850 W,Full,
350244,136821,SFX,80+ Bronze,450 W,No,
350245,136822,ATX,80+ Platinum,650 W,Full,
350246,136823,ATX,80+ Titanium,850 W,Full,
350247,136824,ATX,80+ Bronze,400 W,No,Black
350248,136825,ATX,80+ Bronze,500 W,Semi,
350249,136826,ATX,80+ Gold,1050 W,Full,
350250,136827,ATX,80+ Gold,550 W,Full,
350251,136828,ATX,80+ Gold,850 W,Full,
350252,136829,ATX,80+ Platinum,850 W,Full,
350253,136830,ATX,80+ Gold,650 W,Full,Black
350254,136831,ATX,80+ Bronze,500 W,No,
350255,136832,ATX,80+ Bronze,550 W,Semi,
350256,136833,ATX,,750 W,No,
350257,136834,ATX,80+ Bronze,520 W,Full,Black
350258,136835,ATX,80+ Gold,850 W,Semi,
350259,136836,ATX,80+ Bronze,535 W,Semi,Black / Blue
350260,136837,ATX,80+ Bronze,550 W,No,Black
350261,136838,ATX,80+ Bronze,600 W,No,Black
350262,136839,ATX,80+ Gold,750 W,Full,Black / Red
350263,136840,ATX,80+ Silver,650 W,Semi,Black
350264,136841,ATX,80+ Gold,750 W,Full,
350265,136842,ATX,80+ Gold,750 W,Full,Black
350266,136843,ATX,,500 W,No,
350267,136844,ATX,,550 W,No,
350268,136845,ATX,80+ Bronze,600 W,No,
350269,136846,ATX,80+,700 W,No,
350270,136847,ATX,,500 W,No,Black
350271,136848,SFX,80+ Gold,450 W,Full,Black
350272,136849,ATX,80+ Bronze,750 W,Semi,Black / White
350273,136850,ATX,80+,400 W,No,Black
350274,136851,ATX,80+ Titanium,850 W,Full,
350275,136852,ATX,80+ Bronze,450 W,No,Black
350276,136853,ATX,80+ Gold,550 W,Full,
350277,136854,ATX,80+ Platinum,1200 W,Full,Black / Silver
350278,136855,ATX,,350 W,No,
350279,136856,ATX,80+ Gold,550 W,Full,White
350280,136857,ATX,80+ Gold,550 W,Full,
350281,136858,ATX,80+ Gold,850 W,Full,Black
350282,136859,ATX,80+ Gold,850 W,Full,
350283,136860,ATX,80+ Bronze,520 W,No,
350284,136861,ATX,80+ Gold,750 W,Full,
350285,136862,SFX,80+ Gold,500 W,Full,
350286,136863,ATX,80+ Platinum,1200 W,Full,
350287,136864,ATX,80+ Platinum,1200 W,Full,
350288,136865,ATX,80+ Gold,600 W,Semi,
350289,136866,ATX,80+,430 W,No,
350290,136867,ATX,80+ Gold,650 W,Full,Black / Yellow
350291,136868,ATX,80+ Gold,550 W,Full,
350292,136869,ATX,80+ Gold,850 W,Semi,
350293,136870,ATX,80+,600 W,No,
350294,136871,ATX,80+ Bronze,1000 W,Semi,
350295,136872,ATX,80+,500 W,No,Black
350296,136873,ATX,80+ Gold,650 W,Semi,Black
350297,136874,ATX,,500 W,No,
350298,136875,ATX,80+ Bronze,800 W,Semi,
350299,136876,ATX,80+ Bronze,850 W,Semi,
350300,136877,ATX,80+ Bronze,750 W,Semi,Black
350301,136878,ATX,80+ Gold,1000 W,Full,
350302,136879,ATX,80+ Gold,1000 W,Full,
350303,136880,ATX,80+ Platinum,1200 W,Full,Black
350304,136881,ATX,80+ Gold,750 W,Semi,
350305,136882,ATX,80+ Platinum,550 W,Full,
350306,136883,ATX,80+ Bronze,750 W,No,
350307,136884,ATX,80+,500 W,No,
350308,136885,ATX,80+ Gold,1000 W,Semi,
350309,136886,SFX,80+ Titanium,800 W,Full,
350310,136887,ATX,80+ Titanium,600 W,Full,Black
350311,136888,ATX,80+ Bronze,650 W,Semi,Black
350312,136889,ATX,80+ Bronze,700 W,No,
350313,136890,ATX,80+ Platinum,750 W,Full,
350314,136891,ATX,80+ Gold,600 W,Semi,Black
350315,136892,ATX,80+ Platinum,650 W,Full,Black
350316,136893,ATX,80+ Bronze,300 W,No,Black
350317,136894,ATX,80+ Gold,1000 W,Full,Black
350318,136895,ATX,80+ Gold,650 W,Full,Black
350319,136896,ATX,80+ Gold,650 W,Full,Black / Red
350320,136897,ATX,80+ Bronze,500 W,No,
350321,136898,ATX,80+ Gold,600 W,No,Black
350322,136899,ATX,80+ Bronze,500 W,No,Black
350323,136900,ATX,80+ Gold,1200 W,Full,
350324,136901,ATX,80+ Gold,500 W,Full,Black
350325,136902,ATX,80+ Gold,1300 W,Full,
350326,136903,ATX,,500 W,No,
350327,136904,ATX,80+ Gold,550 W,Semi,
350328,136905,ATX,80+ Bronze,600 W,Semi,Black / Red
350329,136906,ATX,80+ Gold,400 W,Semi,Black
350330,136907,ATX,80+ Platinum,550 W,Full,Black
350331,136908,ATX,80+ Gold,850 W,Full,
350332,136909,ATX,80+ Gold,1200 W,Semi,
350333,136910,ATX,80+ Bronze,430 W,Semi,
350334,136911,ATX,,450 W,No,
350335,136912,ATX,80+ Bronze,450 W,Full,
350336,136913,ATX,80+ Bronze,550 W,No,Black
350337,136914,ATX,80+ Bronze,500 W,No,Black
350338,136915,ATX,80+ Gold,550 W,Semi,Black
350339,136916,ATX,80+ Bronze,500 W,No,Black
350340,136917,ATX,80+ Silver,750 W,Semi,
350341,136918,ATX,80+,500 W,No,Black
350342,136919,ATX,80+ Titanium,800 W,Full,
350343,136920,ATX,80+ Platinum,760 W,Full,Black
350344,136921,ATX,80+ Bronze,450 W,No,Black
350345,136922,ATX,80+ Gold,850 W,Full,
350346,136923,ATX,80+ Gold,650 W,Full,
350347,136924,ATX,80+ Gold,750 W,Full,
350348,136925,ATX,80+ Gold,650 W,Full,Black
350349,136926,ATX,80+ Gold,750 W,Full,
350350,136927,ATX,80+ Gold,550 W,Full,Black
350351,136928,ATX,80+ Bronze,650 W,No,Black
350352,136929,ATX,80+ Titanium,1500 W,Full,
350353,136930,ATX,80+ Gold,850 W,Full,
350354,136931,ATX,80+ Gold,400 W,No,Black
350355,136932,ATX,80+ Bronze,650 W,Full,
350356,136933,ATX,80+,600 W,No,
350357,136934,ATX,80+ Gold,600 W,No,Black
350358,136935,SFX,80+ Gold,450 W,Full,
350359,136936,ATX,80+ Gold,750 W,Full,Black
350360,136937,ATX,80+ Gold,850 W,Full,
350361,136938,SFX,80+ Gold,500 W,Full,Black
350362,136939,ATX,80+ Bronze,850 W,Full,
350363,136940,ATX,80+ Gold,550 W,Full,
350364,136941,ATX,80+ Gold,650 W,Full,Black
350365,136942,ATX,80+ Titanium,1250 W,Full,
350366,136943,ATX,80+ Gold,550 W,Full,Black
350367,136944,ATX,,650 W,No,
350368,136945,ATX,80+ Bronze,650 W,No,Black
350369,136946,ATX,80+,500 W,No,Black
350370,136947,ATX,80+ Gold,650 W,Full,
350371,136948,ATX,80+ Gold,1000 W,Full,Black / Green
350372,136949,ATX,80+ Gold,550 W,Full,Black
350373,136950,ATX,80+ Platinum,760 W,Full,
350374,136951,ATX,,430 W,No,
350375,136952,ATX,80+ Platinum,860 W,Full,Black
350376,136953,ATX,80+ Gold,1000 W,Full,Black
350377,136954,ATX,80+ Bronze,535 W,Semi,Black
350378,136955,ATX,80+ Gold,850 W,Full,Black
350379,136956,ATX,,530 W,Semi,
350380,136957,ATX,80+ Gold,1600 W,Full,
350381,136958,ATX,80+ Gold,650 W,Full,
350382,136959,ATX,80+ Platinum,1000 W,Full,Black
350383,136960,ATX,80+ Gold,650 W,Full,
350384,136961,ATX,,400 W,No,
350385,136962,SFX,80+ Gold,650 W,Full,Black
350386,136963,ATX,80+ Platinum,860 W,Full,
350387,136964,ATX,,550 W,No,
350388,136965,ATX,80+ Bronze,700 W,Semi,
350389,136966,ATX,80+ Gold,650 W,Full,
350390,136967,Flex ATX,80+ Gold,400 W,No,
350391,136968,ATX,80+ Gold,750 W,Full,Black
350392,136969,ATX,80+ Bronze,750 W,Semi,
350393,136970,ATX,80+ Platinum,850 W,Semi,
350394,136971,ATX,80+ Gold,1000 W,Full,
350395,136972,ATX,80+ Titanium,1300 W,Full,Black / Blue
350396,136973,ATX,80+ Gold,850 W,Full,Black / Silver
350397,136974,ATX,80+ Gold,700 W,Semi,Black
350398,136975,ATX,80+ Platinum,750 W,Full,Black
350399,136976,ATX,80+ Gold,650 W,Full,
350400,136977,ATX,80+ Gold,650 W,Full,
350401,136978,ATX,80+ Platinum,660 W,Full,Black
350402,136979,SFX,80+ Gold,600 W,Full,
350403,136980,ATX,80+ Bronze,500 W,No,Black / Gold
350404,136981,ATX,80+ Gold,1200 W,No,
350405,136982,ATX,80+ Gold,750 W,Full,
350406,136983,ATX,80+ Gold,850 W,Full,Black
350407,136984,ATX,80+ Gold,750 W,No,
350408,136985,ATX,80+ Bronze,850 W,Semi,Black / White
350409,136986,ATX,80+ Gold,750 W,Full,
350410,136987,ATX,80+ Gold,850 W,Full,
350411,136988,ATX,,450 W,No,
350412,136989,ATX,80+ Gold,450 W,Full,
350413,136990,ATX,80+ Bronze,850 W,Semi,
350414,136991,ATX,80+ Titanium,1000 W,Full,Black
350415,136992,ATX,80+ Bronze,500 W,Semi,Black
350416,136993,ATX,80+ Platinum,1200 W,Full,Black
350417,136994,ATX,80+ Gold,750 W,No,
350418,136995,ATX,80+ Bronze,550 W,No,Black
350419,136996,ATX,,550 W,No,
350420,136997,ATX,80+ Bronze,550 W,No,Black
350421,136998,ATX,80+ Bronze,650 W,No,Black
350422,136999,ATX,,600 W,No,
350423,137000,ATX,80+ Titanium,700 W,Full,
350424,137001,ATX,80+ Bronze,635 W,Semi,
350425,137002,ATX,80+ Bronze,700 W,No,Black
350426,137003,ATX,80+ Bronze,450 W,No,
350427,137004,ATX,80+ Titanium,750 W,Full,White
350428,137005,ATX,80+,600 W,No,Black
350429,137006,ATX,80+ Bronze,735 W,Semi,
350430,137007,ATX,80+ Platinum,750 W,Full,Black
350431,137008,ATX,80+ Gold,750 W,Full,
350432,137009,ATX,80+ Bronze,750 W,Semi,Black
350433,137010,ATX,,550 W,No,
350434,137011,ATX,,350 W,No,
350435,137012,ATX,80+ Platinum,1000 W,Full,
350436,137013,ATX,80+ Bronze,600 W,No,
350437,137014,ATX,80+ Gold,800 W,Semi,
350438,137015,ATX,80+ Bronze,600 W,Full,
350439,137016,ATX,80+,500 W,No,
350440,137017,ATX,80+ Gold,650 W,Semi,
350441,137018,Flex ATX,80+ Gold,300 W,No,
350442,137019,ATX,80+ Gold,550 W,Full,
350443,137020,ATX,80+ Bronze,650 W,No,
350444,137021,ATX,80+ Gold,850 W,Full,
350445,137022,ATX,80+ Platinum,550 W,Full,
350446,137023,ATX,80+,700 W,No,
350447,137024,ATX,80+ Bronze,1050 W,Semi,Black
350448,137025,ATX,80+ Silver,600 W,Semi,
350449,137026,ATX,80+ Platinum,1000 W,Full,Black / Silver
350450,137027,ATX,80+ Bronze,735 W,Semi,Black
350451,137028,ATX,80+ Platinum,750 W,Semi,
350452,137029,ATX,80+ Platinum,650 W,Semi,
350453,137030,ATX,80+ Platinum,860 W,Full,
350454,137031,ATX,80+ Gold,750 W,Semi,
350455,137032,ATX,80+,500 W,No,
350456,137033,ATX,80+ Gold,650 W,Semi,
350457,137034,ATX,80+ Gold,700 W,No,Black
350458,137035,ATX,80+ Gold,650 W,Semi,Black / Blue
350459,137036,ATX,80+ Gold,750 W,Full,Black / Yellow
350460,137037,ATX,80+ Gold,650 W,Full,Black
350461,137038,ATX,80+ Platinum,400 W,Full,
350462,137039,ATX,80+ Bronze,500 W,No,
350463,137040,SFX,,250 W,No,
350464,137041,ATX,80+ Platinum,1050 W,Full,Black
350465,137042,ATX,80+ Bronze,550 W,No,Black
350466,137043,ATX,80+,500 W,No,Black / Red
350467,137044,ATX,80+ Gold,750 W,Full,
350468,137045,ATX,80+ Bronze,550 W,Semi,
350469,137046,ATX,80+ Gold,850 W,Full,
350470,137047,ATX,80+ Bronze,550 W,No,Black
350471,137048,ATX,,730 W,Semi,
350472,137049,ATX,80+ Gold,550 W,No,Black
350473,137050,ATX,80+ Gold,1600 W,Semi,
350474,137051,ATX,80+ Gold,550 W,Semi,
350475,137052,ATX,80+ Gold,650 W,Full,
350476,137053,ATX,80+ Gold,1050 W,Semi,
350477,137054,ATX,80+ Bronze,600 W,No,Black
350478,137055,ATX,80+ Bronze,500 W,Semi,Black
350479,137056,ATX,80+ Gold,550 W,No,
350480,137057,ATX,80+ Platinum,1200 W,Semi,
350481,137058,ATX,80+ Gold,750 W,Full,Black / Silver
350482,137059,ATX,80+ Bronze,550 W,No,Black
350483,137060,ATX,80+ Bronze,750 W,No,
350484,137061,ATX,80+ Bronze,750 W,No,
350485,137062,ATX,80+ Platinum,850 W,Semi,Black
350486,137063,ATX,80+ Bronze,700 W,No,
350487,137064,ATX,80+ Gold,1000 W,Full,
350488,137065,ATX,80+ Platinum,850 W,Full,Black
350489,137066,ATX,80+ Gold,850 W,Full,Silver / Black
350490,137067,ATX,80+,550 W,No,
350491,137068,SFX,80+ Gold,600 W,Full,Black
350492,137069,ATX,80+ Bronze,550 W,No,
350493,137070,ATX,80+ Gold,1300 W,Full,Black
350494,137071,ATX,80+ Gold,650 W,Semi,
350495,137072,ATX,80+ Platinum,850 W,Full,Black
350496,137073,ATX,80+ Gold,750 W,Full,Black
350497,137074,ATX,80+ Bronze,1000 W,Semi,
350498,137075,ATX,,400 W,No,
350499,137076,ATX,80+ Titanium,850 W,Full,Black
350500,137077,ATX,80+ Platinum,1000 W,Full,Black
350501,137078,ATX,80+ Gold,850 W,Full,Black
350502,137079,ATX,80+ Platinum,850 W,Full,
350503,137080,ATX,80+ Bronze,350 W,No,Black
350504,137081,ATX,80+ Bronze,650 W,Semi,
350505,137082,ATX,80+ Bronze,650 W,No,Black
350506,137083,ATX,80+ Bronze,450 W,Semi,Black
350507,137084,ATX,80+ Gold,800 W,Semi,
350508,137085,ATX,80+ Platinum,750 W,Semi,Black
350509,137086,ATX,80+ Bronze,380 W,No,
350510,137087,ATX,80+ Bronze,450 W,No,Black
350511,137088,ATX,80+ Bronze,650 W,No,Black
350512,137089,ATX,80+ Gold,650 W,Full,Black
350513,137090,ATX,,500 W,No,
350514,137091,SFX,80+ Bronze,450 W,No,Black
350515,137092,ATX,80+ Platinum,1250 W,Full,Black
350516,137093,ATX,80+ Bronze,850 W,Semi,
350517,137094,Micro ATX,,300 W,No,
350518,137095,ATX,80+,500 W,No,
350519,137096,ATX,80+ Gold,750 W,Full,
350520,137097,ATX,80+ Bronze,750 W,No,Black
350521,137098,ATX,80+ Gold,750 W,Semi,
350522,137099,ATX,,650 W,No,
350523,137100,ATX,80+ Gold,650 W,Full,Black
350524,137101,ATX,80+ Gold,1000 W,Full,
350525,137102,ATX,80+ Gold,850 W,Full,Black / Yellow
350526,137103,ATX,80+ Gold,1000 W,Full,Silver / Black
350527,137104,Flex ATX,80+ Platinum,600 W,No,Silver
350528,137105,ATX,80+ Platinum,1000 W,Semi,
350529,137106,ATX,,750 W,Semi,
350530,137107,SFX,80+ Gold,650 W,Full,
350531,137108,ATX,80+ Bronze,550 W,No,Black
350532,137109,ATX,80+ Gold,550 W,Semi,
350533,137110,ATX,80+ Gold,850 W,Full,
350534,137111,ATX,80+ Bronze,650 W,Semi,
350535,137112,SFX,80+ Platinum,700 W,Full,
350536,137113,ATX,80+ Gold,650 W,No,Black
350537,137114,ATX,80+ Titanium,600 W,Full,
350538,137115,ATX,80+ Gold,750 W,Semi,Black
350539,137116,ATX,80+,600 W,No,Black / Red
350540,137117,ATX,80+ Gold,650 W,Semi,Black
350541,137118,ATX,80+ Platinum,1000 W,Semi,Black
350542,137119,ATX,80+ Gold,750 W,Semi,Black
350543,137120,ATX,80+ Gold,500 W,No,Black
350544,137121,ATX,80+ Gold,850 W,Full,Black
350545,137122,ATX,,450 W,No,
350546,137123,ATX,80+ Bronze,750 W,No,Black
350547,137124,ATX,80+ Bronze,500 W,No,
350548,137125,ATX,80+,430 W,No,
350549,137126,ATX,80+ Gold,1600 W,Full,
350550,137127,ATX,80+ Gold,550 W,Semi,Black
350551,137128,ATX,80+ Bronze,600 W,No,Black
350552,137129,ATX,,450 W,No,
350553,137130,ATX,80+ Gold,650 W,Full,
350554,137131,ATX,80+,600 W,No,
350555,137132,ATX,80+ Gold,850 W,Full,
350556,137133,ATX,80+ Gold,750 W,Full,Black
350557,137134,ATX,,630 W,Semi,
350558,137135,ATX,80+ Gold,750 W,Full,
350559,137136,ATX,,500 W,No,Black / Red
350560,137137,ATX,80+ Gold,700 W,No,Black / Gold
350561,137138,ATX,80+ Silver,600 W,No,
350562,137139,Flex ATX,80+ Gold,350 W,No,Black
350563,137140,ATX,80+ Platinum,650 W,Full,Black
350564,137141,ATX,80+ Gold,500 W,Semi,Black
350565,137142,ATX,80+ Bronze,550 W,Semi,
350566,137143,ATX,80+ Gold,550 W,Full,
350567,137144,ATX,80+ Titanium,1250 W,Full,
350568,137145,ATX,80+ Gold,750 W,No,
350569,137146,ATX,80+ Platinum,1300 W,Full,
350570,137147,ATX,,650 W,No,
350571,137148,ATX,80+,450 W,No,Black
350572,137149,ATX,80+ Gold,650 W,No,
350573,137150,ATX,80+,600 W,No,
350574,137151,ATX,80+ Platinum,550 W,Full,Black
350575,137152,ATX,80+ Titanium,750 W,Full,
350576,137153,ATX,,450 W,No,Black
350577,137154,TFX,80+ Bronze,300 W,No,Black
350578,137155,ATX,80+ Gold,750 W,Full,
350579,137156,ATX,80+ Bronze,550 W,No,Black
350580,137157,ATX,80+ Gold,500 W,No,Black / Gold
350581,137158,ATX,80+ Gold,650 W,No,Black
350582,137159,ATX,80+ Gold,550 W,Full,
350583,137160,ATX,80+ Gold,450 W,Full,
350584,137161,ATX,80+ Bronze,650 W,No,
350585,137162,ATX,80+ Bronze,430 W,No,
350586,137163,ATX,80+ Bronze,430 W,No,
350587,137164,ATX,80+ Bronze,750 W,No,
350588,137165,ATX,80+ Platinum,1200 W,Full,
350589,137166,ATX,80+ Gold,550 W,Full,
350590,137167,ATX,80+ Platinum,1350 W,Full,Black
350591,137168,ATX,80+,600 W,No,
350592,137169,ATX,80+ Bronze,850 W,Semi,
350593,137170,ATX,80+ Gold,550 W,Semi,
350594,137171,ATX,80+ Gold,750 W,No,Black
350595,137172,ATX,80+ Platinum,550 W,Semi,
350596,137173,ATX,80+ Platinum,850 W,Full,Black
350597,137174,ATX,80+ Gold,750 W,No,Black / Yellow
350598,137175,ATX,80+ Bronze,650 W,Semi,
350599,137176,SFX,80+ Gold,450 W,Full,Black
350600,137177,ATX,80+ Gold,550 W,No,
350601,137178,ATX,80+ Bronze,650 W,No,Black
350602,137179,ATX,80+ Bronze,300 W,No,
350603,137180,ATX,80+,650 W,No,
350604,137181,ATX,80+ Gold,750 W,Full,
350605,137182,ATX,80+ Bronze,700 W,Semi,Black
350606,137183,ATX,80+ Silver,1600 W,Semi,
350607,137184,ATX,80+ Gold,650 W,No,Black
350608,137185,ATX,80+ Gold,450 W,No,
350609,137186,ATX,80+ Platinum,1000 W,Full,Black
350610,137187,ATX,80+ Gold,550 W,Semi,Black
350611,137188,ATX,80+ Gold,550 W,No,Black / Yellow
350612,137189,ATX,80+ Gold,650 W,Full,
350613,137190,ATX,80+ Gold,750 W,Full,
350614,137191,ATX,80+ Gold,750 W,Semi,
350615,137192,SFX,80+ Platinum,450 W,Full,Black / Blue
350616,137193,ATX,80+ Bronze,850 W,Semi,
350617,137194,ATX,80+ Bronze,450 W,No,
350618,137195,ATX,80+ Bronze,750 W,Semi,
350619,137196,ATX,80+ Platinum,650 W,Full,White
350620,137197,ATX,80+ Gold,400 W,No,
350621,137198,ATX,80+ Gold,1200 W,Semi,
350622,137199,ATX,,430 W,No,
350623,137200,ATX,80+ Bronze,500 W,No,
350624,137201,ATX,80+ Bronze,450 W,No,
350625,137202,ATX,80+ Bronze,400 W,Semi,
350626,137203,ATX,80+ Gold,650 W,Full,
350627,137204,ATX,80+ Bronze,1000 W,Full,
350628,137205,ATX,80+ Gold,850 W,Semi,
350629,137206,Mini ITX,80+ Bronze,300 W,No,
350630,137207,ATX,80+ Gold,650 W,Semi,
350631,137208,ATX,80+ Bronze,700 W,No,Black / White
350632,137209,ATX,80+,550 W,No,
350633,137210,ATX,,500 W,No,
350634,137211,ATX,80+ Gold,500 W,Semi,Black
350635,137212,ATX,80+ Bronze,550 W,Semi,Black
350636,137213,ATX,80+ Bronze,750 W,Semi,
350637,137214,ATX,80+ Platinum,460 W,Full,
350638,137215,Flex ATX,80+ Silver,500 W,No,
350639,137216,ATX,80+ Platinum,1200 W,Full,
350640,137217,ATX,80+ Gold,750 W,Full,Black
350641,137218,ATX,80+ Gold,650 W,Full,Black
350642,137219,ATX,80+ Gold,1200 W,Full,
350643,137220,ATX,80+,400 W,No,
350644,137221,ATX,80+ Bronze,700 W,No,
350645,137222,ATX,80+ Bronze,550 W,Semi,Black
350646,137223,ATX,80+ Bronze,750 W,Semi,
350647,137224,ATX,80+ Platinum,650 W,Full,
350648,137225,Flex ATX,80+ Bronze,400 W,No,
350649,137226,ATX,80+ Gold,850 W,Full,Black / Silver
350650,137227,ATX,80+ Bronze,620 W,Semi,
350651,137228,ATX,80+ Bronze,600 W,No,
350652,137229,Flex ATX,80+ Platinum,500 W,No,
350653,137230,ATX,80+ Bronze,1000 W,Semi,
350654,137231,ATX,80+ Bronze,700 W,Full,
350655,137232,ATX,80+ Bronze,750 W,Semi,
350656,137233,ATX,80+ Bronze,400 W,No,
350657,137234,ATX,80+ Bronze,650 W,Semi,
350658,137235,ATX,80+ Bronze,650 W,No,
350659,137236,ATX,80+ Gold,450 W,Semi,
350660,137237,ATX,80+ Platinum,1200 W,Full,
350661,137238,ATX,80+ Gold,650 W,Full,
350662,137239,SFX,80+ Gold,500 W,Full,
350663,137240,ATX,80+ Bronze,750 W,Semi,Black / Gray
350664,137241,ATX,80+ Gold,650 W,Full,
350665,137242,ATX,80+,500 W,Semi,
350666,137243,ATX,80+ Gold,750 W,Full,
350667,137244,ATX,80+,750 W,No,
350668,137245,ATX,80+ Gold,450 W,No,
350669,137246,ATX,80+ Gold,550 W,No,
350670,137247,ATX,80+ Gold,750 W,Full,Black
350671,137248,ATX,80+ Gold,1050 W,Semi,
350672,137249,ATX,80+ Gold,1000 W,Semi,
350673,137250,ATX,80+ Bronze,600 W,No,Black
350674,137251,ATX,80+,550 W,No,
350675,137252,ATX,80+ Gold,650 W,Semi,
350676,137253,ATX,80+ Bronze,800 W,No,
350677,137254,ATX,80+,500 W,No,
350678,137255,ATX,80+,500 W,No,
350679,137256,ATX,80+ Platinum,850 W,Full,
350680,137257,ATX,80+ Bronze,500 W,Semi,
350681,137258,ATX,80+ Gold,650 W,Full,Black / Orange
350682,137259,ATX,80+ Gold,750 W,Full,Black
350683,137260,ATX,80+ Gold,700 W,Full,
350684,137261,ATX,80+,650 W,No,
350685,137262,ATX,80+ Titanium,1100 W,Full,Black / Blue
350686,137263,ATX,80+ Bronze,650 W,Full,
350687,137264,ATX,80+ Bronze,350 W,No,
350688,137265,ATX,80+ Gold,1000 W,Full,Black
350689,137266,ATX,80+ Bronze,850 W,Semi,
350690,137267,ATX,80+ Platinum,850 W,Full,
350691,137268,ATX,80+ Gold,750 W,No,
350692,137269,ATX,80+ Gold,1350 W,Full,Black
350693,137270,ATX,80+ Bronze,650 W,Semi,
350694,137271,ATX,80+ Gold,550 W,Full,
350695,137272,ATX,,400 W,No,
350696,137273,ATX,80+ Platinum,1200 W,Full,Black
350697,137274,ATX,,500 W,No,
350698,137275,ATX,80+ Bronze,850 W,Semi,
350699,137276,ATX,80+ Platinum,1000 W,Full,
350700,137277,ATX,80+ Bronze,750 W,Full,
350701,137278,ATX,80+ Gold,550 W,Full,Black
350702,137279,ATX,,550 W,No,
350703,137280,ATX,80+ Bronze,650 W,Full,
350704,137281,ATX,80+ Bronze,500 W,No,
350705,137282,ATX,80+,600 W,Semi,
350706,137283,ATX,80+ Gold,1500 W,Full,
350707,137284,ATX,80+ Gold,1000 W,Full,Black
350708,137285,ATX,80+ Bronze,650 W,Semi,Black
350709,137286,SFX,80+ Gold,500 W,Full,
350710,137287,ATX,80+,630 W,No,
350711,137288,ATX,80+ Bronze,1000 W,Semi,
350712,137289,ATX,80+ Gold,850 W,Full,Black
350713,137290,ATX,80+ Titanium,1500 W,Full,
350714,137291,ATX,80+ Bronze,550 W,No,
350715,137292,Micro ATX,,180 W,No,
350716,137293,ATX,80+ Platinum,1000 W,Full,
350717,137294,ATX,80+ Gold,1200 W,Semi,Black / Gold
350718,137295,ATX,80+ Platinum,750 W,Full,
350719,137296,ATX,80+ Gold,450 W,Full,
350720,137297,ATX,80+ Gold,550 W,No,Black
350721,137298,ATX,80+ Gold,650 W,Full,
350722,137299,ATX,80+ Bronze,850 W,Full,Black
350723,137300,ATX,80+,650 W,No,Black / Multicolor
350724,137301,SFX,80+ Gold,600 W,Full,
350725,137302,ATX,80+ Gold,750 W,Semi,
350726,137303,ATX,80+ Bronze,500 W,Semi,
350727,137304,ATX,80+ Gold,750 W,No,
350728,137305,Mini ITX,80+ Bronze,400 W,No,
350729,137306,ATX,80+ Gold,500 W,No,
350730,137307,ATX,80+ Bronze,750 W,Semi,
350731,137308,ATX,80+ Gold,750 W,Semi,
350732,137309,ATX,80+,650 W,No,
350733,137310,ATX,80+ Gold,600 W,No,
350734,137311,ATX,80+ Bronze,650 W,Semi,
350735,137312,ATX,80+ Gold,650 W,Semi,Black
350736,137313,ATX,,500 W,No,
350737,137314,ATX,80+,400 W,No,
350738,137315,ATX,80+,1000 W,Semi,
350739,137316,ATX,80+ Gold,600 W,No,Black / Gold
350740,137317,ATX,80+ Gold,750 W,Semi,
350741,137318,ATX,80+ Bronze,850 W,Full,
350742,137319,ATX,80+ Platinum,760 W,Full,
350743,137320,ATX,80+ Gold,750 W,Full,
350744,137321,ATX,80+ Bronze,800 W,No,
350745,137322,ATX,80+ Gold,500 W,No,
350746,137323,ATX,80+ Bronze,630 W,Semi,
350747,137324,ATX,80+ Gold,750 W,Semi,Black / Blue
350748,137325,ATX,80+ Gold,700 W,Semi,
350749,137326,ATX,80+ Gold,750 W,Semi,
350750,137327,ATX,80+ Bronze,550 W,Semi,Black / Gray
350751,137328,ATX,80+ Bronze,400 W,No,
350752,137329,ATX,80+,600 W,No,Black
350753,137330,ATX,80+ Platinum,850 W,Full,Black
350754,137331,ATX,80+ Bronze,500 W,No,
350755,137332,ATX,,650 W,No,Black / Red
350756,137333,ATX,80+ Gold,550 W,Full,
350757,137334,ATX,80+ Gold,650 W,No,Black
350758,137335,ATX,80+ Platinum,850 W,Full,Black
350759,137336,ATX,80+ Bronze,650 W,Semi,
350760,137337,ATX,80+ Bronze,450 W,Semi,
350761,137338,ATX,80+ Bronze,500 W,No,Black
350762,137339,ATX,80+ Bronze,550 W,Semi,
350763,137340,ATX,80+,700 W,Semi,
350764,137341,SFX,80+ Gold,550 W,Full,
350765,137342,ATX,,600 W,No,Black / Red
350766,137343,ATX,80+ Bronze,650 W,Semi,
350767,137344,ATX,80+ Gold,850 W,Full,
350768,137345,ATX,80+ Gold,1000 W,Full,
350769,137346,ATX,80+ Platinum,850 W,Full,Black
350770,137347,SFX,80+ Gold,500 W,Full,Black
350771,137348,ATX,80+ Gold,1500 W,Semi,
350772,137349,ATX,80+ Gold,350 W,No,
350773,137350,ATX,80+ Gold,650 W,Semi,
350774,137351,ATX,80+ Bronze,600 W,Semi,
350775,137352,SFX,80+ Platinum,700 W,Full,Black
350776,137353,ATX,80+ Gold,750 W,Full,Black
350777,137354,ATX,80+ Bronze,650 W,No,Black / Multicolor
350778,137355,ATX,80+ Bronze,750 W,Semi,
350779,137356,ATX,80+ Platinum,1050 W,Full,
350780,137357,ATX,80+ Gold,850 W,Full,Black
350781,137358,TFX,80+ Bronze,300 W,No,Silver
350782,137359,ATX,80+ Bronze,350 W,No,
350783,137360,ATX,80+ Platinum,550 W,Full,Black
350784,137361,ATX,80+ Gold,750 W,Full,Black
350785,137362,ATX,80+ Bronze,700 W,Full,
350786,137363,ATX,80+ Titanium,1200 W,Full,
350787,137364,ATX,,700 W,No,Black / Red
350788,137365,ATX,80+ Bronze,850 W,Semi,
350789,137366,ATX,80+ Gold,750 W,Full,
350790,137367,ATX,80+ Gold,550 W,Semi,
350791,137368,ATX,80+ Titanium,1500 W,Full,Black / Blue
350792,137369,ATX,80+ Titanium,1500 W,Full,
350793,137370,ATX,80+ Gold,750 W,Semi,
350794,137371,ATX,80+ Gold,650 W,Semi,Black / Red
350795,137372,SFX,80+ Bronze,300 W,No,
350796,137373,ATX,80+ Platinum,1200 W,Full,Black / Multicolor
350797,137374,ATX,80+,500 W,No,
350798,137375,ATX,80+ Gold,650 W,Semi,
350799,137376,ATX,80+ Bronze,500 W,No,
350800,137377,ATX,80+ Platinum,650 W,Full,
350801,137378,ATX,80+ Gold,750 W,Full,Black / Orange
350802,137379,ATX,80+ Gold,1050 W,Full,Black
350803,137380,TFX,80+ Gold,350 W,Full,
350804,137381,ATX,80+ Platinum,1200 W,Full,
350805,137382,ATX,80+ Bronze,530 W,No,Black / Red
350806,137383,ATX,80+ Bronze,800 W,Semi,Black
350807,137384,ATX,80+ Gold,850 W,Full,Black
350808,137385,ATX,80+ Platinum,650 W,Full,Black
350809,137386,ATX,80+ Gold,1000 W,Semi,
350810,137387,ATX,80+ Platinum,750 W,Full,
350811,137388,ATX,,400 W,No,Black / Red
350812,137389,ATX,80+ Silver,400 W,Semi,
350813,137390,ATX,80+,530 W,No,
350814,137391,ATX,80+ Bronze,850 W,Full,Black
350815,137392,ATX,80+ Bronze,550 W,Semi,
350816,137393,ATX,80+ Gold,480 W,Full,
350817,137394,ATX,80+ Bronze,750 W,No,
350818,137395,ATX,80+ Bronze,650 W,Semi,
350819,137396,ATX,80+,730 W,No,
350820,137397,ATX,80+ Gold,1000 W,Semi,
350821,137398,ATX,80+ Bronze,400 W,No,
350822,137399,ATX,80+,700 W,No,
350823,137400,ATX,80+ Bronze,500 W,No,
350824,137401,ATX,80+,300 W,No,
350825,137402,ATX,80+ Bronze,380 W,No,
350826,137403,ATX,80+ Gold,850 W,Full,
350827,137404,ATX,80+ Gold,650 W,No,
350828,137405,ATX,80+ Bronze,1000 W,Semi,
350829,137406,ATX,80+ Silver,600 W,No,Black
350830,137407,ATX,80+ Platinum,660 W,Full,
350831,137408,ATX,80+ Gold,500 W,Semi,Black
350832,137409,ATX,80+ Bronze,350 W,No,
350833,137410,ATX,80+ Gold,850 W,Full,
350834,137411,ATX,,350 W,No,
350835,137412,ATX,80+,550 W,No,
350836,137413,ATX,80+ Bronze,650 W,Semi,Black / Gray
350837,137414,ATX,80+ Gold,850 W,Full,
350838,137415,ATX,80+ Gold,700 W,No,
350839,137416,ATX,80+ Gold,850 W,Full,
350840,137417,ATX,80+ Gold,2000 W,No,Black
350841,137418,ATX,80+ Bronze,500 W,No,
350842,137419,ATX,80+ Gold,650 W,Full,
350843,137420,ATX,80+ Gold,650 W,Full,
350844,137421,ATX,80+ Platinum,1000 W,Full,
350845,137422,ATX,80+ Bronze,620 W,No,
350846,137423,ATX,80+ Bronze,800 W,No,
350847,137424,ATX,80+ Bronze,500 W,No,
350848,137425,ATX,80+ Platinum,1000 W,Full,
350849,137426,ATX,80+ Platinum,1000 W,Full,Black
350850,137427,ATX,80+ Gold,1000 W,Semi,
350851,137428,ATX,80+ Gold,550 W,Semi,
350852,137429,ATX,80+ Bronze,550 W,No,
350853,137430,ATX,,680 W,Semi,
350854,137431,ATX,80+ Gold,650 W,No,
350855,137432,ATX,80+,700 W,No,
350856,137433,Micro ATX,,320 W,No,
350857,137434,ATX,80+ Gold,850 W,Semi,
350858,137435,ATX,80+ Gold,650 W,Semi,
350859,137436,SFX,80+ Platinum,750 W,Full,
350860,137437,ATX,80+ Bronze,600 W,No,Black
350861,137438,ATX,80+ Bronze,750 W,No,
350862,137439,ATX,80+ Gold,650 W,Full,
350863,137440,ATX,80+,600 W,Full,
350864,137441,ATX,80+ Titanium,1000 W,Full,
350865,137442,ATX,80+ Bronze,500 W,No,Black
350866,137443,ATX,80+ Bronze,900 W,No,
350867,137444,ATX,80+ Bronze,850 W,Semi,
350868,137445,ATX,80+ Bronze,650 W,No,Black
350869,137446,ATX,,950 W,No,
350870,137447,SFX,80+ Gold,600 W,Full,Black
350871,137448,ATX,80+ Bronze,450 W,No,
350872,137449,TFX,,200 W,No,
350873,137450,ATX,80+ Bronze,850 W,Semi,
350874,137451,ATX,,850 W,No,
350875,137452,ATX,80+ Gold,360 W,No,
350876,137453,ATX,80+ Gold,850 W,Full,
350877,137454,ATX,80+ Gold,750 W,Semi,
350878,137455,ATX,80+ Bronze,700 W,Full,
350879,137456,ATX,,500 W,No,Black
350880,137457,ATX,80+ Gold,750 W,Full,
350881,137458,ATX,80+ Bronze,300 W,No,
350882,137459,ATX,80+ Gold,850 W,Full,
350883,137460,ATX,80+ Platinum,520 W,Full,
350884,137461,ATX,80+ Gold,800 W,Full,Black / Gold
350885,137462,ATX,80+ Platinum,1050 W,Full,
350886,137463,ATX,80+ Bronze,750 W,Full,
350887,137464,ATX,,725 W,Semi,
350888,137465,ATX,80+ Bronze,850 W,Semi,
350889,137466,ATX,80+ Bronze,600 W,Semi,
350890,137467,ATX,80+ Gold,850 W,Full,
350891,137468,ATX,80+ Titanium,750 W,Full,
350892,137469,ATX,80+ Bronze,300 W,No,Silver
350893,137470,ATX,80+ Bronze,650 W,No,
350894,137471,ATX,80+ Gold,450 W,No,
350895,137472,ATX,,550 W,No,
350896,137473,ATX,80+ Titanium,850 W,Full,
350897,137474,ATX,80+,800 W,No,
350898,137475,ATX,80+ Gold,550 W,No,
350899,137476,ATX,80+ Silver,550 W,Full,
350900,137477,ATX,80+ Bronze,750 W,No,
350901,137478,ATX,80+ Gold,600 W,No,
350902,137479,ATX,80+ Gold,550 W,Full,
350903,137480,ATX,,500 W,No,Black / Green
350904,137481,ATX,80+,650 W,No,
350905,137482,ATX,80+ Gold,850 W,Full,Black
350906,137483,ATX,80+,550 W,Semi,
350907,137484,ATX,80+,850 W,No,
350908,137485,ATX,80+,620 W,Full,
350909,137486,ATX,80+ Bronze,850 W,No,
350910,137487,ATX,80+ Bronze,750 W,Semi,
350911,137488,ATX,80+ Gold,1000 W,Semi,Black
350912,137489,ATX,80+ Platinum,1000 W,Full,
350913,137490,ATX,,450 W,No,Black / Red
350914,137491,ATX,80+,500 W,No,
350915,137492,ATX,80+,500 W,No,
350916,137493,ATX,80+ Silver,1500 W,No,
350917,137494,ATX,80+ Silver,1200 W,Semi,
350918,137495,ATX,80+ Gold,650 W,Semi,
350919,137496,ATX,,500 W,No,
350920,137497,ATX,80+ Bronze,450 W,No,Black
350921,137498,Flex ATX,80+ Gold,500 W,No,
350922,137499,ATX,80+ Gold,550 W,No,Black
350923,137500,ATX,80+ Gold,1000 W,Full,
350924,137501,ATX,80+ Platinum,1300 W,Full,Black
350925,137502,TFX,,300 W,No,
350926,137503,ATX,80+ Bronze,500 W,No,
350927,137504,ATX,80+ Gold,1000 W,Full,
350928,137505,ATX,80+ Bronze,600 W,No,
350929,137506,ATX,80+ Gold,750 W,Semi,Black
350930,137507,ATX,80+ Gold,750 W,Semi,
350931,137508,ATX,,600 W,No,
350932,137509,ATX,80+ Gold,1000 W,Full,
350933,137510,ATX,80+ Silver,500 W,No,
350934,137511,ATX,80+ Bronze,500 W,No,Black
350935,137512,ATX,,450 W,No,
350936,137513,ATX,80+ Gold,650 W,No,
350937,137514,ATX,,900 W,No,
350938,137515,ATX,80+ Bronze,1200 W,Semi,
350939,137516,ATX,80+ Gold,750 W,Full,Black
350940,137517,ATX,,700 W,No,
350941,137518,ATX,80+ Bronze,550 W,Full,
350942,137519,ATX,80+ Gold,650 W,No,Black
350943,137520,ATX,80+ Gold,750 W,No,
350944,137521,ATX,80+ Gold,750 W,No,
350945,137522,ATX,80+ Bronze,750 W,No,
350946,137523,ATX,80+ Gold,650 W,Full,
350947,137524,ATX,80+ Gold,1000 W,Semi,
350948,137525,ATX,80+ Bronze,800 W,Semi,
350949,137526,ATX,80+ Titanium,1250 W,Full,Black / Silver
350950,137527,Flex ATX,,220 W,No,
350951,137528,ATX,80+ Bronze,620 W,No,
350952,137529,ATX,80+ Bronze,750 W,Full,
350953,137530,ATX,80+ Bronze,520 W,Semi,
350954,137531,ATX,80+ Gold,550 W,Full,
350955,137532,SFX,80+ Bronze,300 W,No,Black
350956,137533,ATX,80+ Platinum,760 W,Full,
350957,137534,ATX,80+ Platinum,1500 W,Full,
350958,137535,ATX,80+,630 W,No,
350959,137536,ATX,,600 W,No,
350960,137537,ATX,,700 W,No,
350961,137538,ATX,,460 W,No,
350962,137539,ATX,80+,650 W,No,
350963,137540,ATX,80+ Bronze,600 W,Semi,
350964,137541,ATX,80+ Gold,660 W,Full,
350965,137542,ATX,80+ Gold,1000 W,Full,
350966,137543,ATX,,700 W,No,
350967,137544,ATX,80+ Bronze,450 W,Semi,
350968,137545,ATX,80+ Gold,650 W,No,
350969,137546,ATX,80+ Gold,430 W,Semi,
350970,137547,ATX,80+ Gold,450 W,Semi,
350971,137548,ATX,80+ Gold,750 W,Semi,
350972,137549,ATX,,500 W,No,
350973,137550,ATX,80+ Bronze,550 W,Semi,Black
350974,137551,ATX,80+ Bronze,750 W,Semi,
350975,137552,ATX,80+ Bronze,650 W,Semi,
350976,137553,ATX,80+ Bronze,750 W,Semi,
350977,137554,ATX,80+ Bronze,600 W,No,
350978,137555,SFX,80+ Gold,650 W,Full,Black
350979,137556,ATX,80+ Bronze,750 W,Semi,Black
350980,137557,ATX,80+ Silver,750 W,No,
350981,137558,ATX,80+ Gold,850 W,Full,Black
350982,137559,ATX,80+ Bronze,530 W,Semi,
350983,137560,AT,80+ Platinum,560 W,Full,Black
350984,137561,ATX,80+,600 W,No,
350985,137562,ATX,80+ Gold,850 W,Semi,
350986,137563,ATX,,500 W,Semi,
350987,137564,ATX,80+ Gold,850 W,Semi,
350988,137565,ATX,,700 W,No,
350989,137566,ATX,80+ Bronze,500 W,Full,
350990,137567,SFX,80+ Bronze,450 W,No,
350991,137568,ATX,80+ Platinum,750 W,Full,
350992,137569,ATX,80+ Silver,850 W,No,
350993,137570,ATX,80+ Gold,600 W,No,
350994,137571,ATX,80+ Bronze,550 W,No,
350995,137572,ATX,80+ Gold,750 W,Semi,
350996,137573,ATX,80+ Gold,750 W,Full,Black / Silver
350997,137574,ATX,80+ Titanium,650 W,Full,
350998,137575,ATX,80+ Gold,850 W,Semi,
350999,137576,BTX,80+ Titanium,1600 W,Full,Black
351000,137577,ATX,80+ Platinum,850 W,Full,
351001,137578,ATX,80+ Gold,1000 W,Semi,Black
351002,137579,ATX,80+ Platinum,860 W,Full,
351003,137580,ATX,80+ Gold,850 W,Full,
351004,137581,ATX,80+ Silver,600 W,Semi,
351005,137582,ATX,80+ Bronze,750 W,No,Black / Multicolor
351006,137583,ATX,,600 W,No,
351007,137584,ATX,80+ Gold,400 W,Full,
351008,137585,ATX,80+,600 W,No,
351009,137586,ATX,80+ Bronze,800 W,No,
351010,137587,ATX,80+ Gold,750 W,Full,
351011,137588,ATX,80+ Gold,650 W,Semi,
351012,137589,ATX,,585 W,No,
351013,137590,ATX,80+ Gold,650 W,Full,
351014,137591,ATX,80+,700 W,No,
351015,137592,ATX,80+ Gold,750 W,Full,
351016,137593,ATX,80+ Gold,750 W,Full,
351017,137594,ATX,80+ Titanium,650 W,Full,Black
351018,137595,ATX,80+ Gold,850 W,Full,
351019,137596,ATX,80+ Bronze,500 W,No,
351020,137597,ATX,80+ Platinum,800 W,Semi,
351021,137598,ATX,80+ Gold,700 W,Full,
351022,137599,ATX,80+ Silver,910 W,No,
351023,137600,ATX,80+ Titanium,1200 W,Full,
351024,137601,ATX,80+ Bronze,630 W,Semi,Black / Orange
351025,137602,ATX,80+ Platinum,600 W,Semi,
351026,137603,ATX,80+ Bronze,500 W,No,
351027,137604,ATX,80+ Silver,850 W,Full,
351028,137605,ATX,80+ Gold,650 W,Full,
351029,137606,ATX,,500 W,No,Black
351030,137607,ATX,80+ Gold,550 W,Semi,Black / Red
351031,137608,Micro ATX,,350 W,No,
351032,137609,ATX,80+ Bronze,650 W,Full,
351033,137610,ATX,80+ Platinum,1200 W,Full,
351034,137611,ATX,80+ Bronze,500 W,No,
351035,137612,ATX,80+ Gold,750 W,Full,
351036,137613,ATX,80+ Gold,1250 W,Full,
351037,137614,ATX,80+ Platinum,750 W,Full,Black
351038,137615,ATX,80+ Gold,1000 W,Semi,
351039,137616,ATX,80+,550 W,No,Black / Multicolor
351040,137617,ATX,80+ Bronze,450 W,No,
351041,137618,ATX,80+,750 W,Semi,
351042,137619,ATX,80+ Bronze,650 W,No,
351043,137620,ATX,80+ Gold,800 W,No,
351044,137621,ATX,80+ Silver,400 W,No,
351045,137622,SFX,80+ Bronze,600 W,No,
351046,137623,ATX,80+ Bronze,625 W,Full,
351047,137624,ATX,80+ Bronze,850 W,Semi,
351048,137625,ATX,80+ Bronze,430 W,No,
351049,137626,ATX,80+ Bronze,735 W,Semi,
351050,137627,ATX,80+ Bronze,700 W,No,
351051,137628,ATX,80+ Gold,450 W,Semi,
351052,137629,ATX,80+ Gold,750 W,Full,
351053,137630,ATX,80+ Platinum,1200 W,Full,
351054,137631,ATX,80+ Bronze,750 W,Semi,
351055,137632,ATX,80+ Bronze,550 W,Full,
351056,137633,ATX,,600 W,No,
351057,137634,ATX,80+ Gold,700 W,Semi,
351058,137635,ATX,80+ Bronze,500 W,Semi,Black
351059,137636,SFX,80+ Gold,300 W,No,
351060,137637,SFX,80+ Bronze,400 W,No,
351061,137638,ATX,80+ Gold,650 W,Semi,
351062,137639,TFX,80+ Bronze,300 W,No,Black
351063,137640,ATX,80+ Gold,1250 W,Full,
351064,137641,ATX,80+ Bronze,550 W,Full,
351065,137642,ATX,,700 W,No,
351066,137643,ATX,,500 W,No,
351067,137644,ATX,,650 W,No,
351068,137645,ATX,80+ Gold,850 W,Semi,
351069,137646,ATX,80+,600 W,No,
351070,137647,ATX,80+,450 W,No,
351071,137648,ATX,,700 W,No,
351072,137649,ATX,80+ Gold,1050 W,Full,
351073,137650,ATX,80+,400 W,No,Black
351074,137651,ATX,80+ Silver,650 W,No,
351075,137652,ATX,80+ Bronze,1000 W,No,
351076,137653,ATX,80+ Gold,850 W,Full,Black / Red
351077,137654,ATX,80+ Gold,550 W,Full,Black
351078,137655,TFX,,275 W,No,
351079,137656,ATX,80+ Platinum,1050 W,Full,
351080,137657,ATX,80+ Bronze,520 W,No,
351081,137658,TFX,80+ Bronze,300 W,No,Silver
351082,137659,ATX,80+ Bronze,700 W,Semi,Black
351083,137660,ATX,80+,600 W,No,
351084,137661,ATX,80+ Silver,500 W,Semi,
351085,137662,ATX,80+ Gold,850 W,Semi,
351086,137663,ATX,80+ Gold,750 W,Full,Black / Multicolor
351087,137664,ATX,,650 W,No,
351088,137665,ATX,80+ Bronze,750 W,Semi,Black
351089,137666,ATX,80+ Bronze,650 W,Semi,White / Black
351090,137667,ATX,80+ Platinum,1050 W,Full,Black
351091,137668,ATX,,600 W,No,
351092,137669,ATX,80+ Platinum,520 W,Full,
351093,137670,ATX,80+ Gold,650 W,Full,Black / Silver
351094,137671,ATX,80+ Gold,700 W,Full,
351095,137672,ATX,80+ Gold,850 W,Full,
351096,137673,BTX,80+ Titanium,750 W,Full,Black
351097,137674,ATX,80+ Platinum,1200 W,Full,
351098,137675,TFX,80+ Bronze,300 W,No,
351099,137676,ATX,80+,630 W,No,
351100,137677,ATX,80+ Gold,1000 W,Semi,
351101,137678,ATX,80+ Platinum,1050 W,Full,
351102,137679,ATX,80+ Platinum,1000 W,Full,
351103,137680,ATX,80+ Bronze,500 W,No,
351104,137681,ATX,80+ Bronze,600 W,No,
351105,137682,ATX,80+ Silver,750 W,No,
351106,137683,ATX,80+ Gold,1200 W,Full,
351107,137684,ATX,,400 W,No,
351108,137685,ATX,80+ Gold,1000 W,Semi,
351109,137686,ATX,80+ Bronze,750 W,No,
351110,137687,ATX,80+ Bronze,850 W,Semi,
351111,137688,ATX,80+ Gold,650 W,No,
351112,137689,SFX,,300 W,No,
351113,137690,TFX,80+ Gold,300 W,No,
351114,137691,ATX,,550 W,No,
351115,137692,ATX,80+ Gold,600 W,Semi,
351116,137693,ATX,80+ Silver,850 W,Full,
351117,137694,ATX,80+ Silver,750 W,Full,
351118,137695,ATX,80+ Gold,800 W,Semi,
351119,137696,ATX,80+ Bronze,650 W,No,
351120,137697,ATX,80+ Gold,550 W,No,
351121,137698,ATX,80+,500 W,No,Black
351122,137699,ATX,80+,630 W,No,
351123,137700,ATX,80+ Bronze,950 W,No,
351124,137701,ATX,,500 W,No,
351125,137702,ATX,80+ Bronze,750 W,Semi,
351126,137703,ATX,80+,600 W,No,
351127,137704,ATX,80+ Bronze,400 W,No,Black
351128,137705,ATX,80+,400 W,No,
351129,137706,ATX,80+,550 W,No,
351130,137707,ATX,80+ Titanium,1000 W,Full,
351131,137708,ATX,80+ Gold,600 W,Semi,
351132,137709,ATX,80+ Bronze,620 W,Semi,
351133,137710,ATX,,400 W,No,
351134,137711,ATX,80+ Bronze,600 W,No,
351135,137712,ATX,80+ Bronze,650 W,No,
351136,137713,TFX,80+ Bronze,300 W,No,
351137,137714,ATX,80+ Bronze,400 W,No,
351138,137715,ATX,80+ Platinum,650 W,Full,
351139,137716,ATX,80+ Silver,400 W,Semi,
351140,137717,ATX,80+ Gold,750 W,Semi,Black / Red
351141,137718,ATX,,600 W,No,
351142,137719,Mini ITX,80+,220 W,No,
351143,137720,ATX,80+ Gold,750 W,No,
351144,137721,ATX,80+,550 W,No,
351145,137722,ATX,80+ Bronze,600 W,No,
351146,137723,ATX,80+ Bronze,700 W,No,
351147,137724,ATX,,525 W,No,
351148,137725,ATX,80+ Gold,550 W,Full,Black / Orange
351149,137726,ATX,80+ Gold,650 W,Semi,
351150,137727,ATX,80+ Gold,550 W,No,
351151,137728,ATX,80+ Bronze,500 W,Semi,
351152,137729,ATX,80+ Bronze,750 W,Full,
351153,137730,ATX,80+ Gold,750 W,Full,
351154,137731,ATX,80+ Platinum,1000 W,Full,
351155,137732,ATX,80+ Titanium,750 W,Full,Black
351156,137733,ATX,,460 W,No,
351157,137734,ATX,80+ Titanium,850 W,Full,
351158,137735,Mini ITX,80+ Bronze,300 W,No,
351159,137736,ATX,80+ Titanium,1200 W,Full,
351160,137737,ATX,80+ Bronze,600 W,No,
351161,137738,ATX,80+ Gold,650 W,Semi,Black
351162,137739,ATX,80+ Gold,500 W,No,
351163,137740,ATX,80+ Gold,1200 W,Semi,
351164,137741,ATX,80+ Gold,750 W,Semi,
351165,137742,ATX,80+ Gold,750 W,No,Black
351166,137743,ATX,80+ Gold,1300 W,Semi,
351167,137744,ATX,80+ Bronze,430 W,No,Black / Red
351168,137745,ATX,80+ Bronze,430 W,No,
351169,137746,ATX,80+ Bronze,1000 W,No,
351170,137747,ATX,80+ Gold,1050 W,Full,
351171,137748,ATX,80+ Bronze,850 W,Full,
351172,137749,ATX,80+ Bronze,1000 W,Semi,
351173,137750,ATX,80+ Gold,750 W,Semi,
351174,137751,ATX,80+,530 W,No,
351175,137752,ATX,80+ Silver,950 W,No,
351176,137753,ATX,80+ Platinum,1200 W,Full,
351177,137754,ATX,,700 W,No,
351178,137755,ATX,80+ Bronze,650 W,No,
351179,137756,ATX,80+,600 W,No,
351180,137757,ATX,,550 W,No,
351181,137758,ATX,80+ Gold,700 W,No,
351182,137759,SFX,80+ Bronze,400 W,No,
351183,137760,ATX,80+ Silver,1050 W,Semi,
351184,137761,ATX,80+ Bronze,350 W,No,
351185,137762,ATX,,500 W,No,
351186,137763,ATX,80+ Platinum,1200 W,Full,
351187,137764,ATX,80+ Gold,450 W,No,
351188,137765,ATX,80+ Gold,750 W,Full,Black / Red
351189,137766,ATX,80+ Gold,850 W,Full,
351190,137767,ATX,80+ Platinum,650 W,No,
351191,137768,ATX,80+ Silver,500 W,Semi,
351192,137769,ATX,80+ Bronze,500 W,No,
351193,137770,ATX,80+ Gold,1200 W,Full,
351194,137771,ATX,,850 W,No,
351195,137772,ATX,80+ Gold,550 W,Semi,
351196,137773,ATX,80+,550 W,Semi,
351197,137774,ATX,80+ Bronze,400 W,No,
351198,137775,ATX,80+,700 W,No,
351199,137776,ATX,80+ Silver,850 W,Semi,
351200,137777,ATX,80+ Gold,450 W,No,
351201,137778,ATX,80+ Gold,850 W,Full,Black
351202,137779,ATX,,500 W,No,
351203,137780,ATX,80+,300 W,No,
351204,137781,ATX,80+ Gold,500 W,No,
351205,137782,Mini ITX,,220 W,No,
351206,137783,ATX,80+ Gold,600 W,No,
351207,137784,ATX,80+ Gold,450 W,No,
351208,137785,ATX,80+,550 W,No,
351209,137786,ATX,80+ Platinum,700 W,Semi,
351210,137787,ATX,80+ Gold,650 W,Semi,
351211,137788,ATX,80+ Gold,550 W,Semi,
351212,137789,ATX,80+ Platinum,750 W,Full,
351213,137790,ATX,80+ Silver,1500 W,Semi,
351214,137791,ATX,80+ Bronze,500 W,No,
351215,137792,ATX,80+ Bronze,520 W,No,
351216,137793,ATX,80+ Gold,1350 W,Full,Black / Gold
351217,137794,ATX,80+ Bronze,500 W,No,
351218,137795,ATX,80+ Gold,500 W,No,
351219,137796,ATX,80+ Gold,850 W,Full,
351220,137797,SFX,80+ Gold,500 W,Full,Black
351221,137798,ATX,,450 W,No,
351222,137799,ATX,80+ Gold,1250 W,Full,
351223,137800,ATX,80+ Gold,1650 W,No,Black
351224,137801,ATX,,650 W,No,
351225,137802,ATX,80+ Bronze,450 W,No,
351226,137803,ATX,80+ Bronze,750 W,Semi,
351227,137804,ATX,,500 W,No,
351228,137805,ATX,80+,600 W,No,
351229,137806,ATX,80+ Gold,800 W,Semi,
351230,137807,ATX,80+ Bronze,500 W,Full,
351231,137808,ATX,80+,800 W,No,
351232,137809,ATX,80+,500 W,No,
351233,137810,ATX,80+,350 W,No,
351234,137811,ATX,80+ Bronze,600 W,Semi,
351235,137812,ATX,80+ Bronze,350 W,No,Black
351236,137813,ATX,80+ Bronze,720 W,Semi,
351237,137814,Mini ITX,80+,250 W,No,
351238,137815,TFX,,420 W,No,
351239,137816,ATX,80+ Bronze,850 W,No,
351240,137817,ATX,80+ Gold,800 W,Semi,Black / Gold
351241,137818,ATX,80+ Bronze,500 W,No,
351242,137819,ATX,80+ Bronze,500 W,No,
351243,137820,ATX,80+ Gold,550 W,Semi,
351244,137821,ATX,80+ Bronze,450 W,No,
351245,137822,ATX,80+ Platinum,650 W,Full,Black
351246,137823,ATX,,650 W,No,
351247,137824,ATX,80+ Gold,450 W,Full,
351248,137825,ATX,80+ Gold,850 W,Semi,
351249,137826,ATX,80+ Gold,450 W,No,
351250,137827,ATX,80+ Bronze,550 W,Semi,
351251,137828,SFX,80+,300 W,No,
351252,137829,ATX,80+ Platinum,1200 W,Full,
351253,137830,ATX,80+ Gold,700 W,Semi,
351254,137831,ATX,,350 W,No,
351255,137832,ATX,80+ Gold,800 W,Semi,
351256,137833,ATX,80+ Gold,650 W,Full,
351257,137834,ATX,80+ Bronze,650 W,Semi,
351258,137835,ATX,80+ Gold,650 W,Full,Black
351259,137836,ATX,80+ Platinum,600 W,Full,Black
351260,137837,ATX,,650 W,Full,
351261,137838,ATX,80+ Platinum,460 W,Full,
351262,137839,ATX,80+ Bronze,600 W,Semi,
351263,137840,ATX,80+ Bronze,550 W,No,Black
351264,137841,ATX,80+ Gold,450 W,No,Black
351265,137842,ATX,,750 W,No,
351266,137843,Mini ITX,80+,270 W,No,
351267,137844,ATX,80+ Gold,750 W,Semi,Black
351268,137845,ATX,80+ Platinum,600 W,Semi,
351269,137846,ATX,80+ Bronze,750 W,Semi,
351270,137847,ATX,80+ Silver,1000 W,Semi,
351271,137848,ATX,80+ Gold,1100 W,Full,
351272,137849,ATX,80+ Gold,1000 W,Full,
351273,137850,ATX,80+ Gold,600 W,No,
351274,137851,ATX,80+ Bronze,850 W,Full,
351275,137852,BTX,80+ Titanium,1000 W,Full,Black
351276,137853,ATX,80+ Gold,750 W,Full,
351277,137854,ATX,80+ Silver,600 W,Full,
351278,137855,ATX,80+ Gold,600 W,No,
351279,137856,ATX,80+ Bronze,850 W,Full,
351280,137857,ATX,80+,650 W,No,
351281,137858,ATX,80+ Platinum,850 W,Semi,
351282,137859,ATX,80+ Gold,650 W,Full,Black / Multicolor
351283,137860,Micro ATX,,380 W,No,
351284,137861,ATX,80+ Gold,850 W,Full,
351285,137862,ATX,80+ Bronze,700 W,Semi,
351286,137863,ATX,80+ Bronze,850 W,No,
351287,137864,ATX,80+ Silver,550 W,No,
351288,137865,ATX,80+ Platinum,550 W,Semi,
351289,137866,ATX,80+ Gold,750 W,Semi,
351290,137867,ATX,80+ Bronze,700 W,Semi,
351291,137868,ATX,80+ Gold,580 W,Semi,
351292,137869,ATX,80+ Bronze,650 W,No,
351293,137870,ATX,80+ Platinum,520 W,Full,
351294,137871,ATX,80+ Gold,450 W,Semi,
351295,137872,ATX,80+ Bronze,350 W,No,
351296,137873,ATX,,350 W,No,
351297,137874,ATX,,350 W,No,
351298,137875,ATX,80+ Bronze,400 W,No,
351299,137876,ATX,80+ Bronze,750 W,Semi,
351300,137877,ATX,,1050 W,No,
351301,137878,ATX,80+ Bronze,650 W,No,
351302,137879,ATX,80+ Gold,1000 W,Semi,
351303,137880,ATX,80+ Gold,550 W,No,
351304,137881,ATX,80+ Platinum,760 W,Full,
351305,137882,ATX,80+ Gold,1200 W,Semi,
351306,137883,ATX,80+ Platinum,750 W,Full,
351307,137884,ATX,,500 W,No,Silver
351308,137885,ATX,,600 W,No,
351309,137886,ATX,80+,750 W,No,
351310,137887,Mini ITX,,250 W,No,
351311,137888,ATX,80+ Bronze,300 W,No,
351312,137889,ATX,80+,530 W,No,
351313,137890,ATX,80+ Bronze,775 W,Full,
351314,137891,ATX,80+ Bronze,500 W,No,
351315,137892,ATX,80+ Bronze,700 W,No,Black
351316,137893,ATX,80+ Gold,400 W,No,
351317,137894,ATX,80+ Bronze,650 W,No,
351318,137895,ATX,80+ Bronze,550 W,Semi,White / Black
351319,137896,ATX,80+ Gold,1500 W,Full,
351320,137897,ATX,80+ Bronze,535 W,Semi,
351321,137898,ATX,80+ Bronze,700 W,No,
351322,137899,ATX,80+ Bronze,750 W,Semi,Black
351323,137900,ATX,80+ Bronze,700 W,No,
351324,137901,ATX,80+ Platinum,1200 W,Full,
351325,137902,ATX,80+ Bronze,750 W,No,
351326,137903,ATX,80+ Bronze,700 W,Semi,
351327,137904,ATX,80+ Titanium,750 W,Full,Black
351328,137905,ATX,80+ Platinum,1000 W,Semi,
351329,137906,ATX,80+ Bronze,650 W,Semi,
351330,137907,ATX,80+ Gold,850 W,Semi,
351331,137908,ATX,80+ Platinum,850 W,Full,
351332,137909,ATX,80+ Gold,750 W,Semi,
351333,137910,ATX,80+ Bronze,630 W,No,Black / Red
351334,137911,ATX,80+ Titanium,800 W,Full,
351335,137912,ATX,80+ Gold,550 W,Semi,
351336,137913,ATX,80+ Bronze,550 W,No,Black
351337,137914,ATX,80+ Platinum,750 W,Full,Black
351338,137915,ATX,,900 W,Full,
351339,137916,ATX,80+ Gold,1475 W,Semi,
351340,137917,ATX,,550 W,No,
351341,137918,ATX,80+ Bronze,1200 W,Semi,
351342,137919,ATX,80+ Bronze,600 W,No,
351343,137920,ATX,,700 W,Full,
351344,137921,ATX,80+ Platinum,450 W,No,
351345,137922,ATX,80+ Bronze,600 W,No,
351346,137923,ATX,80+ Gold,600 W,No,
351347,137924,ATX,80+ Bronze,635 W,Semi,
351348,137925,ATX,80+ Bronze,500 W,No,
351349,137926,ATX,,500 W,No,
351350,137927,ATX,80+ Bronze,650 W,No,
351351,137928,ATX,80+ Bronze,500 W,Semi,
351352,137929,ATX,80+ Bronze,625 W,Full,
351353,137930,ATX,80+ Bronze,650 W,Full,
351354,137931,ATX,80+ Gold,550 W,Semi,Black
351355,137932,ATX,80+ Gold,1050 W,Full,
351356,137933,ATX,80+ Bronze,1000 W,Semi,
351357,137934,ATX,80+ Platinum,650 W,Semi,
351358,137935,EPS,,850 W,No,
351359,137936,ATX,80+ Gold,650 W,Full,
351360,137937,ATX,80+ Bronze,850 W,Semi,
351361,137938,ATX,80+ Gold,700 W,Semi,
351362,137939,ATX,80+ Bronze,600 W,No,
351363,137940,ATX,80+ Silver,700 W,No,
351364,137941,ATX,,900 W,No,
351365,137942,ATX,80+ Gold,700 W,Full,
351366,137943,ATX,80+,750 W,No,
351367,137944,ATX,80+ Silver,750 W,Full,
351368,137945,ATX,80+ Gold,560 W,Full,
351369,137946,ATX,80+ Platinum,650 W,Full,
351370,137947,ATX,80+ Bronze,400 W,Semi,
351371,137948,ATX,80+ Gold,650 W,Semi,
351372,137949,ATX,,400 W,No,
351373,137950,ATX,,475 W,No,
351374,137951,ATX,80+ Gold,750 W,Full,
351375,137952,ATX,80+ Silver,400 W,No,
351376,137953,ATX,80+ Gold,900 W,Full,
351377,137954,ATX,80+ Gold,700 W,No,
351378,137955,ATX,,650 W,No,
351379,137956,ATX,80+ Bronze,750 W,No,
351380,137957,ATX,80+ Titanium,1050 W,Full,
351381,137958,ATX,80+ Bronze,600 W,No,
351382,137959,ATX,,300 W,No,
351383,137960,ATX,80+ Bronze,600 W,No,
351384,137961,ATX,,500 W,No,
351385,137962,ATX,80+ Bronze,730 W,No,Black / Red
351386,137963,ATX,80+ Gold,400 W,No,
351387,137964,ATX,,850 W,No,
351388,137965,ATX,80+ Gold,500 W,Semi,
351389,137966,ATX,80+ Silver,700 W,Semi,
351390,137967,ATX,80+ Gold,1050 W,Full,
351391,137968,ATX,80+ Bronze,750 W,Semi,
351392,137969,ATX,80+ Bronze,500 W,No,
351393,137970,ATX,80+ Bronze,1000 W,Full,
351394,137971,ATX,,400 W,No,
351395,137972,ATX,,600 W,Full,
351396,137973,ATX,80+ Bronze,300 W,No,
351397,137974,ATX,,300 W,No,
351398,137975,ATX,80+ Bronze,550 W,No,
351399,137976,ATX,80+,400 W,No,
351400,137977,ATX,80+ Bronze,500 W,Full,Black
351401,137978,ATX,,450 W,No,
351402,137979,ATX,80+ Bronze,875 W,Full,
351403,137980,Mini ITX,,200 W,No,
351404,137981,ATX,,300 W,No,
351405,137982,ATX,80+ Gold,550 W,Semi,
351406,137983,ATX,80+ Bronze,750 W,No,
351407,137984,ATX,80+ Bronze,550 W,No,
351408,137985,ATX,80+ Bronze,750 W,Semi,White / Black
351409,137986,ATX,,700 W,No,
351410,137987,ATX,80+ Bronze,750 W,No,
351411,137988,ATX,80+ Bronze,450 W,No,
351412,137989,ATX,80+ Gold,680 W,Semi,
351413,137990,ATX,80+ Bronze,850 W,Semi,
351414,137991,ATX,80+ Silver,750 W,Semi,
351415,137992,ATX,80+ Bronze,550 W,Semi,
351416,137993,ATX,80+ Bronze,650 W,No,
351417,137994,ATX,80+ Gold,500 W,No,
351418,137995,ATX,,675 W,No,
351419,137996,ATX,80+ Gold,750 W,Full,
351420,137997,ATX,80+ Gold,430 W,Semi,
351421,137998,ATX,80+ Platinum,850 W,Full,
351422,137999,ATX,,480 W,No,
351423,138000,ATX,80+ Gold,500 W,Semi,
351424,138001,ATX,80+ Bronze,450 W,Semi,
351425,138002,ATX,80+ Gold,750 W,No,
351426,138003,ATX,80+ Bronze,430 W,No,
351427,138004,ATX,80+ Gold,1350 W,No,Black
351428,138005,ATX,80+ Bronze,800 W,Semi,
351429,138006,ATX,80+ Gold,500 W,No,
351430,138007,ATX,80+ Gold,650 W,No,
351431,138008,ATX,,600 W,No,
351432,138009,ATX,80+ Gold,550 W,Full,
351433,138010,ATX,80+ Bronze,650 W,Semi,
351434,138011,ATX,,520 W,No,
351435,138012,ATX,80+ Bronze,550 W,No,
351436,138013,ATX,80+ Bronze,525 W,No,
351437,138014,ATX,,380 W,No,
351438,138015,ATX,80+ Bronze,600 W,No,
351439,138016,ATX,80+,1200 W,Full,
351440,138017,ATX,,460 W,No,
351441,138018,ATX,80+ Gold,450 W,No,
351442,138019,ATX,80+ Gold,750 W,Semi,
351443,138020,ATX,80+ Bronze,430 W,No,
351444,138021,ATX,80+,620 W,Semi,
351445,138022,ATX,80+ Bronze,650 W,No,
351446,138023,ATX,80+ Bronze,700 W,Semi,
351447,138024,ATX,,600 W,No,
351448,138025,Micro ATX,,255 W,No,
351449,138026,ATX,80+ Platinum,400 W,No,
351450,138027,ATX,,470 W,No,
351451,138028,ATX,80+,750 W,No,
351452,138029,ATX,80+ Bronze,450 W,No,
351453,138030,ATX,80+ Bronze,650 W,Semi,Black
351454,138031,ATX,80+ Gold,760 W,Full,
351455,138032,ATX,,575 W,No,
351456,138033,ATX,80+ Bronze,550 W,No,
351457,138034,ATX,80+ Gold,650 W,Full,Black
351458,138035,ATX,80+ Bronze,750 W,No,
351459,138036,ATX,80+ Gold,650 W,No,
351460,138037,ATX,80+,550 W,No,
351461,138038,ATX,,600 W,No,
351462,138039,ATX,80+ Gold,550 W,No,
351463,138040,SFX,,350 W,No,
351464,138041,ATX,80+ Bronze,650 W,Semi,
351465,138042,BTX,80+ Titanium,850 W,Full,Black
351466,138043,ATX,80+ Gold,850 W,Full,Black
351467,138044,ATX,80+ Gold,550 W,No,
351468,138045,ATX,80+ Platinum,550 W,No,
351469,138046,ATX,80+ Gold,550 W,Full,
351470,138047,ATX,80+ Gold,850 W,Full,Black
351471,138048,ATX,80+ Gold,450 W,Semi,
351472,138049,EPS,80+ Gold,1300 W,Semi,
351473,138050,ATX,80+ Bronze,700 W,No,
351474,138051,ATX,80+,720 W,Full,
351475,138052,ATX,80+,500 W,No,
351476,138053,ATX,80+ Gold,850 W,Semi,
351477,138054,ATX,80+,460 W,No,
351478,138055,ATX,,500 W,No,
351479,138056,ATX,80+ Bronze,700 W,No,
351480,138057,ATX,80+ Gold,1250 W,Full,
351481,138058,ATX,80+ Platinum,900 W,Full,
351482,138059,ATX,80+ Bronze,550 W,No,
351483,138060,ATX,,350 W,No,
351484,138061,ATX,80+ Bronze,835 W,Semi,
351485,138062,ATX,80+ Gold,750 W,Semi,
351486,138063,ATX,80+ Gold,750 W,Full,
351487,138064,ATX,80+ Bronze,650 W,Semi,
351488,138065,ATX,80+ Bronze,850 W,Semi,
351489,138066,ATX,80+,500 W,No,
351490,138067,ATX,80+ Gold,650 W,No,
351491,138068,ATX,80+ Bronze,650 W,Full,
351492,138069,ATX,80+ Silver,850 W,Semi,
351493,138070,ATX,80+ Gold,500 W,No,
351494,138071,ATX,,700 W,No,
351495,138072,ATX,80+ Gold,1200 W,Full,
351496,138073,ATX,80+ Bronze,850 W,Full,
351497,138074,ATX,80+ Gold,650 W,No,
351498,138075,ATX,80+,400 W,No,
351499,138076,ATX,,450 W,No,
351500,138077,ATX,80+ Bronze,750 W,Semi,
351501,138078,ATX,80+ Platinum,500 W,Semi,
351502,138079,SFX,80+ Bronze,450 W,No,Black
351503,138080,ATX,80+ Gold,650 W,No,
351504,138081,ATX,80+ Gold,650 W,No,
351505,138082,ATX,80+,430 W,No,
351506,138083,ATX,,500 W,No,
351507,138084,ATX,80+ Platinum,550 W,Full,
351508,138085,ATX,80+ Gold,1800 W,No,Black
351509,138086,ATX,80+ Platinum,600 W,Semi,
351510,138087,SFX,,250 W,No,
351511,138088,ATX,,450 W,No,
351512,138089,ATX,,600 W,No,
351513,138090,ATX,80+ Bronze,400 W,No,
351514,138091,ATX,80+ Gold,1000 W,Full,
351515,138092,ATX,80+ Gold,700 W,No,
351516,138093,ATX,80+ Platinum,600 W,Semi,
351517,138094,ATX,,550 W,No,
351518,138095,ATX,,400 W,No,
351519,138096,ATX,80+ Gold,650 W,Semi,
351520,138097,ATX,80+ Silver,850 W,Semi,
351521,138098,ATX,80+ Gold,550 W,No,
351522,138099,ATX,80+ Gold,400 W,No,
351523,138100,ATX,80+ Bronze,650 W,No,
351524,138101,ATX,80+ Platinum,1000 W,Semi,
351525,138102,ATX,80+ Gold,650 W,Semi,
351526,138103,ATX,80+ Gold,550 W,Semi,
351527,138104,ATX,80+ Gold,850 W,Full,
351528,138105,ATX,80+ Bronze,760 W,No,
351529,138106,ATX,80+,900 W,Full,
351530,138107,ATX,80+ Bronze,1000 W,Full,
351531,138108,ATX,80+ Bronze,300 W,No,
351532,138109,BTX,,650 W,No,
351533,138110,ATX,80+ Platinum,500 W,Semi,
351534,138111,ATX,80+ Platinum,1000 W,Full,
351535,138112,ATX,80+ Gold,850 W,Full,
351536,138113,ATX,80+ Bronze,550 W,No,
351537,138114,ATX,80+ Platinum,550 W,Full,
351538,138115,ATX,80+ Bronze,600 W,No,
351539,138116,TFX,80+ Gold,300 W,No,
351540,138117,ATX,80+ Bronze,700 W,Semi,
351541,138118,ATX,,450 W,No,
351542,138119,ATX,80+,430 W,No,
351543,138120,ATX,80+ Gold,700 W,No,
351544,138121,ATX,80+ Gold,550 W,Semi,
351545,138122,ATX,80+ Platinum,850 W,Full,
351546,138123,ATX,80+ Platinum,1275 W,Semi,
351547,138124,ATX,80+ Gold,650 W,Semi,
351548,138125,ATX,80+ Bronze,750 W,Semi,
351549,138126,ATX,80+,500 W,No,
351550,138127,ATX,80+,400 W,No,
351551,138128,ATX,,750 W,No,
351552,138129,ATX,,580 W,No,
351553,138130,ATX,,750 W,Semi,
351554,138131,ATX,80+,800 W,No,
351555,138132,ATX,80+,700 W,No,
351556,138133,ATX,80+ Gold,1000 W,Semi,
351557,138134,ATX,80+ Bronze,650 W,No,
351558,138135,ATX,80+ Bronze,575 W,Full,
351559,138136,ATX,80+,1200 W,Semi,
351560,138137,ATX,80+,500 W,No,
351561,138138,ATX,80+ Bronze,380 W,No,
351562,138139,ATX,80+ Bronze,350 W,No,
351563,138140,ATX,,400 W,No,
351564,138141,ATX,80+ Silver,600 W,No,
351565,138142,ATX,80+ Gold,500 W,No,
351566,138143,ATX,80+ Bronze,750 W,No,
351567,138144,ATX,80+ Bronze,1000 W,Semi,
351568,138145,ATX,80+ Bronze,850 W,No,Black
351569,138146,ATX,80+ Bronze,450 W,Semi,
351570,138147,ATX,,450 W,No,
351571,138148,ATX,80+ Gold,450 W,No,
351572,138149,ATX,80+ Gold,650 W,Semi,
351573,138150,ATX,80+ Platinum,1000 W,Semi,
351574,138151,ATX,80+,860 W,No,
351575,138152,ATX,80+ Gold,1000 W,Semi,
351576,138153,ATX,80+ Bronze,500 W,No,
351577,138154,ATX,80+ Gold,1200 W,No,
351578,138155,ATX,80+ Gold,1000 W,Full,
351579,138156,ATX,80+ Silver,450 W,No,
351580,138157,ATX,80+ Platinum,450 W,Semi,
351581,138158,ATX,80+ Bronze,750 W,Full,
351582,138159,ATX,80+ Bronze,550 W,Full,
351583,138160,ATX,80+ Bronze,450 W,Semi,
351584,138161,ATX,80+,500 W,No,
351585,138162,ATX,80+,400 W,No,
351586,138163,ATX,80+ Bronze,1200 W,Full,
351587,138164,ATX,,480 W,No,
351588,138165,ATX,80+ Bronze,750 W,No,
351589,138166,ATX,80+ Gold,650 W,Semi,
351590,138167,ATX,80+ Bronze,830 W,No,Black / Red
351591,138168,ATX,80+,650 W,No,
351592,138169,ATX,80+ Gold,1000 W,Full,
351593,138170,ATX,80+ Silver,700 W,No,
351594,138171,ATX,80+ Gold,850 W,Semi,
351595,138172,ATX,80+ Platinum,500 W,Semi,
351596,138173,ATX,80+ Gold,850 W,Semi,Black / Red
351597,138174,ATX,80+ Gold,750 W,No,
351598,138175,BTX,,750 W,No,
351599,138176,ATX,80+ Bronze,600 W,No,Gray
351600,138177,SFX,80+ Gold,700 W,Full,Black
351601,138178,ATX,80+ Bronze,450 W,No,
351602,138179,ATX,,350 W,No,
351603,138180,ATX,80+ Bronze,850 W,No,
351604,138181,ATX,,500 W,No,
351605,138182,ATX,,550 W,No,
351606,138183,ATX,80+ Gold,550 W,No,
351607,138184,ATX,80+,500 W,No,
351608,138185,ATX,80+ Gold,630 W,Semi,
351609,138186,ATX,80+ Gold,530 W,Semi,
351610,138187,ATX,80+ Bronze,550 W,Full,
351611,138188,ATX,80+ Bronze,850 W,Full,
351612,138189,ATX,80+ Platinum,1250 W,Semi,
351613,138190,ATX,80+ Gold,650 W,Semi,
351614,138191,ATX,80+ Gold,850 W,Full,
351615,138192,ATX,80+ Gold,1200 W,No,
351616,138193,ATX,80+ Bronze,750 W,Full,
351617,138194,ATX,,680 W,No,
351618,138195,ATX,,450 W,No,
351619,138196,ATX,,400 W,No,
351620,138197,ATX,,460 W,No,
351621,138198,ATX,,950 W,Full,
351622,138199,Micro ATX,,250 W,No,
351623,138200,ATX,80+ Gold,1200 W,Full,
351624,138201,ATX,,500 W,No,
351625,138202,ATX,,750 W,Full,
351626,138203,SFX,80+,300 W,No,
351627,138204,ATX,80+ Gold,730 W,Semi,
351628,138205,ATX,80+ Platinum,1000 W,Semi,Black
351629,138206,ATX,80+ Bronze,650 W,Semi,
351630,138207,ATX,80+ Gold,550 W,No,
351631,138208,ATX,,750 W,No,
351632,138209,ATX,80+ Gold,400 W,Semi,
351633,138210,ATX,80+ Titanium,1250 W,Full,
351634,138211,ATX,80+ Gold,1000 W,Full,
351635,138212,ATX,80+ Bronze,1200 W,Semi,
351636,138213,ATX,80+ Platinum,750 W,No,
351637,138214,ATX,,350 W,No,
351638,138215,ATX,80+ Gold,750 W,Semi,
351639,138216,ATX,,500 W,No,
351640,138217,ATX,80+ Bronze,750 W,Semi,
351641,138218,ATX,,750 W,No,
351642,138219,ATX,80+ Platinum,1375 W,Full,
351643,138220,ATX,80+ Bronze,650 W,No,
351644,138221,ATX,,680 W,No,
351645,138222,ATX,80+ Gold,850 W,No,
351646,138223,ATX,,1200 W,No,
351647,138224,ATX,80+ Gold,850 W,Full,
351648,138225,ATX,80+ Gold,650 W,Full,
351649,138226,ATX,,300 W,No,
351650,138227,ATX,80+ Gold,1000 W,No,
351651,138228,ATX,80+ Bronze,500 W,Semi,Black / Blue
351652,138229,ATX,80+ Bronze,650 W,No,
351653,138230,ATX,80+,750 W,No,
351654,138231,ATX,80+ Bronze,1000 W,No,
351655,138232,ATX,80+ Bronze,560 W,No,
351656,138233,ATX,,600 W,Semi,
351657,138234,ATX,80+ Bronze,550 W,No,
351658,138235,ATX,80+ Platinum,1000 W,Full,
351659,138236,ATX,,500 W,No,
351660,138237,ATX,80+ Gold,1000 W,Full,Black
351661,138238,ATX,80+ Platinum,750 W,Semi,
351662,138239,ATX,80+ Silver,850 W,Full,
351663,138240,ATX,80+ Silver,1050 W,Full,
351664,138241,ATX,80+ Bronze,550 W,No,
351665,138242,ATX,80+ Platinum,1050 W,Full,
351666,138243,ATX,80+ Bronze,550 W,Semi,
351667,138244,ATX,,600 W,No,
351668,138245,ATX,,400 W,No,
351669,138246,ATX,80+ Bronze,550 W,No,
351670,138247,ATX,80+ Silver,1200 W,Semi,
351671,138248,ATX,,600 W,No,
351672,138249,ATX,80+ Silver,800 W,No,
351673,138250,ATX,,500 W,No,
351674,138251,ATX,80+,350 W,No,
351675,138252,ATX,80+ Bronze,1000 W,Semi,
351676,138253,ATX,80+ Gold,800 W,Full,
351677,138254,ATX,80+ Gold,600 W,No,
351678,138255,ATX,,500 W,No,
351679,138256,ATX,80+,430 W,No,
351680,138257,ATX,80+,850 W,No,
351681,138258,ATX,,750 W,Full,
351682,138259,ATX,,800 W,No,
351683,138260,ATX,80+ Gold,750 W,Full,
351684,138261,ATX,80+ Bronze,750 W,No,
351685,138262,ATX,80+ Bronze,675 W,Semi,
351686,138263,ATX,80+,1000 W,Semi,
351687,138264,ATX,80+ Bronze,650 W,Full,
351688,138265,ATX,80+ Bronze,650 W,Full,
351689,138266,ATX,80+,1000 W,Full,
351690,138267,ATX,80+ Platinum,750 W,Full,
351691,138268,ATX,80+ Bronze,550 W,No,
351692,138269,ATX,,400 W,No,
351693,138270,ATX,80+ Bronze,750 W,No,
351694,138271,ATX,80+,750 W,No,
351695,138272,ATX,80+ Bronze,850 W,Semi,
351696,138273,TFX,,300 W,No,
351697,138274,ATX,80+ Gold,550 W,Semi,
351698,138275,ATX,80+ Bronze,700 W,No,
351699,138276,ATX,80+ Gold,850 W,Full,
351700,138277,ATX,,750 W,No,
351701,138278,ATX,,680 W,No,
351702,138279,ATX,,700 W,Semi,
351703,138280,ATX,80+ Silver,1000 W,Full,
351704,138281,ATX,,850 W,No,
351705,138282,ATX,80+ Bronze,1000 W,Semi,
351706,138283,BTX,80+ Bronze,1220 W,Full,
351707,138284,ATX,80+ Titanium,700 W,Semi,Black
351708,138285,ATX,80+ Bronze,550 W,No,
351709,138286,ATX,,350 W,No,
351710,138287,ATX,,350 W,No,
351711,138288,ATX,80+ Bronze,550 W,Full,
351712,138289,ATX,80+ Platinum,550 W,Semi,
351713,138290,ATX,,350 W,No,
351714,138291,ATX,,300 W,No,
351715,138292,ATX,80+ Gold,650 W,No,
351716,138293,ATX,,700 W,No,
351717,138294,ATX,,500 W,Full,
351718,138295,ATX,80+,450 W,No,
351719,138296,ATX,,1000 W,No,
351720,138297,ATX,80+ Bronze,550 W,No,
351721,138298,ATX,80+ Gold,1300 W,Full,
351722,138299,TFX,80+,300 W,No,
351723,138300,TFX,80+ Gold,350 W,Full,
351724,138301,ATX,,600 W,No,
351725,138302,ATX,80+ Gold,650 W,Full,Black
351726,138303,ATX,80+ Gold,750 W,Full,Black
351727,138304,ATX,80+ Bronze,350 W,No,
351728,138305,ATX,80+ Bronze,900 W,Semi,
351729,138306,ATX,,350 W,No,
351730,138307,ATX,80+ Platinum,1200 W,Semi,
351731,138308,Flex ATX,80+ Bronze,300 W,No,
351732,138309,ATX,,585 W,No,Black
351733,138310,ATX,80+ Silver,1500 W,Semi,
351734,138311,ATX,80+ Platinum,1200 W,Full,
351735,138312,ATX,80+ Gold,1200 W,Full,
351736,138313,ATX,80+ Gold,650 W,Full,
351737,138314,ATX,80+ Silver,1200 W,Full,
351738,138315,ATX,80+ Gold,850 W,Semi,
351739,138316,ATX,,700 W,No,
351740,138317,ATX,,500 W,No,
351741,138318,ATX,,680 W,No,
351742,138319,ATX,,650 W,No,
351743,138320,ATX,80+ Gold,1050 W,Full,
351744,138321,ATX,,300 W,No,
351745,138322,ATX,,650 W,No,
351746,138323,Micro ATX,,300 W,No,
351747,138324,ATX,80+ Bronze,750 W,Full,
351748,138325,ATX,80+ Gold,500 W,No,
351749,138326,ATX,80+,650 W,Full,
351750,138327,ATX,80+ Silver,1000 W,Full,
351751,138328,ATX,80+ Silver,850 W,Full,
351752,138329,ATX,80+ Platinum,750 W,Semi,
351753,138330,ATX,80+ Silver,750 W,No,
351754,138331,ATX,,400 W,No,
351755,138332,ATX,80+ Gold,1200 W,Semi,
351756,138333,ATX,80+ Bronze,530 W,No,
351757,138334,ATX,80+ Gold,1000 W,No,
351758,138335,ATX,,500 W,No,
351759,138336,ATX,80+ Gold,1500 W,Full,
351760,138337,ATX,80+ Silver,1350 W,Full,
351761,138338,ATX,80+ Bronze,650 W,No,
351762,138339,ATX,,1000 W,No,
351763,138340,ATX,80+ Bronze,650 W,Semi,
351764,138341,ATX,,550 W,No,
351765,138342,ATX,80+ Gold,850 W,Full,
351766,138343,ATX,,400 W,No,
351767,138344,ATX,80+ Platinum,750 W,No,
351768,138345,ATX,80+ Platinum,550 W,No,
351769,138346,ATX,80+ Bronze,400 W,No,
351770,138347,ATX,,450 W,No,
351771,138348,ATX,,1250 W,No,
351772,138349,ATX,80+ Bronze,530 W,No,
351773,138350,ATX,,500 W,No,
351774,138351,ATX,80+ Gold,650 W,Full,
351775,138352,ATX,80+ Platinum,850 W,Semi,
351776,138353,ATX,,950 W,Semi,
351777,138354,ATX,80+ Gold,1050 W,Semi,
351778,138355,ATX,80+ Gold,1200 W,Semi,
351779,138356,ATX,80+ Gold,1200 W,Full,Black / Red
351780,138357,ATX,80+ Gold,1250 W,Full,
351781,138358,ATX,80+ Bronze,850 W,Semi,Black
351782,138359,ATX,80+ Gold,650 W,No,
351783,138360,ATX,80+ Gold,1050 W,No,
351784,138361,ATX,,1200 W,No,
351785,138362,ATX,80+ Gold,500 W,Semi,
351786,138363,TFX,80+ Gold,300 W,No,
351787,138364,ATX,80+ Gold,600 W,No,
351788,138365,ATX,80+ Gold,750 W,Semi,
351789,138366,ATX,80+ Bronze,450 W,Semi,
351790,138367,ATX,,450 W,No,
351791,138368,ATX,80+ Gold,650 W,No,
351792,138369,ATX,80+ Gold,550 W,Semi,
351793,138370,ATX,,600 W,Full,
351794,138371,ATX,80+,650 W,No,
351795,138372,ATX,80+ Gold,650 W,Full,
351796,138373,ATX,80+,550 W,No,
351797,138374,ATX,,775 W,No,
351798,138375,ATX,80+ Bronze,650 W,Semi,
351799,138376,ATX,80+ Bronze,550 W,Semi,
351800,138377,ATX,,350 W,No,
351801,138378,ATX,80+ Gold,500 W,No,
351802,138379,ATX,80+ Gold,700 W,Semi,
351803,138380,ATX,,650 W,No,
351804,138381,TFX,80+ Bronze,300 W,No,
351805,138382,ATX,80+ Platinum,850 W,Semi,
351806,138383,ATX,,600 W,No,
351807,138384,ATX,80+ Gold,550 W,Semi,
351808,138385,ATX,80+ Bronze,1000 W,Semi,
351809,138386,ATX,80+ Gold,850 W,Full,
351810,138387,ATX,80+ Gold,1375 W,Semi,
351811,138388,ATX,80+ Gold,700 W,Semi,
351812,138389,ATX,80+ Gold,750 W,Semi,
351813,138390,ATX,80+ Gold,850 W,Semi,
351814,138391,ATX,80+ Gold,750 W,Semi,
351815,138392,ATX,80+ Gold,650 W,Semi,
351816,138393,ATX,80+ Gold,1200 W,Full,
351817,138394,ATX,,680 W,Full,
351818,138395,ATX,,680 W,No,
351819,138396,ATX,80+ Bronze,850 W,Semi,
351820,138397,ATX,80+,600 W,No,
351821,138398,ATX,80+ Silver,1200 W,Full,
351822,138399,ATX,,500 W,No,
351823,138400,ATX,,680 W,No,
351824,138401,ATX,,450 W,No,
351825,138402,Mini ITX,,200 W,No,
351826,138403,ATX,,600 W,No,
351827,138404,ATX,,1080 W,Full,
351828,138405,ATX,80+ Bronze,750 W,No,
351829,138406,ATX,,500 W,No,
351830,138407,ATX,,700 W,No,
351831,138408,ATX,,700 W,Full,
351832,138409,ATX,80+ Bronze,1000 W,No,
351833,138410,ATX,80+,400 W,No,
351834,138411,ATX,80+ Silver,1020 W,Full,
351835,138412,ATX,80+ Bronze,800 W,Full,
351836,138413,ATX,,700 W,No,
351837,138414,ATX,,1000 W,No,
351838,138415,ATX,80+,400 W,No,
351839,138416,ATX,80+ Gold,1000 W,Semi,
351840,138417,ATX,,580 W,No,
351841,138418,ATX,80+ Bronze,660 W,Full,
351842,138419,SFX,80+,350 W,No,
351843,138420,ATX,80+ Bronze,700 W,Semi,
351844,138421,ATX,80+ Bronze,1000 W,Semi,
351845,138422,ATX,80+,400 W,No,
351846,138423,ATX,80+ Gold,1000 W,Semi,
351847,138424,ATX,,400 W,No,
351848,138425,ATX,80+,400 W,No,
351849,138426,ATX,80+,400 W,No,
351850,138427,BTX,80+ Platinum,500 W,Semi,
351851,138428,ATX,80+ Bronze,550 W,Semi,
351852,138429,ATX,,600 W,No,
351853,138430,ATX,80+,1200 W,Full,
351854,138431,ATX,,650 W,No,
351855,138432,ATX,,750 W,No,
351856,138433,ATX,80+ Gold,700 W,No,
351857,138434,ATX,80+ Platinum,450 W,No,
351858,138435,ATX,,800 W,Full,
351859,138436,ATX,,880 W,No,
351860,138437,ATX,,500 W,No,
351861,138438,ATX,,450 W,No,
351862,138439,ATX,,500 W,No,
351863,138440,ATX,80+ Platinum,1000 W,Semi,
351864,138441,ATX,,460 W,No,
351865,138442,ATX,80+ Bronze,650 W,Semi,Black
351866,138443,ATX,80+ Platinum,650 W,No,
351867,138444,ATX,,450 W,No,
351868,138445,EPS,80+,610 W,No,
351869,138446,ATX,80+ Bronze,850 W,Semi,
351870,138447,ATX,80+ Gold,1000 W,Full,
351871,138448,ATX,80+ Silver,760 W,No,
351872,138449,ATX,,850 W,No,
351873,138450,ATX,80+ Bronze,750 W,No,
351874,138451,ATX,,300 W,No,
351875,138452,SFX,80+ Gold,550 W,Full,
351876,138453,ATX,80+,600 W,No,
351877,138454,ATX,80+ Bronze,800 W,Full,
351878,138455,ATX,,500 W,No,
351879,138456,ATX,80+ Gold,500 W,No,
351880,138457,ATX,,600 W,No,
351881,138458,ATX,80+ Platinum,550 W,Semi,
351882,138459,ATX,80+,850 W,Full,
351883,138460,ATX,80+ Gold,500 W,No,
351884,138461,ATX,80+ Bronze,300 W,No,
351885,138462,ATX,80+ Bronze,500 W,No,
351886,138463,ATX,80+ Gold,500 W,No,
351887,138464,ATX,80+ Bronze,750 W,Full,
351888,138465,ATX,,500 W,No,Black / Green
351889,138466,ATX,80+ Gold,500 W,No,
351890,138467,ATX,,400 W,No,
351891,138468,ATX,,500 W,No,
351892,138469,ATX,80+ Bronze,450 W,No,
351893,138470,ATX,80+ Bronze,650 W,Semi,
351894,138471,ATX,80+ Gold,750 W,Full,Black
351895,138472,ATX,80+ Gold,900 W,Semi,
351896,138473,ATX,80+ Gold,650 W,No,
351897,138474,ATX,,500 W,No,
351898,138475,ATX,80+ Gold,450 W,Full,
351899,138476,ATX,,500 W,Full,
351900,138477,ATX,80+ Gold,800 W,Full,
351901,138478,SFX,,300 W,No,
351902,138479,ATX,80+ Bronze,700 W,No,
351903,138480,ATX,80+ Bronze,660 W,No,Black
351904,138481,ATX,80+ Bronze,400 W,No,
351905,138482,ATX,80+ Gold,1000 W,No,
351906,138483,ATX,80+ Gold,1000 W,Full,
351907,138484,ATX,80+ Gold,800 W,Semi,
351908,138485,ATX,80+ Platinum,550 W,Semi,
351909,138486,SFX,80+ Bronze,400 W,No,
351910,138487,ATX,,500 W,No,
351911,138488,ATX,80+ Gold,900 W,Semi,
351912,138489,ATX,80+ Bronze,650 W,No,
351913,138490,ATX,,1000 W,Semi,
351914,138491,ATX,80+,1200 W,Semi,
351915,138492,ATX,80+ Bronze,1200 W,Semi,
351916,138493,ATX,80+ Gold,1000 W,Full,
351917,138494,ATX,80+ Gold,1000 W,Semi,
351918,138495,ATX,80+ Gold,650 W,Semi,
351919,138496,ATX,80+ Bronze,650 W,No,
351920,138497,SFX,80+ Bronze,300 W,No,
351921,138498,ATX,80+ Platinum,1050 W,Full,
351922,138499,ATX,80+ Platinum,1050 W,Full,
351923,138500,ATX,,600 W,No,
351924,138501,ATX,,500 W,No,
351925,138502,ATX,,350 W,No,
351926,138503,ATX,,485 W,No,
351927,138504,ATX,,585 W,No,
351928,138505,ATX,,585 W,No,
351929,138506,ATX,,600 W,Semi,
351930,138507,ATX,,350 W,No,
351931,138508,ATX,,450 W,No,
351932,138509,ATX,80+,550 W,No,
351933,138510,ATX,,650 W,Semi,
351934,138511,ATX,,650 W,No,
351935,138512,ATX,80+ Bronze,800 W,No,
351936,138513,ATX,,850 W,Semi,
351937,138514,ATX,,400 W,No,
351938,138515,ATX,,600 W,No,
351939,138516,ATX,80+ Bronze,1250 W,Semi,
351940,138517,ATX,80+,1200 W,Full,
351941,138518,ATX,80+,1000 W,No,
351942,138519,ATX,80+ Silver,920 W,Full,
351943,138520,ATX,80+ Gold,750 W,No,
351944,138521,ATX,,300 W,No,
351945,138522,ATX,,400 W,No,
351946,138523,ATX,,450 W,No,
351947,138524,ATX,,500 W,No,
351948,138525,ATX,,350 W,No,
351949,138526,ATX,80+ Silver,1350 W,Semi,
351950,138527,ATX,80+ Bronze,1000 W,Full,
351951,138528,ATX,,550 W,Full,
351952,138529,ATX,80+ Gold,750 W,Full,
351953,138530,ATX,80+ Bronze,770 W,Full,
351954,138531,ATX,80+,900 W,Semi,
351955,138532,ATX,80+ Bronze,850 W,Semi,
351956,138533,ATX,80+ Platinum,850 W,Semi,
351957,138534,ATX,80+ Platinum,650 W,Semi,
351958,138535,ATX,,650 W,No,
351959,138536,ATX,80+ Platinum,550 W,No,
351960,138537,SFX,80+ Bronze,300 W,No,Silver
351961,138538,ATX,80+,1000 W,No,
351962,138539,ATX,,450 W,No,
351963,138540,ATX,80+ Gold,750 W,Full,
351964,138541,ATX,,300 W,No,
351965,138542,ATX,80+ Gold,850 W,No,
351966,138543,ATX,,350 W,No,
351967,138544,ATX,80+ Silver,700 W,No,
351968,138545,ATX,80+ Bronze,1000 W,Full,
351969,138546,ATX,,400 W,No,
351970,138547,ATX,,500 W,No,
351971,138548,ATX,80+ Gold,1200 W,Full,
351972,138549,ATX,80+,550 W,No,Black / Multicolor
351973,138550,ATX,80+,500 W,No,
351974,138551,ATX,80+,600 W,No,
351975,138552,ATX,,550 W,No,
351976,138553,EPS,80+,950 W,No,
351977,138554,ATX,,300 W,No,
351978,138555,ATX,,600 W,No,
351979,138556,ATX,80+ Bronze,700 W,Full,
351980,138557,ATX,80+ Bronze,1000 W,Full,
351981,138558,ATX,,1100 W,No,
351982,138559,ATX,,550 W,No,
351983,138560,ATX,,1080 W,No,
351984,138561,ATX,80+,430 W,No,
351985,138562,ATX,,450 W,No,
351986,138563,ATX,,350 W,No,
351987,138564,ATX,80+ Bronze,1000 W,Full,
351988,138565,ATX,,550 W,No,
351989,138566,ATX,80+ Platinum,750 W,Semi,
351990,138567,ATX,80+ Bronze,550 W,Semi,Black
351991,138568,ATX,80+ Bronze,1000 W,Semi,Black
351992,138569,ATX,80+ Gold,550 W,Full,
351993,138570,BTX,80+ Bronze,1000 W,Semi,
351994,138571,ATX,80+ Gold,700 W,Full,
351995,138572,ATX,,1000 W,No,
351996,138573,ATX,,850 W,Semi,
351997,138574,ATX,80+ Gold,850 W,Semi,
351998,138575,ATX,,450 W,No,
351999,138576,ATX,,400 W,No,
352000,138577,ATX,,550 W,No,
352001,138578,ATX,80+ Bronze,400 W,Semi,
352002,138579,ATX,80+ Bronze,400 W,No,
352003,138580,ATX,80+ Bronze,750 W,Semi,
352004,138581,ATX,,580 W,No,
352005,138582,ATX,80+ Silver,500 W,No,
352006,138583,ATX,80+ Bronze,750 W,Full,
352007,138584,ATX,80+ Bronze,650 W,Full,
352008,138585,ATX,80+ Gold,1000 W,Full,Black
352009,138586,ATX,80+ Bronze,1200 W,Semi,
352010,138587,ATX,,660 W,Full,
352011,138588,ATX,80+ Bronze,550 W,Semi,
352012,138589,ATX,80+ Gold,1000 W,Semi,
352013,138590,ATX,80+ Bronze,750 W,Full,
352014,138591,Mini ITX,80+ Bronze,350 W,No,
352015,138592,ATX,80+ Platinum,850 W,Full,
352016,138593,ATX,,300 W,No,
352017,138594,ATX,,480 W,No,
352018,138595,ATX,,500 W,No,
352019,138596,ATX,,500 W,Full,
352020,138597,ATX,,600 W,No,
352021,138598,ATX,80+ Gold,1000 W,Full,
352022,138599,ATX,80+ Gold,1050 W,Full,
352023,138600,ATX,80+ Gold,1000 W,Full,Black
352024,138601,ATX,80+,700 W,Semi,
352025,138602,ATX,80+ Gold,650 W,Full,
352026,138603,ATX,80+ Gold,550 W,Full,
352027,138604,ATX,80+ Gold,650 W,Full,
352028,138605,ATX,80+ Gold,750 W,Full,
352029,138606,ATX,,550 W,No,
352030,138607,ATX,,400 W,No,
352031,138608,ATX,,500 W,No,
352032,138609,ATX,,630 W,No,
352033,138610,ATX,80+ Bronze,700 W,No,
352034,138611,ATX,80+ Gold,1000 W,Full,
352035,138612,ATX,80+ Gold,850 W,Full,
352036,138613,ATX,,575 W,No,
352037,138614,ATX,,500 W,No,
352038,138615,ATX,80+ Silver,1000 W,Semi,
352039,138616,ATX,80+ Gold,1050 W,Full,
352040,138617,ATX,80+ Bronze,600 W,Semi,Black / Blue
352041,138618,ATX,80+ Gold,600 W,Semi,
352042,138619,ATX,80+,700 W,No,
352043,138620,TFX,80+ Bronze,300 W,No,
352044,138621,ATX,80+ Bronze,550 W,No,
352045,138622,ATX,80+ Platinum,750 W,Semi,
352046,138623,ATX,80+ Platinum,1000 W,Semi,
352047,138624,Mini ITX,,200 W,No,
352048,138625,ATX,80+ Bronze,750 W,No,
352049,138626,ATX,80+ Gold,1000 W,Full,
352050,138627,ATX,,750 W,No,
352051,138628,ATX,80+,1200 W,Full,
352052,138629,ATX,,500 W,No,
352053,138630,ATX,,780 W,Full,
352054,138631,ATX,80+,750 W,No,
352055,138632,ATX,80+ Bronze,750 W,No,
352056,138633,ATX,80+ Gold,1200 W,Full,
352057,138634,ATX,80+ Gold,1000 W,Full,
352058,138635,ATX,,485 W,No,
352059,138636,ATX,,585 W,No,
352060,138637,ATX,,600 W,No,
352061,138638,ATX,,650 W,No,
352062,138639,ATX,,400 W,No,
352063,138640,ATX,,450 W,No,
352064,138641,ATX,80+ Bronze,700 W,Semi,
352065,138642,ATX,,550 W,Full,
352066,138643,ATX,80+ Bronze,800 W,Semi,
352067,138644,ATX,80+,1350 W,No,
352068,138645,ATX,,450 W,No,
352069,138646,ATX,80+ Gold,650 W,No,
352070,138647,ATX,80+,1000 W,No,
352071,138648,ATX,,850 W,No,
352072,138649,ATX,,450 W,No,
352073,138650,ATX,80+ Bronze,600 W,No,
352074,138651,ATX,,580 W,No,
352075,138652,ATX,,680 W,No,
352076,138653,ATX,,650 W,Full,
352077,138654,ATX,80+ Gold,1200 W,Full,
352078,138655,ATX,80+ Gold,850 W,Semi,
352079,138656,ATX,80+ Bronze,550 W,No,
352080,138657,ATX,80+ Bronze,650 W,No,
352081,138658,ATX,,550 W,Full,
352082,138659,ATX,80+ Gold,1000 W,Semi,
352083,138660,ATX,,610 W,No,
352084,138661,ATX,,550 W,No,
352085,138662,ATX,,850 W,No,
352086,138663,ATX,80+ Bronze,800 W,Full,
352087,138664,ATX,80+ Bronze,700 W,No,
352088,138665,ATX,,850 W,No,
352089,138666,ATX,,850 W,No,
352090,138667,ATX,80+,600 W,Full,
352091,138668,ATX,,400 W,No,
352092,138669,ATX,,350 W,No,
352093,138670,ATX,,400 W,No,
352094,138671,ATX,,400 W,No,
352095,138672,ATX,80+ Bronze,530 W,No,
352096,138673,ATX,80+ Bronze,430 W,No,
352097,138674,ATX,,450 W,No,
352098,138675,ATX,,550 W,No,
352099,138676,ATX,80+ Gold,850 W,Semi,
352100,138677,ATX,80+,1200 W,No,
352101,138678,ATX,80+ Platinum,1000 W,Semi,
352102,138679,ATX,80+,550 W,Full,
352103,138680,ATX,80+,650 W,Full,
352104,138681,ATX,80+,1000 W,No,
352105,138682,ATX,80+,800 W,No,
352106,138683,ATX,80+,750 W,Full,
352107,138684,ATX,,1050 W,No,
352108,138685,ATX,80+ Gold,850 W,Full,
352109,138686,ATX,,730 W,No,
352110,138687,ATX,,650 W,No,
352111,138688,ATX,,1000 W,No,
352112,138689,ATX,80+ Bronze,850 W,No,
352113,138690,TFX,80+,300 W,No,
352114,138691,ATX,80+,500 W,Full,
352115,138692,ATX,80+ Bronze,400 W,No,
352116,138693,ATX,80+ Gold,1000 W,Full,
352117,138694,ATX,80+ Gold,1200 W,Full,
352118,138695,ATX,,550 W,No,
352119,138696,ATX,80+,850 W,Full,
352120,138697,ATX,,550 W,No,
352121,138698,ATX,80+ Platinum,650 W,Semi,
352122,138699,ATX,80+ Gold,600 W,No,
352123,138700,ATX,80+,1000 W,Semi,
352124,138701,ATX,,480 W,No,
352125,138702,ATX,80+,850 W,No,
352126,138703,ATX,80+ Gold,850 W,Full,
352127,138704,ATX,80+ Gold,750 W,Semi,
